source_document_id,edge_evidence_rows,unique_directed_edges,supplier_nodes,customer_nodes,first_publication,last_publication,relationship_mentions,explicit_name_mentions,source_provenance_complete
1200544761,,,,,,,10,0,True
1200566737,,,,,,,10,0,True
1200567067,,,,,,,10,10,True
1200581191,,,,,,,10,10,True
1200585366,,,,,,,10,0,True
1200586951,,,,,,,10,5,True
1200591117,,,,,,,9,0,True
1200594610,,,,,,,5,5,True
1200596731,,,,,,,10,0,True
1200596871,,,,,,,10,10,True
1200597738,,,,,,,10,0,True
1200602673,,,,,,,10,0,True
1200604166,,,,,,,10,0,True
1200606472,,,,,,,10,10,True
1200606746,,,,,,,7,0,True
1200612995,,,,,,,10,0,True
1200613059,,,,,,,10,10,True
1200613070,,,,,,,10,0,True
1200613835,,,,,,,5,5,True
1200614237,,,,,,,10,0,True
1200614376,,,,,,,8,8,True
1200615904,,,,,,,10,10,True
1200622264,,,,,,,10,0,True
1200623706,,,,,,,8,8,True
1200624186,,,,,,,10,10,True
1200625594,,,,,,,10,0,True
1200625927,,,,,,,10,0,True
1200626071,,,,,,,10,0,True
1200626287,,,,,,,6,0,True
1200626536,,,,,,,10,10,True
1200629032,,,,,,,10,0,True
1200629074,,,,,,,10,0,True
1200629718,,,,,,,8,8,True
1200630045,,,,,,,10,0,True
1200632313,1.0,1.0,1.0,1.0,2015-02-13 16:00:00+00:00,2015-02-13 16:00:00+00:00,11,11,True
1200632857,,,,,,,5,5,True
1200632964,1.0,1.0,1.0,1.0,2015-02-13 16:00:00+00:00,2015-02-13 16:00:00+00:00,10,10,True
1200633065,,,,,,,10,0,True
1200633232,,,,,,,10,10,True
1200633423,,,,,,,7,0,True
1200633785,,,,,,,10,0,True
1200633910,,,,,,,8,0,True
1200636169,,,,,,,7,7,True
1200636541,,,,,,,10,10,True
1200636592,,,,,,,10,0,True
1200636609,,,,,,,10,0,True
1200636732,,,,,,,6,1,True
1200637226,,,,,,,8,0,True
1200637350,,,,,,,10,0,True
1200637803,,,,,,,10,5,True
1200639156,,,,,,,10,10,True
1200643873,,,,,,,10,0,True
1200643948,,,,,,,10,10,True
1200644044,,,,,,,10,0,True
1200644230,,,,,,,4,0,True
1200644360,,,,,,,10,10,True
1200644411,,,,,,,7,0,True
1200644477,,,,,,,9,0,True
1200644806,,,,,,,10,0,True
1200644991,,,,,,,10,10,True
1200645018,,,,,,,9,8,True
1200645072,,,,,,,10,5,True
1200645158,,,,,,,1,1,True
1200645299,,,,,,,5,5,True
1200645542,,,,,,,5,0,True
1200645895,,,,,,,11,1,True
1200645964,,,,,,,10,10,True
1200646077,,,,,,,5,0,True
1200646196,,,,,,,10,10,True
1200646374,,,,,,,5,5,True
1200646981,,,,,,,10,0,True
1200653699,,,,,,,10,0,True
1200653974,,,,,,,10,10,True
1200655882,,,,,,,10,3,True
1200656207,,,,,,,10,0,True
1200656309,,,,,,,10,0,True
1200656799,,,,,,,10,10,True
1200657068,,,,,,,6,6,True
1200657200,,,,,,,10,0,True
1200657371,,,,,,,6,6,True
1200657795,,,,,,,7,7,True
1200657902,,,,,,,10,0,True
1200660489,,,,,,,5,5,True
1200661795,,,,,,,10,0,True
1200661842,,,,,,,10,0,True
1200662592,,,,,,,15,0,True
1200663748,,,,,,,10,0,True
1200665838,,,,,,,10,0,True
1200666337,,,,,,,10,0,True
1200667101,,,,,,,5,0,True
1200667250,,,,,,,1,1,True
1200667852,,,,,,,10,10,True
1200669306,,,,,,,8,8,True
1200670053,,,,,,,10,0,True
1200671011,,,,,,,10,10,True
1200672708,,,,,,,6,6,True
1200672803,,,,,,,10,0,True
1200673007,,,,,,,10,5,True
1200673092,,,,,,,3,3,True
1200673237,,,,,,,10,0,True
1200673325,,,,,,,1,1,True
1200673511,,,,,,,5,5,True
1200673815,,,,,,,1,1,True
1200675873,,,,,,,7,0,True
1200675888,,,,,,,8,8,True
1200676161,,,,,,,2,2,True
1200676211,,,,,,,10,10,True
1200676355,,,,,,,5,5,True
1200676488,,,,,,,10,10,True
1200676857,1.0,1.0,1.0,1.0,2015-03-07 16:00:00+00:00,2015-03-07 16:00:00+00:00,10,10,True
1200676899,,,,,,,10,0,True
1200677027,,,,,,,5,5,True
1200677238,,,,,,,5,5,True
1200682312,,,,,,,10,0,True
1200682342,,,,,,,4,4,True
1200682354,,,,,,,10,0,True
1200682390,,,,,,,1,1,True
1200682508,,,,,,,10,10,True
1200682648,,,,,,,3,3,True
1200682758,,,,,,,6,0,True
1200682787,,,,,,,7,0,True
1200682838,,,,,,,4,4,True
1200683009,,,,,,,10,5,True
1200683064,,,,,,,1,1,True
1200683145,,,,,,,7,2,True
1200683479,,,,,,,10,10,True
1200683591,,,,,,,7,0,True
1200683691,,,,,,,5,0,True
1200683785,1.0,1.0,1.0,1.0,2015-03-10 16:00:00+00:00,2015-03-10 16:00:00+00:00,7,7,True
1200683830,,,,,,,6,0,True
1200683925,,,,,,,8,0,True
1200683965,,,,,,,5,0,True
1200684100,,,,,,,10,0,True
1200684221,,,,,,,9,9,True
1200684265,,,,,,,10,0,True
1200684303,,,,,,,10,0,True
1200684343,,,,,,,1,1,True
1200684438,,,,,,,5,0,True
1200685441,,,,,,,10,10,True
1200686759,,,,,,,8,0,True
1200687101,,,,,,,10,0,True
1200687333,,,,,,,10,0,True
1200687348,,,,,,,5,5,True
1200687447,,,,,,,10,10,True
1200687544,,,,,,,10,0,True
1200687580,,,,,,,10,10,True
1200687674,,,,,,,5,1,True
1200687761,,,,,,,10,0,True
1200688065,,,,,,,10,10,True
1200688415,,,,,,,5,5,True
1200690437,,,,,,,10,10,True
1200691047,,,,,,,1,1,True
1200691081,,,,,,,10,0,True
1200691123,,,,,,,5,5,True
1200691420,,,,,,,10,0,True
1200691459,,,,,,,10,0,True
1200691538,,,,,,,6,0,True
1200691567,,,,,,,10,10,True
1200691589,,,,,,,5,5,True
1200691628,,,,,,,10,0,True
1200691663,,,,,,,10,0,True
1200691998,,,,,,,10,0,True
1200692495,,,,,,,5,0,True
1200694216,,,,,,,10,5,True
1200694251,,,,,,,5,5,True
1200694285,,,,,,,10,10,True
1200694346,,,,,,,5,5,True
1200694400,,,,,,,6,0,True
1200694449,,,,,,,10,10,True
1200695344,,,,,,,10,10,True
1200695390,,,,,,,9,9,True
1200695450,,,,,,,10,0,True
1200695479,,,,,,,3,3,True
1200695562,,,,,,,10,0,True
1200697654,,,,,,,10,0,True
1200697690,,,,,,,10,0,True
1200697846,,,,,,,10,0,True
1200698170,,,,,,,10,0,True
1200698264,,,,,,,10,0,True
1200698382,,,,,,,10,0,True
1200698656,,,,,,,10,10,True
1200698660,,,,,,,10,0,True
1200698701,,,,,,,6,0,True
1200698828,,,,,,,10,0,True
1200698942,,,,,,,10,0,True
1200699003,,,,,,,9,5,True
1200699316,,,,,,,3,3,True
1200699577,,,,,,,10,10,True
1200699869,,,,,,,10,0,True
1200700401,,,,,,,5,0,True
1200703034,,,,,,,7,7,True
1200703058,,,,,,,10,0,True
1200703067,,,,,,,1,1,True
1200703084,,,,,,,4,4,True
1200703257,,,,,,,10,0,True
1200704883,,,,,,,8,1,True
1200704907,,,,,,,10,0,True
1200704940,,,,,,,7,0,True
1200705029,,,,,,,10,0,True
1200705073,,,,,,,8,8,True
1200705201,,,,,,,10,0,True
1200705218,,,,,,,10,5,True
1200705268,,,,,,,10,10,True
1200705330,,,,,,,8,8,True
1200705399,,,,,,,10,0,True
1200705479,,,,,,,6,0,True
1200705504,,,,,,,10,0,True
1200705822,,,,,,,7,7,True
1200705862,,,,,,,10,0,True
1200706113,,,,,,,5,5,True
1200706274,,,,,,,10,0,True
1200706431,,,,,,,7,1,True
1200706461,,,,,,,10,0,True
1200706499,,,,,,,10,10,True
1200706569,,,,,,,10,0,True
1200706614,,,,,,,10,0,True
1200706956,,,,,,,15,15,True
1200709461,,,,,,,10,0,True
1200709483,,,,,,,8,8,True
1200709674,,,,,,,1,1,True
1200709893,,,,,,,6,1,True
1200709950,,,,,,,1,1,True
1200710112,,,,,,,9,0,True
1200710138,,,,,,,10,0,True
1200710272,,,,,,,10,10,True
1200710279,,,,,,,6,0,True
1200710406,,,,,,,10,0,True
1200710457,,,,,,,6,6,True
1200710552,,,,,,,10,0,True
1200710628,,,,,,,10,10,True
1200710671,,,,,,,10,0,True
1200710766,,,,,,,2,2,True
1200710847,,,,,,,9,0,True
1200710865,,,,,,,10,0,True
1200711054,,,,,,,10,0,True
1200711153,,,,,,,5,0,True
1200713727,,,,,,,10,0,True
1200713874,,,,,,,10,10,True
1200714220,,,,,,,10,0,True
1200714372,,,,,,,4,4,True
1200714643,,,,,,,10,0,True
1200714650,,,,,,,1,1,True
1200714791,,,,,,,10,0,True
1200714999,,,,,,,1,1,True
1200715089,,,,,,,10,0,True
1200715733,,,,,,,10,10,True
1200715876,,,,,,,5,0,True
1200717594,,,,,,,6,1,True
1200717621,,,,,,,10,0,True
1200717725,,,,,,,10,10,True
1200717877,,,,,,,10,0,True
1200717898,,,,,,,10,0,True
1200717959,,,,,,,7,0,True
1200717986,,,,,,,8,8,True
1200718068,,,,,,,10,0,True
1200718126,,,,,,,10,0,True
1200718154,,,,,,,1,1,True
1200718359,,,,,,,4,4,True
1200718368,,,,,,,3,3,True
1200718706,,,,,,,10,0,True
1200718731,,,,,,,15,5,True
1200718798,,,,,,,10,10,True
1200718818,,,,,,,20,15,True
1200718850,,,,,,,10,5,True
1200718869,,,,,,,7,0,True
1200718955,,,,,,,12,12,True
1200718974,,,,,,,6,6,True
1200719045,,,,,,,7,5,True
1200719065,,,,,,,10,0,True
1200719125,,,,,,,10,0,True
1200719229,,,,,,,2,0,True
1200719412,,,,,,,6,1,True
1200719445,,,,,,,10,0,True
1200719475,,,,,,,10,0,True
1200719509,,,,,,,6,6,True
1200719783,,,,,,,1,1,True
1200719836,,,,,,,5,0,True
1200719880,,,,,,,10,0,True
1200719928,,,,,,,1,1,True
1200719958,,,,,,,10,0,True
1200720047,,,,,,,10,10,True
1200720080,,,,,,,6,5,True
1200720110,,,,,,,10,10,True
1200720236,,,,,,,4,0,True
1200720284,1.0,1.0,1.0,1.0,2015-03-20 16:00:00+00:00,2015-03-20 16:00:00+00:00,10,5,True
1200722400,,,,,,,10,0,True
1200722658,,,,,,,10,0,True
1200722697,,,,,,,10,10,True
1200722738,,,,,,,5,5,True
1200722768,,,,,,,10,0,True
1200722913,,,,,,,10,0,True
1200723032,,,,,,,10,10,True
1200723136,,,,,,,10,10,True
1200723190,,,,,,,10,5,True
1200723228,,,,,,,9,0,True
1200723250,,,,,,,6,6,True
1200723424,,,,,,,10,0,True
1200723515,,,,,,,10,0,True
1200723604,,,,,,,10,10,True
1200723635,,,,,,,10,5,True
1200723668,,,,,,,10,0,True
1200723737,,,,,,,6,6,True
1200723842,,,,,,,10,10,True
1200723984,,,,,,,10,0,True
1200724151,,,,,,,10,10,True
1200724239,,,,,,,9,9,True
1200724489,,,,,,,6,6,True
1200724516,,,,,,,5,5,True
1200724591,,,,,,,7,7,True
1200724915,,,,,,,5,0,True
1200725016,,,,,,,5,5,True
1200725115,,,,,,,5,0,True
1200725743,,,,,,,10,0,True
1200730472,,,,,,,8,8,True
1200730486,,,,,,,10,10,True
1200730512,1.0,1.0,1.0,1.0,2015-03-24 16:00:00+00:00,2015-03-24 16:00:00+00:00,8,8,True
1200730538,,,,,,,10,0,True
1200730694,,,,,,,10,10,True
1200730736,,,,,,,9,0,True
1200730795,,,,,,,10,10,True
1200730857,,,,,,,10,10,True
1200730946,,,,,,,1,1,True
1200730982,,,,,,,10,0,True
1200730999,,,,,,,1,1,True
1200731107,,,,,,,5,5,True
1200731277,,,,,,,10,10,True
1200731354,,,,,,,10,0,True
1200731380,,,,,,,10,5,True
1200731481,,,,,,,10,0,True
1200731596,,,,,,,10,0,True
1200731671,,,,,,,10,0,True
1200731817,,,,,,,8,0,True
1200732060,,,,,,,7,7,True
1200732079,,,,,,,10,0,True
1200732260,,,,,,,10,0,True
1200732316,,,,,,,10,1,True
1200732413,,,,,,,5,0,True
1200732449,,,,,,,10,10,True
1200732571,1.0,1.0,1.0,1.0,2015-03-24 16:00:00+00:00,2015-03-24 16:00:00+00:00,12,12,True
1200732594,,,,,,,9,0,True
1200732622,,,,,,,10,10,True
1200732687,,,,,,,10,0,True
1200732708,,,,,,,10,0,True
1200732964,,,,,,,10,0,True
1200732989,,,,,,,13,13,True
1200733042,,,,,,,10,5,True
1200733083,,,,,,,10,0,True
1200733162,,,,,,,5,5,True
1200733209,,,,,,,10,1,True
1200733264,,,,,,,7,0,True
1200733288,,,,,,,10,0,True
1200733361,,,,,,,5,0,True
1200734179,,,,,,,6,0,True
1200735562,,,,,,,10,0,True
1200735929,,,,,,,10,0,True
1200736032,,,,,,,6,6,True
1200736072,,,,,,,8,0,True
1200736090,,,,,,,7,7,True
1200736110,,,,,,,10,0,True
1200736157,,,,,,,9,5,True
1200736190,,,,,,,10,10,True
1200736262,,,,,,,10,0,True
1200736408,,,,,,,11,1,True
1200736491,1.0,1.0,1.0,1.0,2015-03-25 16:00:00+00:00,2015-03-25 16:00:00+00:00,10,10,True
1200736643,,,,,,,11,11,True
1200736817,,,,,,,6,1,True
1200736899,,,,,,,10,0,True
1200736975,,,,,,,8,8,True
1200737011,,,,,,,10,0,True
1200737111,,,,,,,10,0,True
1200737143,1.0,1.0,1.0,1.0,2015-03-25 16:00:00+00:00,2015-03-25 16:00:00+00:00,10,10,True
1200737156,,,,,,,10,0,True
1200737276,,,,,,,10,0,True
1200737327,,,,,,,6,0,True
1200737367,,,,,,,1,1,True
1200737391,,,,,,,5,5,True
1200737522,,,,,,,9,0,True
1200737745,,,,,,,2,0,True
1200737849,,,,,,,10,10,True
1200737892,,,,,,,5,5,True
1200738090,,,,,,,10,0,True
1200738146,1.0,1.0,1.0,1.0,2015-03-25 16:00:00+00:00,2015-03-25 16:00:00+00:00,10,10,True
1200738245,,,,,,,10,10,True
1200738268,,,,,,,5,5,True
1200740537,,,,,,,10,0,True
1200740597,,,,,,,6,0,True
1200740633,,,,,,,10,0,True
1200740736,,,,,,,10,0,True
1200740854,,,,,,,10,0,True
1200741096,,,,,,,10,0,True
1200741247,,,,,,,10,10,True
1200741369,,,,,,,5,0,True
1200741440,,,,,,,7,2,True
1200741459,,,,,,,10,0,True
1200741490,,,,,,,5,5,True
1200741648,,,,,,,1,1,True
1200741670,,,,,,,8,0,True
1200741719,,,,,,,10,10,True
1200741821,,,,,,,5,5,True
1200742045,,,,,,,10,0,True
1200742093,,,,,,,10,0,True
1200742265,,,,,,,18,8,True
1200742354,,,,,,,1,1,True
1200742494,,,,,,,11,1,True
1200742558,,,,,,,5,5,True
1200742572,,,,,,,5,0,True
1200742616,,,,,,,10,0,True
1200742651,,,,,,,1,1,True
1200742669,,,,,,,9,0,True
1200742686,,,,,,,10,0,True
1200742766,1.0,1.0,1.0,1.0,2015-03-26 16:00:00+00:00,2015-03-26 16:00:00+00:00,7,7,True
1200742987,,,,,,,10,0,True
1200743094,,,,,,,6,0,True
1200743232,,,,,,,5,5,True
1200743285,,,,,,,1,1,True
1200743477,,,,,,,11,11,True
1200746068,,,,,,,10,0,True
1200746093,,,,,,,10,0,True
1200746117,,,,,,,10,0,True
1200746185,,,,,,,10,10,True
1200746327,,,,,,,7,3,True
1200746478,,,,,,,10,0,True
1200746497,,,,,,,10,0,True
1200746517,,,,,,,9,0,True
1200746600,,,,,,,5,5,True
1200746636,,,,,,,10,1,True
1200746660,,,,,,,1,1,True
1200746690,,,,,,,10,10,True
1200746761,,,,,,,10,0,True
1200746792,,,,,,,10,0,True
1200747017,,,,,,,10,0,True
1200747061,,,,,,,2,2,True
1200747077,,,,,,,5,5,True
1200747167,,,,,,,7,0,True
1200747326,,,,,,,10,10,True
1200747401,1.0,1.0,1.0,1.0,2015-03-27 16:00:00+00:00,2015-03-27 16:00:00+00:00,6,6,True
1200747470,,,,,,,10,10,True
1200747537,,,,,,,7,0,True
1200747586,,,,,,,10,0,True
1200747672,,,,,,,10,0,True
1200747689,,,,,,,10,0,True
1200747754,,,,,,,10,0,True
1200747936,,,,,,,7,7,True
1200748183,,,,,,,10,2,True
1200748238,,,,,,,5,5,True
1200748434,,,,,,,10,0,True
1200748541,,,,,,,10,0,True
1200748591,,,,,,,3,0,True
1200748643,,,,,,,1,1,True
1200748693,,,,,,,7,0,True
1200748867,,,,,,,1,1,True
1200749035,,,,,,,1,1,True
1200749050,,,,,,,6,6,True
1200749200,,,,,,,5,5,True
1200749211,,,,,,,7,7,True
1200749324,,,,,,,10,10,True
1200749343,,,,,,,10,0,True
1200749376,1.0,1.0,1.0,1.0,2015-03-27 16:00:00+00:00,2015-03-27 16:00:00+00:00,7,7,True
1200749387,,,,,,,8,8,True
1200749627,1.0,1.0,1.0,1.0,2015-03-27 16:00:00+00:00,2015-03-27 16:00:00+00:00,10,10,True
1200749641,,,,,,,5,5,True
1200749680,,,,,,,10,6,True
1200749880,,,,,,,10,10,True
1200749899,,,,,,,10,0,True
1200749932,,,,,,,5,0,True
1200750241,,,,,,,5,5,True
1200750411,,,,,,,5,5,True
1200752881,,,,,,,10,0,True
1200752897,,,,,,,10,0,True
1200752950,1.0,1.0,1.0,1.0,2015-03-30 16:00:00+00:00,2015-03-30 16:00:00+00:00,12,12,True
1200753033,,,,,,,5,0,True
1200753123,,,,,,,10,0,True
1200753147,,,,,,,10,10,True
1200753168,,,,,,,3,3,True
1200753195,1.0,1.0,1.0,1.0,2015-03-28 16:00:00+00:00,2015-03-28 16:00:00+00:00,10,5,True
1200753242,,,,,,,9,9,True
1200753254,,,,,,,10,10,True
1200753318,,,,,,,5,5,True
1200753366,,,,,,,6,0,True
1200753389,,,,,,,10,0,True
1200753428,,,,,,,10,0,True
1200753531,,,,,,,10,0,True
1200753550,,,,,,,7,7,True
1200753590,,,,,,,2,0,True
1200753625,,,,,,,10,10,True
1200753653,,,,,,,5,0,True
1200753764,,,,,,,10,5,True
1200753785,,,,,,,5,5,True
1200753824,,,,,,,11,11,True
1200753843,,,,,,,10,0,True
1200753883,,,,,,,10,2,True
1200753994,,,,,,,10,0,True
1200754032,,,,,,,5,5,True
1200754062,,,,,,,10,10,True
1200754095,,,,,,,10,0,True
1200754209,,,,,,,10,10,True
1200754248,,,,,,,6,6,True
1200754278,,,,,,,10,0,True
1200754297,,,,,,,10,10,True
1200754313,,,,,,,10,0,True
1200754414,,,,,,,7,5,True
1200754451,,,,,,,14,0,True
1200754506,,,,,,,10,10,True
1200754520,,,,,,,12,12,True
1200754608,,,,,,,10,0,True
1200754719,,,,,,,10,0,True
1200754775,,,,,,,10,5,True
1200754831,,,,,,,5,0,True
1200754851,,,,,,,10,0,True
1200754865,,,,,,,10,0,True
1200754904,2.0,2.0,1.0,2.0,2015-03-28 16:00:00+00:00,2015-03-28 16:00:00+00:00,10,10,True
1200754922,,,,,,,10,10,True
1200755110,,,,,,,7,0,True
1200755347,,,,,,,10,0,True
1200755414,,,,,,,10,0,True
1200755475,,,,,,,10,10,True
1200755501,,,,,,,10,0,True
1200755519,,,,,,,10,0,True
1200755566,,,,,,,1,1,True
1200755595,,,,,,,7,7,True
1200755687,,,,,,,5,5,True
1200755710,,,,,,,7,0,True
1200755754,,,,,,,7,7,True
1200755842,,,,,,,7,0,True
1200755849,,,,,,,9,8,True
1200755939,,,,,,,10,10,True
1200755985,,,,,,,5,0,True
1200756002,,,,,,,10,0,True
1200756081,,,,,,,10,10,True
1200756345,,,,,,,5,5,True
1200756370,,,,,,,8,7,True
1200756408,,,,,,,10,10,True
1200756516,,,,,,,10,0,True
1200756588,,,,,,,12,5,True
1200756684,,,,,,,10,0,True
1200756728,,,,,,,5,5,True
1200756786,,,,,,,10,0,True
1200756855,,,,,,,10,10,True
1200756892,,,,,,,10,0,True
1200756955,,,,,,,7,0,True
1200757012,,,,,,,5,0,True
1200757084,,,,,,,10,10,True
1200757103,,,,,,,5,0,True
1200757451,1.0,1.0,1.0,1.0,2015-03-28 16:00:00+00:00,2015-03-28 16:00:00+00:00,10,10,True
1200757477,1.0,1.0,1.0,1.0,2015-03-28 16:00:00+00:00,2015-03-28 16:00:00+00:00,18,13,True
1200757826,,,,,,,5,0,True
1200757853,,,,,,,6,6,True
1200760377,,,,,,,6,6,True
1200760412,,,,,,,5,0,True
1200763469,,,,,,,5,4,True
1200763491,,,,,,,10,0,True
1200763607,,,,,,,10,0,True
1200763718,,,,,,,10,10,True
1200763748,,,,,,,1,1,True
1200763825,,,,,,,10,0,True
1200763908,,,,,,,10,10,True
1200763945,,,,,,,6,6,True
1200763965,,,,,,,8,8,True
1200764057,,,,,,,10,0,True
1200764128,,,,,,,10,0,True
1200764170,,,,,,,6,6,True
1200764182,,,,,,,10,0,True
1200764221,,,,,,,10,0,True
1200764341,,,,,,,5,0,True
1200764483,,,,,,,10,0,True
1200764512,,,,,,,10,0,True
1200764538,,,,,,,10,0,True
1200764557,,,,,,,10,10,True
1200764585,,,,,,,6,6,True
1200764632,,,,,,,10,0,True
1200764656,,,,,,,10,10,True
1200764686,,,,,,,10,0,True
1200764752,,,,,,,10,0,True
1200764836,,,,,,,9,9,True
1200764932,,,,,,,5,0,True
1200764967,1.0,1.0,1.0,1.0,2015-03-31 16:00:00+00:00,2015-03-31 16:00:00+00:00,10,10,True
1200765009,,,,,,,7,2,True
1200765060,,,,,,,10,0,True
1200765110,,,,,,,10,0,True
1200765197,,,,,,,5,0,True
1200765299,,,,,,,8,8,True
1200765340,1.0,1.0,1.0,1.0,2015-03-31 16:00:00+00:00,2015-03-31 16:00:00+00:00,10,10,True
1200765368,,,,,,,10,0,True
1200765444,,,,,,,10,0,True
1200765481,,,,,,,5,0,True
1200765495,,,,,,,6,0,True
1200765537,,,,,,,5,0,True
1200765577,,,,,,,6,6,True
1200765605,,,,,,,10,0,True
1200765812,,,,,,,5,0,True
1200765842,,,,,,,10,5,True
1200765853,,,,,,,10,0,True
1200765975,,,,,,,10,1,True
1200766033,,,,,,,10,0,True
1200766092,,,,,,,9,0,True
1200766123,,,,,,,6,6,True
1200766138,,,,,,,10,0,True
1200766186,,,,,,,10,10,True
1200766322,,,,,,,5,0,True
1200766339,,,,,,,5,0,True
1200766479,,,,,,,9,0,True
1200766504,,,,,,,10,0,True
1200766545,,,,,,,10,0,True
1200766554,,,,,,,10,0,True
1200766575,,,,,,,10,5,True
1200766819,,,,,,,4,4,True
1200767066,,,,,,,5,0,True
1200767154,1.0,1.0,1.0,1.0,2015-03-31 16:00:00+00:00,2015-03-31 16:00:00+00:00,10,10,True
1200767172,,,,,,,10,0,True
1200767195,,,,,,,10,10,True
1200767221,,,,,,,10,0,True
1200767333,,,,,,,10,10,True
1200767364,,,,,,,5,0,True
1200767385,,,,,,,5,5,True
1200767411,,,,,,,4,4,True
1200767427,,,,,,,7,7,True
1200767459,,,,,,,13,1,True
1200767503,,,,,,,10,10,True
1200767556,,,,,,,10,0,True
1200767596,,,,,,,10,0,True
1200767717,,,,,,,10,0,True
1200767775,,,,,,,10,10,True
1200767799,,,,,,,10,0,True
1200767839,,,,,,,5,5,True
1200767847,,,,,,,10,0,True
1200767887,,,,,,,5,0,True
1200767909,,,,,,,10,0,True
1200767928,,,,,,,8,0,True
1200767961,,,,,,,10,0,True
1200768033,,,,,,,5,0,True
1200768178,,,,,,,10,0,True
1200768230,,,,,,,5,0,True
1200768257,,,,,,,2,2,True
1200768281,,,,,,,10,0,True
1200768312,,,,,,,10,0,True
1200768341,,,,,,,10,0,True
1200768712,,,,,,,7,7,True
1200768747,,,,,,,10,10,True
1200769024,,,,,,,3,3,True
1200769049,,,,,,,8,0,True
1200769137,,,,,,,10,10,True
1200769165,,,,,,,12,12,True
1200769238,,,,,,,9,4,True
1200769264,,,,,,,10,10,True
1200769304,,,,,,,10,10,True
1200769666,,,,,,,5,5,True
1200770024,,,,,,,10,0,True
1200770095,,,,,,,10,0,True
1200770599,,,,,,,5,5,True
1200770687,,,,,,,10,10,True
1200773556,,,,,,,10,0,True
1200773574,,,,,,,5,0,True
1200773705,,,,,,,8,7,True
1200773722,1.0,1.0,1.0,1.0,2015-04-01 16:00:00+00:00,2015-04-01 16:00:00+00:00,8,7,True
1200773804,,,,,,,6,0,True
1200773827,,,,,,,8,0,True
1200774054,,,,,,,9,9,True
1200774083,,,,,,,7,7,True
1200774454,,,,,,,10,0,True
1200774626,,,,,,,7,0,True
1200774736,,,,,,,7,7,True
1200774814,,,,,,,10,5,True
1200774853,,,,,,,10,0,True
1200774905,,,,,,,10,0,True
1200775004,,,,,,,10,0,True
1200775190,,,,,,,10,0,True
1200775250,,,,,,,6,0,True
1200775434,,,,,,,5,0,True
1200777893,,,,,,,8,0,True
1200778053,,,,,,,5,0,True
1200778140,,,,,,,10,0,True
1200778225,,,,,,,10,10,True
1200778265,,,,,,,9,0,True
1200778544,,,,,,,10,0,True
1200778909,1.0,1.0,1.0,1.0,2015-04-02 16:00:00+00:00,2015-04-02 16:00:00+00:00,7,7,True
1200778992,,,,,,,7,0,True
1200779102,,,,,,,5,5,True
1200779250,,,,,,,4,4,True
1200779351,,,,,,,10,0,True
1200779425,,,,,,,10,10,True
1200779472,,,,,,,2,2,True
1200779483,,,,,,,10,10,True
1200779592,,,,,,,10,0,True
1200779665,,,,,,,5,0,True
1200779793,,,,,,,6,6,True
1200779908,,,,,,,9,0,True
1200779953,,,,,,,9,0,True
1200780128,,,,,,,10,0,True
1200782362,,,,,,,10,0,True
1200782387,,,,,,,8,8,True
1200782576,,,,,,,8,0,True
1200782604,,,,,,,7,0,True
1200782615,,,,,,,10,0,True
1200782650,,,,,,,3,0,True
1200782743,,,,,,,6,0,True
1200782777,,,,,,,10,0,True
1200782803,,,,,,,10,0,True
1200783101,,,,,,,10,10,True
1200783395,,,,,,,5,5,True
1200783583,,,,,,,10,0,True
1200784086,,,,,,,5,5,True
1200784299,,,,,,,10,10,True
1200784406,,,,,,,5,0,True
1200784431,,,,,,,10,0,True
1200784493,,,,,,,10,10,True
1200784838,,,,,,,5,5,True
1200784954,,,,,,,5,0,True
1200784960,,,,,,,5,5,True
1200785058,,,,,,,1,1,True
1200787593,,,,,,,10,0,True
1200787688,,,,,,,10,0,True
1200788000,,,,,,,10,0,True
1200788351,,,,,,,5,5,True
1200788435,,,,,,,5,5,True
1200788469,,,,,,,5,5,True
1200788511,,,,,,,1,1,True
1200788549,,,,,,,10,0,True
1200788683,,,,,,,10,10,True
1200788830,,,,,,,10,0,True
1200788957,,,,,,,8,8,True
1200789342,1.0,1.0,1.0,1.0,2015-04-07 16:00:00+00:00,2015-04-07 16:00:00+00:00,9,9,True
1200793533,,,,,,,5,0,True
1200795365,,,,,,,10,0,True
1200795744,,,,,,,9,9,True
1200795810,,,,,,,1,1,True
1200796202,,,,,,,10,10,True
1200796223,,,,,,,2,2,True
1200796316,,,,,,,10,5,True
1200796924,,,,,,,5,5,True
1200797020,,,,,,,5,0,True
1200797258,1.0,1.0,1.0,1.0,2015-04-08 16:00:00+00:00,2015-04-08 16:00:00+00:00,10,10,True
1200797426,,,,,,,10,10,True
1200799098,,,,,,,10,0,True
1200799277,,,,,,,2,2,True
1200799342,,,,,,,6,0,True
1200799379,,,,,,,5,4,True
1200799533,,,,,,,10,10,True
1200799561,1.0,1.0,1.0,1.0,2015-04-09 16:00:00+00:00,2015-04-09 16:00:00+00:00,10,10,True
1200799715,,,,,,,10,10,True
1200799759,,,,,,,10,0,True
1200799784,,,,,,,10,0,True
1200799847,,,,,,,5,3,True
1200800075,1.0,1.0,1.0,1.0,2015-04-09 16:00:00+00:00,2015-04-09 16:00:00+00:00,10,10,True
1200800300,,,,,,,10,10,True
1200800353,,,,,,,8,8,True
1200800432,,,,,,,8,8,True
1200800709,,,,,,,10,0,True
1200800737,,,,,,,10,0,True
1200801029,,,,,,,10,10,True
1200801112,2.0,2.0,2.0,1.0,2015-04-09 16:00:00+00:00,2015-04-09 16:00:00+00:00,8,8,True
1200801264,,,,,,,10,0,True
1200801854,1.0,1.0,1.0,1.0,2015-04-09 16:00:00+00:00,2015-04-09 16:00:00+00:00,10,10,True
1200803434,,,,,,,7,7,True
1200803492,,,,,,,10,0,True
1200803538,,,,,,,10,0,True
1200803623,,,,,,,10,0,True
1200803720,1.0,1.0,1.0,1.0,2015-04-10 16:00:00+00:00,2015-04-10 16:00:00+00:00,10,10,True
1200803864,,,,,,,10,0,True
1200803910,,,,,,,10,10,True
1200803951,1.0,1.0,1.0,1.0,2015-04-10 16:00:00+00:00,2015-04-10 16:00:00+00:00,2,2,True
1200803980,,,,,,,5,1,True
1200804055,,,,,,,10,0,True
1200804140,,,,,,,10,5,True
1200804159,,,,,,,10,10,True
1200804212,,,,,,,10,0,True
1200804230,,,,,,,10,0,True
1200804261,,,,,,,10,10,True
1200804354,,,,,,,10,0,True
1200804535,,,,,,,7,0,True
1200804694,1.0,1.0,1.0,1.0,2015-04-10 16:00:00+00:00,2015-04-10 16:00:00+00:00,5,5,True
1200804941,,,,,,,10,0,True
1200805016,,,,,,,5,0,True
1200805056,,,,,,,10,0,True
1200805199,,,,,,,5,0,True
1200805313,,,,,,,10,0,True
1200805322,,,,,,,10,0,True
1200805398,,,,,,,10,0,True
1200805568,,,,,,,1,1,True
1200805591,,,,,,,6,0,True
1200805669,,,,,,,10,0,True
1200805728,,,,,,,7,0,True
1200805753,,,,,,,10,0,True
1200805925,,,,,,,10,0,True
1200806274,,,,,,,5,0,True
1200806444,,,,,,,5,0,True
1200806604,,,,,,,10,10,True
1200806748,,,,,,,10,10,True
1200806924,,,,,,,10,10,True
1200806991,,,,,,,10,0,True
1200807124,,,,,,,5,5,True
1200807275,,,,,,,10,0,True
1200807318,,,,,,,1,1,True
1200807367,,,,,,,5,5,True
1200807401,1.0,1.0,1.0,1.0,2015-04-10 16:00:00+00:00,2015-04-10 16:00:00+00:00,5,5,True
1200809393,,,,,,,10,0,True
1200809455,,,,,,,10,0,True
1200809475,,,,,,,6,6,True
1200810152,,,,,,,5,0,True
1200810203,,,,,,,10,10,True
1200810223,,,,,,,10,5,True
1200810384,,,,,,,7,1,True
1200811710,,,,,,,10,0,True
1200811768,,,,,,,8,0,True
1200811817,,,,,,,8,3,True
1200811838,,,,,,,5,0,True
1200811902,,,,,,,13,13,True
1200811954,,,,,,,9,0,True
1200812014,,,,,,,10,0,True
1200812422,,,,,,,4,4,True
1200812431,,,,,,,10,10,True
1200812508,,,,,,,5,5,True
1200813094,,,,,,,9,0,True
1200813630,,,,,,,5,5,True
1200813795,,,,,,,9,9,True
1200815390,,,,,,,10,0,True
1200815493,,,,,,,10,0,True
1200815762,,,,,,,10,10,True
1200815789,,,,,,,5,5,True
1200815827,,,,,,,8,0,True
1200816836,,,,,,,5,0,True
1200820497,,,,,,,5,0,True
1200820552,,,,,,,3,3,True
1200825753,,,,,,,10,0,True
1200825872,,,,,,,10,0,True
1200825897,,,,,,,7,2,True
1200825953,,,,,,,10,10,True
1200825992,,,,,,,10,0,True
1200826106,,,,,,,9,9,True
1200826136,,,,,,,10,10,True
1200826167,,,,,,,10,1,True
1200826194,1.0,1.0,1.0,1.0,2015-04-14 16:00:00+00:00,2015-04-14 16:00:00+00:00,10,10,True
1200826239,,,,,,,1,1,True
1200826354,,,,,,,5,5,True
1200826432,,,,,,,10,0,True
1200826688,,,,,,,10,0,True
1200826786,,,,,,,10,0,True
1200826992,,,,,,,10,0,True
1200827620,,,,,,,10,10,True
1200827634,,,,,,,10,0,True
1200827966,,,,,,,10,0,True
1200828036,,,,,,,10,0,True
1200828278,,,,,,,10,10,True
1200828352,,,,,,,6,1,True
1200828841,,,,,,,1,1,True
1200828866,,,,,,,5,0,True
1200828906,,,,,,,10,10,True
1200828981,1.0,1.0,1.0,1.0,2015-04-14 16:00:00+00:00,2015-04-14 16:00:00+00:00,13,13,True
1200829119,,,,,,,6,0,True
1200829147,,,,,,,10,0,True
1200829234,,,,,,,5,5,True
1200829254,,,,,,,10,0,True
1200831118,,,,,,,10,7,True
1200831561,,,,,,,10,0,True
1200831730,,,,,,,8,0,True
1200831907,,,,,,,10,0,True
1200832285,,,,,,,10,0,True
1200832350,,,,,,,9,0,True
1200832450,,,,,,,10,5,True
1200832622,,,,,,,5,5,True
1200832849,,,,,,,5,0,True
1200833226,,,,,,,10,0,True
1200833272,,,,,,,10,0,True
1200833643,,,,,,,10,10,True
1200833702,,,,,,,10,0,True
1200833741,,,,,,,10,0,True
1200833776,,,,,,,10,0,True
1200834015,,,,,,,10,10,True
1200834078,,,,,,,5,0,True
1200834190,,,,,,,10,0,True
1200834319,,,,,,,10,1,True
1200834403,,,,,,,5,0,True
1200834559,,,,,,,6,0,True
1200834627,,,,,,,10,0,True
1200834692,,,,,,,3,3,True
1200834727,,,,,,,9,9,True
1200834928,,,,,,,5,5,True
1200836155,,,,,,,10,10,True
1200836171,,,,,,,10,10,True
1200836473,,,,,,,7,2,True
1200836898,,,,,,,10,0,True
1200836925,,,,,,,10,10,True
1200837007,,,,,,,10,10,True
1200837139,,,,,,,3,3,True
1200837387,,,,,,,10,0,True
1200837513,,,,,,,10,0,True
1200837556,,,,,,,1,0,True
1200837624,,,,,,,10,5,True
1200837707,,,,,,,10,0,True
1200837730,,,,,,,10,10,True
1200837753,,,,,,,10,0,True
1200837776,,,,,,,10,10,True
1200838019,,,,,,,10,0,True
1200838058,,,,,,,2,2,True
1200838079,,,,,,,10,10,True
1200838150,,,,,,,5,0,True
1200838221,,,,,,,10,0,True
1200838250,,,,,,,8,8,True
1200838424,,,,,,,10,0,True
1200838552,1.0,1.0,1.0,1.0,2015-04-16 16:00:00+00:00,2015-04-16 16:00:00+00:00,6,6,True
1200838576,,,,,,,10,0,True
1200838739,,,,,,,7,7,True
1200838911,,,,,,,1,1,True
1200839103,,,,,,,10,0,True
1200839307,,,,,,,10,0,True
1200839391,,,,,,,5,5,True
1200839432,,,,,,,10,0,True
1200839538,,,,,,,10,0,True
1200839613,,,,,,,5,0,True
1200839620,,,,,,,10,0,True
1200839978,,,,,,,10,10,True
1200840021,,,,,,,10,0,True
1200840135,,,,,,,10,1,True
1200840384,,,,,,,10,0,True
1200841739,,,,,,,1,1,True
1200842648,,,,,,,5,0,True
1200842692,,,,,,,10,10,True
1200842714,,,,,,,10,0,True
1200842768,,,,,,,10,0,True
1200842789,,,,,,,6,6,True
1200842822,,,,,,,10,0,True
1200842995,,,,,,,8,8,True
1200843013,,,,,,,10,5,True
1200844182,1.0,1.0,1.0,1.0,2015-04-17 16:00:00+00:00,2015-04-17 16:00:00+00:00,9,9,True
1200844822,,,,,,,7,7,True
1200845296,,,,,,,1,0,True
1200845473,,,,,,,5,0,True
1200845873,,,,,,,6,0,True
1200846861,,,,,,,10,10,True
1200847013,,,,,,,10,0,True
1200847404,,,,,,,10,0,True
1200848478,,,,,,,10,0,True
1200848519,,,,,,,10,10,True
1200848813,,,,,,,9,4,True
1200848885,1.0,1.0,1.0,1.0,2015-04-17 16:00:00+00:00,2015-04-17 16:00:00+00:00,10,10,True
1200848914,,,,,,,10,0,True
1200848995,,,,,,,5,5,True
1200849861,,,,,,,10,0,True
1200849887,,,,,,,10,0,True
1200850155,,,,,,,10,0,True
1200850902,,,,,,,10,5,True
1200851524,,,,,,,5,0,True
1200851994,,,,,,,10,0,True
1200852799,,,,,,,5,5,True
1200854489,,,,,,,5,5,True
1200855263,,,,,,,5,5,True
1200855275,,,,,,,10,5,True
1200861451,,,,,,,10,0,True
1200861670,,,,,,,10,0,True
1200861699,,,,,,,10,0,True
1200861731,,,,,,,10,0,True
1200861851,,,,,,,10,0,True
1200861863,1.0,1.0,1.0,1.0,2015-04-18 16:00:00+00:00,2015-04-18 16:00:00+00:00,10,5,True
1200861891,,,,,,,10,10,True
1200861913,,,,,,,10,0,True
1200861943,,,,,,,10,0,True
1200861976,,,,,,,10,0,True
1200862014,,,,,,,10,0,True
1200862076,,,,,,,7,0,True
1200862099,,,,,,,10,0,True
1200862126,,,,,,,6,6,True
1200862178,,,,,,,5,0,True
1200862395,,,,,,,10,10,True
1200862788,,,,,,,10,0,True
1200862852,,,,,,,2,2,True
1200862930,,,,,,,10,10,True
1200863033,,,,,,,10,0,True
1200863066,,,,,,,6,6,True
1200863250,,,,,,,10,0,True
1200863326,1.0,1.0,1.0,1.0,2015-04-18 16:00:00+00:00,2015-04-18 16:00:00+00:00,10,10,True
1200863416,,,,,,,10,10,True
1200863491,,,,,,,10,0,True
1200863611,,,,,,,10,0,True
1200863812,,,,,,,10,0,True
1200863987,,,,,,,10,0,True
1200864073,,,,,,,7,0,True
1200864113,,,,,,,10,0,True
1200864146,,,,,,,10,0,True
1200864306,,,,,,,10,10,True
1200864759,,,,,,,10,0,True
1200864805,,,,,,,8,8,True
1200864882,,,,,,,10,5,True
1200865180,,,,,,,10,0,True
1200865244,,,,,,,10,0,True
1200865755,,,,,,,5,5,True
1200865885,,,,,,,10,0,True
1200865943,,,,,,,10,0,True
1200866010,,,,,,,5,5,True
1200866079,,,,,,,5,0,True
1200866155,,,,,,,10,0,True
1200866315,,,,,,,1,1,True
1200866427,,,,,,,20,10,True
1200866538,,,,,,,1,1,True
1200866603,,,,,,,10,0,True
1200866884,,,,,,,10,0,True
1200869521,,,,,,,10,10,True
1200869755,,,,,,,2,2,True
1200872849,,,,,,,1,1,True
1200872900,,,,,,,8,8,True
1200873013,,,,,,,10,0,True
1200873258,,,,,,,10,10,True
1200873287,,,,,,,10,10,True
1200873310,,,,,,,10,0,True
1200873353,,,,,,,10,0,True
1200873420,,,,,,,5,0,True
1200873446,,,,,,,2,2,True
1200873559,,,,,,,10,0,True
1200873642,,,,,,,10,10,True
1200873679,,,,,,,10,0,True
1200873688,,,,,,,10,0,True
1200873788,,,,,,,10,0,True
1200873922,,,,,,,7,7,True
1200874038,,,,,,,9,0,True
1200874064,,,,,,,10,0,True
1200874240,,,,,,,10,0,True
1200874305,,,,,,,6,0,True
1200874349,,,,,,,10,10,True
1200874408,,,,,,,10,5,True
1200874511,,,,,,,5,5,True
1200874548,,,,,,,10,0,True
1200875010,,,,,,,10,0,True
1200875074,,,,,,,10,10,True
1200875230,,,,,,,10,0,True
1200875291,,,,,,,7,0,True
1200875324,,,,,,,5,5,True
1200875393,,,,,,,10,0,True
1200875461,,,,,,,10,0,True
1200875488,,,,,,,5,5,True
1200875548,,,,,,,5,0,True
1200875745,,,,,,,2,2,True
1200875780,,,,,,,10,0,True
1200875949,,,,,,,10,0,True
1200875959,,,,,,,9,0,True
1200876067,,,,,,,10,0,True
1200876191,,,,,,,5,5,True
1200876291,,,,,,,10,10,True
1200876321,,,,,,,6,6,True
1200876437,,,,,,,10,0,True
1200876468,,,,,,,5,0,True
1200876506,,,,,,,5,5,True
1200876534,,,,,,,5,5,True
1200876563,,,,,,,9,7,True
1200876586,,,,,,,5,0,True
1200876622,,,,,,,1,1,True
1200876746,,,,,,,10,0,True
1200876975,,,,,,,10,0,True
1200877142,,,,,,,5,0,True
1200877357,,,,,,,10,0,True
1200877381,,,,,,,5,0,True
1200877685,,,,,,,5,5,True
1200881110,,,,,,,10,0,True
1200881133,,,,,,,10,0,True
1200881349,,,,,,,10,10,True
1200881404,,,,,,,10,5,True
1200881448,,,,,,,10,0,True
1200881467,,,,,,,10,0,True
1200881720,,,,,,,5,5,True
1200881828,,,,,,,10,0,True
1200881911,,,,,,,10,0,True
1200882004,,,,,,,10,0,True
1200882083,,,,,,,5,4,True
1200882104,,,,,,,10,10,True
1200882138,,,,,,,10,0,True
1200882179,,,,,,,10,0,True
1200882284,,,,,,,10,0,True
1200882335,,,,,,,10,0,True
1200882457,,,,,,,10,0,True
1200882496,,,,,,,10,0,True
1200882576,,,,,,,10,0,True
1200882664,,,,,,,5,5,True
1200882694,,,,,,,5,0,True
1200882822,,,,,,,10,0,True
1200882915,,,,,,,10,0,True
1200882977,1.0,1.0,1.0,1.0,2015-04-22 16:00:00+00:00,2015-04-22 16:00:00+00:00,8,8,True
1200883003,,,,,,,10,0,True
1200883034,,,,,,,10,10,True
1200883049,,,,,,,9,0,True
1200883274,,,,,,,10,0,True
1200883308,,,,,,,10,10,True
1200883399,,,,,,,10,0,True
1200883516,,,,,,,10,0,True
1200883725,,,,,,,10,5,True
1200883747,,,,,,,6,0,True
1200883791,,,,,,,10,0,True
1200884142,,,,,,,10,10,True
1200884258,,,,,,,10,10,True
1200884306,,,,,,,10,0,True
1200884319,,,,,,,10,10,True
1200884506,,,,,,,10,10,True
1200884529,,,,,,,10,0,True
1200884666,,,,,,,10,0,True
1200888227,,,,,,,1,1,True
1200888298,,,,,,,10,0,True
1200888315,,,,,,,4,4,True
1200888399,,,,,,,10,0,True
1200888510,,,,,,,10,0,True
1200888560,,,,,,,10,0,True
1200888597,,,,,,,10,0,True
1200888654,,,,,,,10,10,True
1200888685,,,,,,,10,0,True
1200888813,,,,,,,10,4,True
1200888966,,,,,,,5,0,True
1200889120,,,,,,,10,0,True
1200889456,,,,,,,3,3,True
1200889744,,,,,,,6,2,True
1200889857,,,,,,,10,0,True
1200890024,,,,,,,6,6,True
1200890117,,,,,,,10,0,True
1200890185,,,,,,,8,0,True
1200890396,1.0,1.0,1.0,1.0,2015-04-23 16:00:00+00:00,2015-04-23 16:00:00+00:00,8,8,True
1200890529,,,,,,,8,0,True
1200890718,,,,,,,4,4,True
1200891000,1.0,1.0,1.0,1.0,2015-04-23 16:00:00+00:00,2015-04-23 16:00:00+00:00,7,7,True
1200891177,,,,,,,10,0,True
1200891240,,,,,,,1,1,True
1200891264,,,,,,,7,7,True
1200891424,,,,,,,5,5,True
1200891614,,,,,,,3,3,True
1200891747,,,,,,,10,10,True
1200891758,,,,,,,4,4,True
1200891910,,,,,,,5,5,True
1200891949,,,,,,,10,10,True
1200892038,,,,,,,14,14,True
1200895204,,,,,,,10,10,True
1200895320,2.0,2.0,2.0,2.0,2015-04-24 16:00:00+00:00,2015-04-24 16:00:00+00:00,10,10,True
1200895337,,,,,,,10,0,True
1200895424,,,,,,,9,9,True
1200895700,,,,,,,10,0,True
1200895880,,,,,,,5,5,True
1200895945,,,,,,,10,0,True
1200895997,,,,,,,5,0,True
1200896113,,,,,,,10,0,True
1200896359,,,,,,,7,7,True
1200896391,,,,,,,10,10,True
1200896456,,,,,,,3,0,True
1200896499,,,,,,,10,0,True
1200896690,,,,,,,10,0,True
1200897050,,,,,,,5,0,True
1200897070,,,,,,,5,5,True
1200897407,,,,,,,10,10,True
1200897796,,,,,,,5,0,True
1200897819,,,,,,,5,5,True
1200897851,,,,,,,9,9,True
1200898204,,,,,,,10,1,True
1200898622,,,,,,,5,5,True
1200898679,,,,,,,2,0,True
1200898768,,,,,,,10,10,True
1200899006,,,,,,,10,0,True
1200899063,,,,,,,5,0,True
1200899080,,,,,,,10,5,True
1200899114,,,,,,,10,0,True
1200899127,,,,,,,10,10,True
1200899154,,,,,,,10,0,True
1200899524,,,,,,,5,0,True
1200899534,,,,,,,10,0,True
1200899725,,,,,,,10,0,True
1200899882,1.0,1.0,1.0,1.0,2015-04-24 16:00:00+00:00,2015-04-24 16:00:00+00:00,10,10,True
1200899916,,,,,,,10,10,True
1200900019,,,,,,,7,0,True
1200900162,,,,,,,8,8,True
1200900449,,,,,,,20,10,True
1200900467,,,,,,,10,0,True
1200900588,,,,,,,10,0,True
1200900701,,,,,,,10,10,True
1200903884,,,,,,,10,10,True
1200903915,,,,,,,10,0,True
1200903940,,,,,,,10,5,True
1200904116,,,,,,,10,0,True
1200904376,,,,,,,10,0,True
1200904398,,,,,,,10,0,True
1200904541,,,,,,,10,0,True
1200904572,,,,,,,1,1,True
1200904681,,,,,,,5,0,True
1200904701,,,,,,,5,0,True
1200904780,,,,,,,10,0,True
1200904872,1.0,1.0,1.0,1.0,2015-04-25 16:00:00+00:00,2015-04-25 16:00:00+00:00,10,10,True
1200905026,,,,,,,10,10,True
1200905063,,,,,,,7,7,True
1200905072,,,,,,,5,0,True
1200905159,,,,,,,10,10,True
1200905308,,,,,,,10,0,True
1200905364,,,,,,,10,0,True
1200905471,,,,,,,10,0,True
1200905788,,,,,,,10,0,True
1200905972,,,,,,,10,10,True
1200906136,,,,,,,10,1,True
1200906272,,,,,,,8,8,True
1200906379,1.0,1.0,1.0,1.0,2015-04-25 16:00:00+00:00,2015-04-25 16:00:00+00:00,10,10,True
1200906399,,,,,,,5,5,True
1200906598,,,,,,,10,0,True
1200906631,,,,,,,10,0,True
1200906829,,,,,,,10,0,True
1200906878,,,,,,,6,3,True
1200907176,,,,,,,10,0,True
1200907232,,,,,,,1,1,True
1200907571,,,,,,,5,5,True
1200907592,,,,,,,10,10,True
1200907709,,,,,,,1,1,True
1200907919,,,,,,,10,1,True
1200907956,,,,,,,2,2,True
1200908261,,,,,,,10,0,True
1200908284,,,,,,,10,0,True
1200908406,,,,,,,6,6,True
1200908757,,,,,,,8,0,True
1200908866,,,,,,,10,0,True
1200908945,,,,,,,10,10,True
1200908972,,,,,,,8,8,True
1200909205,,,,,,,10,0,True
1200909279,,,,,,,10,0,True
1200909379,,,,,,,10,0,True
1200909466,,,,,,,6,6,True
1200909605,,,,,,,15,15,True
1200909730,,,,,,,6,6,True
1200909868,,,,,,,10,0,True
1200909896,,,,,,,5,0,True
1200909914,,,,,,,8,8,True
1200910007,,,,,,,5,0,True
1200910134,,,,,,,9,0,True
1200910254,,,,,,,10,0,True
1200910289,,,,,,,1,1,True
1200910312,,,,,,,10,0,True
1200910340,,,,,,,7,7,True
1200910462,,,,,,,5,0,True
1200910526,,,,,,,5,0,True
1200910614,,,,,,,10,10,True
1200910662,,,,,,,2,2,True
1200910833,,,,,,,8,0,True
1200910994,,,,,,,7,7,True
1200911235,,,,,,,1,1,True
1200911286,,,,,,,10,0,True
1200911307,,,,,,,10,0,True
1200911346,,,,,,,5,5,True
1200911627,,,,,,,9,1,True
1200914884,,,,,,,10,10,True
1200917520,,,,,,,10,0,True
1200918081,,,,,,,10,0,True
1200918435,,,,,,,10,10,True
1200918472,,,,,,,10,0,True
1200918511,,,,,,,10,0,True
1200918537,,,,,,,10,0,True
1200918598,,,,,,,10,0,True
1200918774,,,,,,,9,9,True
1200918869,,,,,,,9,0,True
1200918898,,,,,,,5,5,True
1200918936,,,,,,,5,5,True
1200918971,,,,,,,10,0,True
1200918980,,,,,,,10,10,True
1200919116,,,,,,,10,0,True
1200919145,,,,,,,10,0,True
1200919245,,,,,,,10,0,True
1200919392,,,,,,,5,5,True
1200919457,,,,,,,10,0,True
1200919541,,,,,,,10,0,True
1200919673,,,,,,,5,5,True
1200919770,,,,,,,5,0,True
1200919877,,,,,,,10,0,True
1200919995,,,,,,,10,0,True
1200920029,,,,,,,10,0,True
1200920085,,,,,,,10,10,True
1200920103,,,,,,,10,0,True
1200920144,,,,,,,10,0,True
1200920201,,,,,,,7,7,True
1200920215,,,,,,,10,0,True
1200920229,,,,,,,10,0,True
1200920287,,,,,,,6,1,True
1200920347,,,,,,,10,5,True
1200920417,,,,,,,10,0,True
1200920442,,,,,,,10,0,True
1200920475,,,,,,,9,0,True
1200920545,,,,,,,2,2,True
1200920599,,,,,,,8,0,True
1200920620,,,,,,,10,0,True
1200920725,,,,,,,10,0,True
1200920803,,,,,,,10,10,True
1200920864,,,,,,,10,0,True
1200920903,,,,,,,10,0,True
1200920933,,,,,,,3,3,True
1200921106,,,,,,,5,5,True
1200921330,,,,,,,10,10,True
1200921421,,,,,,,10,0,True
1200921460,,,,,,,8,0,True
1200921481,,,,,,,10,0,True
1200921522,,,,,,,10,0,True
1200921550,,,,,,,10,10,True
1200921583,,,,,,,5,0,True
1200921613,,,,,,,10,0,True
1200921720,,,,,,,9,0,True
1200921882,,,,,,,10,0,True
1200921958,,,,,,,8,8,True
1200921996,,,,,,,5,5,True
1200922041,,,,,,,10,10,True
1200922112,,,,,,,5,5,True
1200922210,,,,,,,10,0,True
1200922225,,,,,,,10,1,True
1200922303,,,,,,,10,0,True
1200922330,,,,,,,10,5,True
1200922401,,,,,,,10,10,True
1200922541,,,,,,,5,0,True
1200922602,,,,,,,10,10,True
1200922611,,,,,,,10,0,True
1200922771,,,,,,,5,5,True
1200923041,,,,,,,10,10,True
1200923325,,,,,,,10,0,True
1200923402,,,,,,,7,7,True
1200923404,,,,,,,10,0,True
1200923488,,,,,,,10,0,True
1200923900,,,,,,,5,0,True
1200923953,,,,,,,10,0,True
1200924119,,,,,,,5,0,True
1200924161,,,,,,,10,0,True
1200924241,,,,,,,10,0,True
1200924280,,,,,,,5,0,True
1200924467,,,,,,,10,5,True
1200924488,,,,,,,5,5,True
1200924714,,,,,,,10,10,True
1200924765,,,,,,,5,0,True
1200924808,,,,,,,5,0,True
1200924838,,,,,,,10,10,True
1200924846,,,,,,,10,5,True
1200931061,,,,,,,10,0,True
1200931079,,,,,,,10,0,True
1200931109,,,,,,,10,0,True
1200931144,,,,,,,10,0,True
1200931169,,,,,,,10,10,True
1200931461,,,,,,,10,0,True
1200931513,,,,,,,7,7,True
1200931673,,,,,,,11,0,True
1200931770,,,,,,,9,0,True
1200931791,,,,,,,5,5,True
1200931853,,,,,,,10,0,True
1200931977,,,,,,,10,0,True
1200932228,,,,,,,5,0,True
1200932345,,,,,,,10,0,True
1200932391,,,,,,,10,0,True
1200932436,,,,,,,10,0,True
1200932476,,,,,,,10,0,True
1200932509,,,,,,,8,0,True
1200932539,,,,,,,10,0,True
1200932597,,,,,,,10,0,True
1200932628,,,,,,,10,10,True
1200932666,1.0,1.0,1.0,1.0,2015-04-29 16:00:00+00:00,2015-04-29 16:00:00+00:00,7,7,True
1200932959,,,,,,,2,2,True
1200932991,,,,,,,10,10,True
1200933029,,,,,,,5,0,True
1200933081,,,,,,,10,0,True
1200933205,,,,,,,4,4,True
1200933269,,,,,,,10,0,True
1200933330,,,,,,,10,0,True
1200933501,,,,,,,8,0,True
1200933620,,,,,,,10,0,True
1200933720,,,,,,,10,10,True
1200934004,,,,,,,10,0,True
1200934106,,,,,,,10,0,True
1200934192,,,,,,,10,0,True
1200934236,,,,,,,10,0,True
1200934289,,,,,,,10,0,True
1200934353,,,,,,,10,0,True
1200934379,,,,,,,10,10,True
1200934411,,,,,,,10,0,True
1200934459,,,,,,,10,0,True
1200934660,,,,,,,8,0,True
1200934756,,,,,,,5,5,True
1200934809,,,,,,,10,0,True
1200934942,,,,,,,10,0,True
1200935107,,,,,,,10,0,True
1200935150,,,,,,,8,8,True
1200935227,,,,,,,1,1,True
1200935254,,,,,,,5,5,True
1200935418,,,,,,,10,5,True
1200935444,,,,,,,10,5,True
1200935504,,,,,,,10,0,True
1200935528,,,,,,,7,0,True
1200935552,,,,,,,10,0,True
1200935571,,,,,,,10,0,True
1200935599,2.0,2.0,1.0,2.0,2015-04-29 16:00:00+00:00,2015-04-29 16:00:00+00:00,10,10,True
1200935633,,,,,,,7,0,True
1200935654,,,,,,,10,0,True
1200935704,,,,,,,10,0,True
1200935734,,,,,,,10,10,True
1200935759,,,,,,,10,0,True
1200935819,,,,,,,10,0,True
1200935848,,,,,,,10,0,True
1200935894,,,,,,,10,0,True
1200935960,,,,,,,5,0,True
1200936245,,,,,,,5,5,True
1200936267,,,,,,,5,0,True
1200936478,,,,,,,5,5,True
1200936493,,,,,,,6,6,True
1200936727,,,,,,,2,2,True
1200936752,,,,,,,7,7,True
1200943926,,,,,,,5,5,True
1200944047,,,,,,,10,5,True
1200944386,,,,,,,5,0,True
1200944459,1.0,1.0,1.0,1.0,2015-04-30 16:00:00+00:00,2015-04-30 16:00:00+00:00,6,6,True
1200944498,,,,,,,2,2,True
1200944524,,,,,,,8,8,True
1200944622,,,,,,,10,0,True
1200944876,,,,,,,6,6,True
1200944931,,,,,,,7,7,True
1200944994,,,,,,,10,10,True
1200945027,,,,,,,10,0,True
1200945197,,,,,,,7,0,True
1200945242,,,,,,,1,1,True
1200945259,1.0,1.0,1.0,1.0,2015-04-30 16:00:00+00:00,2015-04-30 16:00:00+00:00,10,10,True
1200945716,,,,,,,5,5,True
1200945745,,,,,,,5,0,True
1200945935,,,,,,,7,0,True
1200946046,,,,,,,3,3,True
1200946080,,,,,,,10,5,True
1200946234,,,,,,,7,0,True
1200946442,,,,,,,10,0,True
1200946540,,,,,,,10,0,True
1200946755,,,,,,,13,13,True
1200946824,,,,,,,10,0,True
1200946885,,,,,,,10,10,True
1200946910,,,,,,,5,5,True
1200947065,1.0,1.0,1.0,1.0,2015-04-30 16:00:00+00:00,2015-04-30 16:00:00+00:00,5,5,True
1200947095,,,,,,,1,1,True
1200947218,,,,,,,10,0,True
1200947230,,,,,,,1,1,True
1200947287,,,,,,,5,0,True
1200947373,,,,,,,5,5,True
1200947377,1.0,1.0,1.0,1.0,2015-04-30 16:00:00+00:00,2015-04-30 16:00:00+00:00,10,10,True
1200947398,,,,,,,7,7,True
1200947601,,,,,,,10,0,True
1200947654,,,,,,,10,5,True
1200947748,,,,,,,10,0,True
1200947782,,,,,,,6,6,True
1200947858,,,,,,,10,0,True
1200947922,,,,,,,5,5,True
1200947960,,,,,,,2,2,True
1200948116,,,,,,,1,1,True
1200948165,1.0,1.0,1.0,1.0,2015-04-30 16:00:00+00:00,2015-04-30 16:00:00+00:00,10,10,True
1200948360,,,,,,,10,10,True
1200948374,,,,,,,9,9,True
1200948576,,,,,,,5,5,True
1200948745,,,,,,,5,5,True
1200948977,,,,,,,6,6,True
1200956540,,,,,,,10,0,True
1200956637,,,,,,,10,0,True
1200957300,,,,,,,10,0,True
1200957351,,,,,,,5,0,True
1200957568,,,,,,,10,10,True
1200957805,,,,,,,7,0,True
1200962628,,,,,,,10,0,True
1200962668,,,,,,,10,10,True
1200973611,,,,,,,10,0,True
1200978544,,,,,,,10,10,True
1200978604,,,,,,,9,0,True
1200978879,,,,,,,5,5,True
1200979610,1.0,1.0,1.0,1.0,2015-05-08 16:00:00+00:00,2015-05-08 16:00:00+00:00,10,10,True
1200979773,,,,,,,10,0,True
1200985154,,,,,,,15,15,True
1200985158,,,,,,,6,5,True
1200999145,,,,,,,10,10,True
1200999672,,,,,,,5,0,True
1201000059,,,,,,,2,2,True
1201004979,,,,,,,5,5,True
1201010247,,,,,,,5,5,True
1201010264,,,,,,,1,1,True
1201010304,1.0,1.0,1.0,1.0,2015-05-14 16:00:00+00:00,2015-05-14 16:00:00+00:00,5,5,True
1201019879,,,,,,,10,0,True
1201020768,,,,,,,11,11,True
1201020851,,,,,,,10,10,True
1201020874,,,,,,,10,0,True
1201030713,,,,,,,10,0,True
1201040237,1.0,1.0,1.0,1.0,2015-05-21 16:00:00+00:00,2015-05-21 16:00:00+00:00,10,10,True
1201041769,,,,,,,10,0,True
1201049388,1.0,1.0,1.0,1.0,2015-05-23 16:00:00+00:00,2015-05-23 16:00:00+00:00,10,10,True
1201049636,,,,,,,5,5,True
1201049880,,,,,,,5,0,True
1201050458,1.0,1.0,1.0,1.0,2015-05-23 16:00:00+00:00,2015-05-23 16:00:00+00:00,8,8,True
1201060551,,,,,,,10,10,True
1201061507,,,,,,,10,0,True
1201066343,,,,,,,6,0,True
1201066496,,,,,,,6,2,True
1201066605,,,,,,,7,0,True
1201067315,,,,,,,10,0,True
1201071899,,,,,,,5,0,True
1201073253,,,,,,,3,3,True
1201077677,,,,,,,10,10,True
1201081407,,,,,,,10,0,True
1201083527,,,,,,,10,10,True
1201088407,,,,,,,9,0,True
1201094448,,,,,,,10,10,True
1201101792,,,,,,,6,6,True
1201105988,,,,,,,10,0,True
1201106881,,,,,,,7,7,True
1201111001,,,,,,,14,14,True
1201127891,,,,,,,9,9,True
1201128052,,,,,,,10,0,True
1201144506,,,,,,,6,6,True
1201153263,,,,,,,9,9,True
1201174096,,,,,,,10,10,True
1201186906,,,,,,,10,0,True
1201196998,,,,,,,5,5,True
1201197317,,,,,,,6,6,True
1201200890,,,,,,,10,10,True
1201201663,,,,,,,5,5,True
1201202765,,,,,,,5,5,True
1201211819,,,,,,,10,0,True
1201229981,,,,,,,6,6,True
1201229983,,,,,,,7,7,True
1201229984,1.0,1.0,1.0,1.0,2015-07-03 16:00:00+00:00,2015-07-03 16:00:00+00:00,2,2,True
1201503382,,,,,,,10,10,True
1201582015,,,,,,,10,10,True
1201593833,,,,,,,5,5,True
1201593851,,,,,,,10,10,True
1201593861,,,,,,,5,5,True
1201661279,,,,,,,10,10,True
1201694353,,,,,,,5,5,True
1201708843,,,,,,,10,0,True
1201713537,,,,,,,5,5,True
1201719001,,,,,,,15,5,True
1201719005,,,,,,,10,0,True
1201789559,,,,,,,10,5,True
1201789560,,,,,,,10,5,True
1201789561,,,,,,,10,5,True
1201921381,,,,,,,10,0,True
1201932436,,,,,,,6,0,True
1201934800,,,,,,,7,5,True
1201936152,,,,,,,9,9,True
1201937451,,,,,,,10,0,True
1201941535,,,,,,,10,0,True
1201943808,,,,,,,9,0,True
1201949953,,,,,,,10,10,True
1201952180,,,,,,,10,0,True
1201952739,,,,,,,6,6,True
1201954111,,,,,,,10,0,True
1201954287,,,,,,,10,10,True
1201957821,,,,,,,10,0,True
1201958229,,,,,,,10,0,True
1201958292,,,,,,,10,0,True
1201958857,,,,,,,10,10,True
1201959066,,,,,,,10,0,True
1201959321,,,,,,,10,0,True
1201960505,,,,,,,10,10,True
1201960594,,,,,,,7,0,True
1201960780,,,,,,,7,0,True
1201961745,,,,,,,5,0,True
1201966333,,,,,,,10,10,True
1201968097,,,,,,,7,0,True
1201970016,,,,,,,10,0,True
1201970498,,,,,,,8,8,True
1201971714,,,,,,,10,0,True
1201971842,,,,,,,10,0,True
1201972541,,,,,,,10,0,True
1201972638,,,,,,,9,0,True
1201972649,,,,,,,10,0,True
1201974288,,,,,,,6,0,True
1201974594,,,,,,,10,0,True
1201978495,,,,,,,10,10,True
1201978533,,,,,,,7,0,True
1201978979,,,,,,,10,0,True
1201982469,,,,,,,10,0,True
1201984055,,,,,,,10,0,True
1201985808,,,,,,,10,0,True
1201986429,,,,,,,6,0,True
1201986606,,,,,,,10,0,True
1201987862,,,,,,,6,6,True
1201988484,,,,,,,10,0,True
1201988650,,,,,,,10,0,True
1201990331,,,,,,,10,0,True
1201990494,,,,,,,10,10,True
1201990542,,,,,,,10,0,True
1201990566,,,,,,,9,0,True
1201990665,,,,,,,8,0,True
1201990680,,,,,,,10,10,True
1201990766,,,,,,,5,5,True
1201990810,,,,,,,10,0,True
1201990911,,,,,,,10,0,True
1201990958,,,,,,,10,0,True
1201991002,,,,,,,9,9,True
1201991358,,,,,,,10,0,True
1201992384,,,,,,,10,10,True
1201992699,,,,,,,6,0,True
1201992976,,,,,,,10,0,True
1201993103,,,,,,,10,0,True
1201993141,,,,,,,8,0,True
1201996673,,,,,,,10,0,True
1201996729,,,,,,,10,0,True
1201996875,,,,,,,10,10,True
1201997085,,,,,,,10,0,True
1201997101,,,,,,,10,1,True
1201997380,,,,,,,10,0,True
1201997402,,,,,,,10,0,True
1201997452,,,,,,,10,0,True
1201997458,1.0,1.0,1.0,1.0,2016-02-25 16:00:00+00:00,2016-02-25 16:00:00+00:00,6,6,True
1201997514,,,,,,,10,0,True
1201997535,,,,,,,9,9,True
1201999388,,,,,,,10,0,True
1201999907,,,,,,,5,5,True
1202000006,,,,,,,15,0,True
1202000122,,,,,,,10,0,True
1202000137,,,,,,,10,10,True
1202000289,,,,,,,15,5,True
1202000384,,,,,,,5,5,True
1202000483,,,,,,,9,0,True
1202002562,,,,,,,10,10,True
1202002687,1.0,1.0,1.0,1.0,2016-02-27 16:00:00+00:00,2016-02-27 16:00:00+00:00,8,8,True
1202002831,,,,,,,10,0,True
1202002979,,,,,,,10,0,True
1202003102,1.0,1.0,1.0,1.0,2016-02-27 16:00:00+00:00,2016-02-27 16:00:00+00:00,10,10,True
1202003340,,,,,,,10,0,True
1202003701,,,,,,,10,0,True
1202003740,,,,,,,10,0,True
1202003787,,,,,,,10,0,True
1202003837,,,,,,,10,0,True
1202003967,,,,,,,7,0,True
1202004013,,,,,,,10,0,True
1202004145,,,,,,,10,0,True
1202004307,,,,,,,10,0,True
1202004474,,,,,,,6,5,True
1202004557,,,,,,,10,0,True
1202004593,,,,,,,10,0,True
1202004643,,,,,,,10,0,True
1202004749,,,,,,,10,10,True
1202004773,,,,,,,5,5,True
1202004930,,,,,,,10,0,True
1202004985,,,,,,,10,0,True
1202005114,,,,,,,10,0,True
1202005242,,,,,,,10,10,True
1202005267,,,,,,,7,7,True
1202005313,,,,,,,10,0,True
1202005368,,,,,,,10,0,True
1202005375,,,,,,,10,0,True
1202005433,2.0,2.0,1.0,2.0,2016-02-29 16:00:00+00:00,2016-02-29 16:00:00+00:00,13,13,True
1202005527,,,,,,,10,0,True
1202005712,,,,,,,10,0,True
1202006970,,,,,,,8,0,True
1202007011,,,,,,,10,0,True
1202007039,,,,,,,10,0,True
1202007104,,,,,,,6,5,True
1202007288,,,,,,,10,10,True
1202007821,,,,,,,10,10,True
1202007914,,,,,,,5,5,True
1202008132,,,,,,,7,7,True
1202008288,,,,,,,10,10,True
1202008443,,,,,,,5,5,True
1202008735,,,,,,,6,6,True
1202009933,,,,,,,5,5,True
1202010570,,,,,,,10,0,True
1202010733,,,,,,,10,0,True
1202010830,,,,,,,18,18,True
1202011007,1.0,1.0,1.0,1.0,2016-03-02 16:00:00+00:00,2016-03-02 16:00:00+00:00,10,5,True
1202011112,,,,,,,7,7,True
1202018120,,,,,,,13,13,True
1202018275,,,,,,,10,10,True
1202018380,,,,,,,7,0,True
1202018814,,,,,,,10,0,True
1202020157,,,,,,,6,0,True
1202020317,,,,,,,10,0,True
1202020701,,,,,,,10,0,True
1202022775,,,,,,,12,12,True
1202022854,,,,,,,10,0,True
1202023073,,,,,,,5,5,True
1202023216,,,,,,,6,0,True
1202023478,,,,,,,10,0,True
1202023611,1.0,1.0,1.0,1.0,2016-03-05 16:00:00+00:00,2016-03-05 16:00:00+00:00,9,9,True
1202023741,1.0,1.0,1.0,1.0,2016-03-05 16:00:00+00:00,2016-03-05 16:00:00+00:00,5,5,True
1202023950,,,,,,,10,0,True
1202024042,,,,,,,10,0,True
1202024117,,,,,,,10,0,True
1202024214,,,,,,,10,10,True
1202026327,,,,,,,7,2,True
1202026340,,,,,,,10,10,True
1202026389,,,,,,,10,0,True
1202026576,,,,,,,10,0,True
1202027481,,,,,,,10,0,True
1202027602,,,,,,,5,5,True
1202027636,,,,,,,10,1,True
1202028059,,,,,,,10,10,True
1202029758,,,,,,,10,0,True
1202029762,,,,,,,10,0,True
1202030509,,,,,,,10,0,True
1202030588,,,,,,,6,0,True
1202030630,,,,,,,8,8,True
1202030905,,,,,,,10,0,True
1202030906,,,,,,,10,0,True
1202032122,,,,,,,9,0,True
1202032149,,,,,,,9,0,True
1202032366,,,,,,,10,0,True
1202032421,,,,,,,10,0,True
1202032431,,,,,,,10,0,True
1202032539,,,,,,,5,0,True
1202032585,1.0,1.0,1.0,1.0,2016-03-10 16:00:00+00:00,2016-03-10 16:00:00+00:00,10,10,True
1202032603,,,,,,,10,0,True
1202032650,,,,,,,10,10,True
1202032756,,,,,,,8,0,True
1202032801,,,,,,,10,0,True
1202032839,,,,,,,10,0,True
1202032889,,,,,,,10,0,True
1202032945,,,,,,,10,10,True
1202033149,,,,,,,6,6,True
1202033278,,,,,,,10,0,True
1202033345,,,,,,,10,10,True
1202033418,,,,,,,10,0,True
1202033453,,,,,,,10,0,True
1202033494,,,,,,,9,0,True
1202033540,,,,,,,10,0,True
1202033572,,,,,,,10,0,True
1202033586,,,,,,,7,0,True
1202033615,,,,,,,10,0,True
1202033685,,,,,,,10,10,True
1202033827,,,,,,,10,0,True
1202033843,,,,,,,10,0,True
1202033982,,,,,,,6,0,True
1202034026,,,,,,,14,0,True
1202035852,,,,,,,5,5,True
1202035932,,,,,,,10,10,True
1202036434,1.0,1.0,1.0,1.0,2016-03-11 16:00:00+00:00,2016-03-11 16:00:00+00:00,6,6,True
1202036481,,,,,,,10,0,True
1202036586,,,,,,,6,5,True
1202036689,,,,,,,10,10,True
1202036728,,,,,,,10,10,True
1202036990,,,,,,,10,10,True
1202037082,,,,,,,6,0,True
1202039126,,,,,,,10,0,True
1202039558,,,,,,,5,5,True
1202040137,,,,,,,10,0,True
1202040213,,,,,,,8,0,True
1202040272,,,,,,,10,0,True
1202040421,,,,,,,6,0,True
1202040796,,,,,,,5,5,True
1202040878,1.0,1.0,1.0,1.0,2016-03-12 16:00:00+00:00,2016-03-12 16:00:00+00:00,10,10,True
1202042753,,,,,,,10,0,True
1202042836,,,,,,,10,10,True
1202042895,,,,,,,6,1,True
1202042920,,,,,,,10,0,True
1202043086,,,,,,,10,0,True
1202043121,,,,,,,9,0,True
1202043260,,,,,,,5,0,True
1202043356,,,,,,,5,5,True
1202043529,,,,,,,6,0,True
1202043569,,,,,,,10,0,True
1202043608,,,,,,,10,1,True
1202043659,,,,,,,10,10,True
1202043746,,,,,,,10,0,True
1202043860,,,,,,,10,0,True
1202043979,,,,,,,10,0,True
1202044011,,,,,,,7,0,True
1202044173,,,,,,,10,0,True
1202044290,,,,,,,10,0,True
1202044395,,,,,,,5,5,True
1202044560,,,,,,,10,10,True
1202044677,,,,,,,7,0,True
1202044764,,,,,,,10,10,True
1202044825,,,,,,,10,0,True
1202045062,,,,,,,10,10,True
1202045208,,,,,,,10,0,True
1202045869,,,,,,,10,0,True
1202046028,,,,,,,6,0,True
1202046050,,,,,,,10,0,True
1202046166,,,,,,,3,3,True
1202046302,,,,,,,10,1,True
1202046393,,,,,,,10,0,True
1202046529,,,,,,,5,5,True
1202046679,,,,,,,10,10,True
1202046781,,,,,,,10,0,True
1202046833,,,,,,,6,6,True
1202046908,,,,,,,10,3,True
1202047262,,,,,,,10,0,True
1202048107,,,,,,,8,0,True
1202048139,,,,,,,9,0,True
1202048392,,,,,,,10,0,True
1202048432,,,,,,,10,0,True
1202049338,,,,,,,6,1,True
1202050952,,,,,,,10,10,True
1202050973,,,,,,,7,7,True
1202051038,,,,,,,6,0,True
1202051044,,,,,,,10,10,True
1202051149,,,,,,,10,0,True
1202051346,,,,,,,6,0,True
1202051653,,,,,,,7,0,True
1202051747,,,,,,,10,0,True
1202051824,,,,,,,10,0,True
1202052019,,,,,,,10,10,True
1202054106,,,,,,,10,5,True
1202054150,,,,,,,9,4,True
1202054174,,,,,,,7,7,True
1202054255,,,,,,,7,1,True
1202054302,,,,,,,10,10,True
1202054333,,,,,,,9,0,True
1202054400,1.0,1.0,1.0,1.0,2016-03-18 16:00:00+00:00,2016-03-18 16:00:00+00:00,10,10,True
1202054416,,,,,,,10,0,True
1202054444,1.0,1.0,1.0,1.0,2016-03-18 16:00:00+00:00,2016-03-18 16:00:00+00:00,10,10,True
1202054562,,,,,,,7,0,True
1202054643,,,,,,,10,10,True
1202054679,,,,,,,8,0,True
1202054715,,,,,,,9,0,True
1202054757,,,,,,,10,0,True
1202054803,,,,,,,10,0,True
1202054857,,,,,,,10,0,True
1202054862,,,,,,,10,0,True
1202054938,,,,,,,10,0,True
1202055112,,,,,,,10,0,True
1202055199,,,,,,,9,0,True
1202055233,,,,,,,10,10,True
1202055418,,,,,,,10,0,True
1202055435,,,,,,,9,9,True
1202055488,,,,,,,10,1,True
1202055698,,,,,,,5,5,True
1202056085,,,,,,,5,0,True
1202056847,,,,,,,10,0,True
1202057015,,,,,,,5,5,True
1202057075,,,,,,,8,8,True
1202057176,,,,,,,10,10,True
1202057250,,,,,,,10,0,True
1202057300,,,,,,,10,10,True
1202057329,,,,,,,6,6,True
1202057357,,,,,,,10,10,True
1202057538,,,,,,,10,0,True
1202057804,,,,,,,9,9,True
1202057824,,,,,,,10,0,True
1202057870,,,,,,,10,0,True
1202058118,,,,,,,10,10,True
1202058176,,,,,,,7,7,True
1202058195,,,,,,,10,0,True
1202058397,,,,,,,10,0,True
1202058805,,,,,,,10,0,True
1202059123,,,,,,,4,4,True
1202059779,,,,,,,10,0,True
1202062794,,,,,,,1,1,True
1202062836,,,,,,,8,0,True
1202062893,,,,,,,10,0,True
1202062925,,,,,,,10,0,True
1202063051,,,,,,,2,2,True
1202063098,,,,,,,10,0,True
1202063303,,,,,,,10,0,True
1202063472,,,,,,,6,0,True
1202063504,,,,,,,10,10,True
1202063536,,,,,,,10,0,True
1202063604,,,,,,,10,0,True
1202063640,,,,,,,10,0,True
1202063673,,,,,,,10,0,True
1202063757,,,,,,,2,0,True
1202063875,,,,,,,7,7,True
1202063894,,,,,,,9,0,True
1202064043,,,,,,,10,0,True
1202064088,,,,,,,10,10,True
1202064141,,,,,,,10,5,True
1202064203,,,,,,,10,0,True
1202064245,,,,,,,6,0,True
1202064295,,,,,,,10,1,True
1202064316,,,,,,,10,1,True
1202064358,,,,,,,10,0,True
1202064454,,,,,,,6,1,True
1202064679,,,,,,,10,0,True
1202064705,,,,,,,8,0,True
1202064722,2.0,2.0,1.0,2.0,2016-03-22 16:00:00+00:00,2016-03-22 16:00:00+00:00,9,9,True
1202064980,,,,,,,10,0,True
1202065188,,,,,,,10,0,True
1202065212,,,,,,,5,5,True
1202066200,,,,,,,10,0,True
1202066237,,,,,,,7,0,True
1202066309,,,,,,,10,0,True
1202066323,,,,,,,10,0,True
1202066532,,,,,,,9,0,True
1202066624,,,,,,,1,1,True
1202066673,,,,,,,7,0,True
1202066723,,,,,,,7,7,True
1202066783,,,,,,,10,0,True
1202066963,,,,,,,10,10,True
1202067026,1.0,1.0,1.0,1.0,2016-03-23 16:00:00+00:00,2016-03-23 16:00:00+00:00,9,9,True
1202067036,,,,,,,10,0,True
1202067164,,,,,,,10,0,True
1202067169,,,,,,,10,10,True
1202067211,1.0,1.0,1.0,1.0,2016-03-23 16:00:00+00:00,2016-03-23 16:00:00+00:00,9,8,True
1202067376,,,,,,,10,10,True
1202067555,,,,,,,5,0,True
1202067757,,,,,,,7,0,True
1202067822,,,,,,,4,4,True
1202068814,,,,,,,10,0,True
1202068868,,,,,,,7,7,True
1202069184,,,,,,,8,0,True
1202069348,,,,,,,10,0,True
1202069504,,,,,,,7,0,True
1202069693,,,,,,,7,7,True
1202069744,,,,,,,6,0,True
1202069746,,,,,,,10,0,True
1202069750,,,,,,,10,0,True
1202069832,,,,,,,2,2,True
1202071959,,,,,,,10,0,True
1202071996,,,,,,,9,9,True
1202072194,,,,,,,10,0,True
1202073853,,,,,,,10,0,True
1202073949,,,,,,,10,10,True
1202074220,3.0,3.0,1.0,3.0,2016-03-25 16:00:00+00:00,2016-03-25 16:00:00+00:00,13,13,True
1202074940,,,,,,,10,10,True
1202074996,,,,,,,10,0,True
1202075024,,,,,,,10,10,True
1202075073,,,,,,,2,2,True
1202075111,,,,,,,5,5,True
1202075196,,,,,,,10,0,True
1202075223,,,,,,,10,0,True
1202075256,,,,,,,7,0,True
1202075328,1.0,1.0,1.0,1.0,2016-03-25 16:00:00+00:00,2016-03-25 16:00:00+00:00,10,10,True
1202075403,,,,,,,10,0,True
1202075440,,,,,,,10,10,True
1202075579,,,,,,,10,0,True
1202075644,1.0,1.0,1.0,1.0,2016-03-25 16:00:00+00:00,2016-03-25 16:00:00+00:00,10,5,True
1202075792,,,,,,,5,5,True
1202075817,,,,,,,10,0,True
1202075872,,,,,,,6,0,True
1202075949,,,,,,,7,0,True
1202076031,,,,,,,10,0,True
1202076055,,,,,,,9,0,True
1202076118,,,,,,,10,0,True
1202077083,,,,,,,5,5,True
1202077438,,,,,,,10,0,True
1202077496,,,,,,,10,0,True
1202077500,,,,,,,10,0,True
1202077561,,,,,,,10,10,True
1202077651,,,,,,,5,5,True
1202077677,,,,,,,9,9,True
1202077699,,,,,,,10,10,True
1202077746,,,,,,,10,10,True
1202077768,,,,,,,10,0,True
1202077838,,,,,,,10,0,True
1202077901,,,,,,,9,0,True
1202077930,,,,,,,10,1,True
1202078133,,,,,,,10,0,True
1202078276,,,,,,,10,0,True
1202078419,,,,,,,10,0,True
1202078437,,,,,,,10,0,True
1202078465,,,,,,,5,0,True
1202078496,,,,,,,10,10,True
1202078811,,,,,,,10,0,True
1202078830,,,,,,,5,5,True
1202079022,,,,,,,10,0,True
1202079053,,,,,,,9,0,True
1202079062,,,,,,,10,0,True
1202079270,,,,,,,5,0,True
1202081771,,,,,,,10,0,True
1202081799,,,,,,,5,5,True
1202081825,,,,,,,10,0,True
1202081943,,,,,,,10,0,True
1202081961,,,,,,,10,0,True
1202081996,,,,,,,5,5,True
1202082056,,,,,,,5,0,True
1202082125,,,,,,,10,0,True
1202082141,,,,,,,7,0,True
1202082176,,,,,,,10,0,True
1202082222,,,,,,,10,10,True
1202082278,,,,,,,6,6,True
1202082322,,,,,,,9,0,True
1202082479,,,,,,,10,0,True
1202082701,,,,,,,10,10,True
1202082778,,,,,,,10,10,True
1202082938,,,,,,,10,0,True
1202082950,,,,,,,10,10,True
1202083023,,,,,,,10,10,True
1202083115,,,,,,,10,10,True
1202083139,,,,,,,3,3,True
1202083171,,,,,,,10,0,True
1202083241,,,,,,,5,4,True
1202083301,,,,,,,10,0,True
1202083377,,,,,,,10,0,True
1202083403,,,,,,,7,0,True
1202083506,,,,,,,10,10,True
1202083591,,,,,,,6,0,True
1202083705,,,,,,,10,0,True
1202083725,,,,,,,10,0,True
1202083777,,,,,,,7,7,True
1202083793,,,,,,,10,0,True
1202083831,,,,,,,9,9,True
1202083901,,,,,,,10,10,True
1202084008,,,,,,,5,0,True
1202084110,,,,,,,10,10,True
1202084158,,,,,,,10,0,True
1202084246,,,,,,,10,0,True
1202084327,,,,,,,8,0,True
1202084414,,,,,,,5,0,True
1202084442,,,,,,,10,0,True
1202084550,,,,,,,10,3,True
1202084605,,,,,,,17,7,True
1202084662,,,,,,,10,0,True
1202084788,,,,,,,10,0,True
1202084878,,,,,,,10,0,True
1202084927,,,,,,,10,0,True
1202084987,,,,,,,10,0,True
1202085066,,,,,,,10,0,True
1202085126,,,,,,,10,10,True
1202085175,,,,,,,5,5,True
1202085315,,,,,,,10,0,True
1202088109,,,,,,,10,10,True
1202088115,,,,,,,8,0,True
1202088144,,,,,,,10,0,True
1202088216,,,,,,,9,4,True
1202088285,,,,,,,10,10,True
1202088318,,,,,,,6,6,True
1202088357,,,,,,,10,0,True
1202088399,,,,,,,10,0,True
1202088434,,,,,,,10,5,True
1202088458,,,,,,,10,0,True
1202088494,,,,,,,10,10,True
1202088558,,,,,,,10,0,True
1202088573,,,,,,,17,8,True
1202088632,,,,,,,9,9,True
1202088653,,,,,,,10,0,True
1202088686,,,,,,,8,8,True
1202088701,,,,,,,10,0,True
1202088806,,,,,,,10,0,True
1202088882,,,,,,,10,0,True
1202088915,,,,,,,8,3,True
1202089013,,,,,,,7,7,True
1202089043,,,,,,,10,10,True
1202089069,,,,,,,5,5,True
1202089091,,,,,,,10,2,True
1202089121,,,,,,,10,0,True
1202089161,,,,,,,10,0,True
1202089219,,,,,,,10,10,True
1202089247,,,,,,,7,2,True
1202089345,,,,,,,6,6,True
1202089377,,,,,,,10,0,True
1202089445,,,,,,,10,0,True
1202089479,,,,,,,6,6,True
1202089513,,,,,,,10,0,True
1202089563,,,,,,,10,0,True
1202089738,,,,,,,10,0,True
1202089761,,,,,,,10,0,True
1202089823,,,,,,,10,0,True
1202089866,,,,,,,10,0,True
1202089912,,,,,,,6,0,True
1202089963,,,,,,,10,10,True
1202090009,,,,,,,10,0,True
1202090050,,,,,,,5,5,True
1202090071,1.0,1.0,1.0,1.0,2016-03-29 16:00:00+00:00,2016-03-29 16:00:00+00:00,10,10,True
1202090203,,,,,,,10,0,True
1202090232,,,,,,,10,0,True
1202090252,,,,,,,10,0,True
1202090327,,,,,,,8,8,True
1202090351,,,,,,,10,0,True
1202090442,,,,,,,10,0,True
1202090493,,,,,,,15,0,True
1202090519,,,,,,,8,0,True
1202090550,,,,,,,10,0,True
1202090554,,,,,,,5,5,True
1202090634,,,,,,,1,1,True
1202090651,,,,,,,10,0,True
1202090700,,,,,,,10,0,True
1202090718,,,,,,,5,0,True
1202090781,1.0,1.0,1.0,1.0,2016-03-29 16:00:00+00:00,2016-03-29 16:00:00+00:00,10,10,True
1202090846,,,,,,,8,0,True
1202090937,,,,,,,10,0,True
1202090950,,,,,,,10,0,True
1202091106,,,,,,,4,4,True
1202091190,,,,,,,7,0,True
1202091272,,,,,,,5,0,True
1202091315,,,,,,,10,0,True
1202091380,,,,,,,8,0,True
1202091493,,,,,,,10,0,True
1202093719,,,,,,,6,0,True
1202093878,,,,,,,10,0,True
1202094002,,,,,,,10,0,True
1202094045,,,,,,,10,10,True
1202094074,,,,,,,7,0,True
1202094098,,,,,,,10,0,True
1202094214,,,,,,,10,0,True
1202094226,,,,,,,10,10,True
1202094284,,,,,,,6,0,True
1202094378,,,,,,,10,5,True
1202094385,,,,,,,10,10,True
1202094410,,,,,,,10,0,True
1202094467,,,,,,,10,0,True
1202094509,,,,,,,5,5,True
1202094866,,,,,,,10,10,True
1202094952,,,,,,,4,0,True
1202098108,,,,,,,7,7,True
1202098119,,,,,,,14,0,True
1202098158,,,,,,,7,0,True
1202098229,,,,,,,7,0,True
1202098250,,,,,,,10,0,True
1202098320,,,,,,,10,10,True
1202098341,,,,,,,10,0,True
1202098352,,,,,,,8,8,True
1202098371,,,,,,,1,1,True
1202098433,1.0,1.0,1.0,1.0,2016-03-30 16:00:00+00:00,2016-03-30 16:00:00+00:00,2,2,True
1202098468,,,,,,,8,0,True
1202098533,,,,,,,5,0,True
1202098569,,,,,,,10,10,True
1202098619,2.0,2.0,1.0,2.0,2016-03-30 16:00:00+00:00,2016-03-30 16:00:00+00:00,7,7,True
1202098628,,,,,,,10,10,True
1202098668,,,,,,,10,0,True
1202098736,,,,,,,6,0,True
1202098786,,,,,,,10,0,True
1202098794,,,,,,,10,1,True
1202098852,,,,,,,5,0,True
1202098909,,,,,,,10,0,True
1202098973,,,,,,,1,1,True
1202099049,,,,,,,8,8,True
1202099082,,,,,,,10,0,True
1202099120,,,,,,,10,0,True
1202099201,,,,,,,10,0,True
1202099257,,,,,,,9,0,True
1202099377,,,,,,,6,0,True
1202099392,,,,,,,10,0,True
1202099539,,,,,,,10,0,True
1202099599,,,,,,,6,0,True
1202099648,,,,,,,9,0,True
1202099660,,,,,,,10,0,True
1202099701,,,,,,,6,0,True
1202099783,,,,,,,5,0,True
1202099816,,,,,,,7,7,True
1202099838,,,,,,,10,5,True
1202099932,,,,,,,7,7,True
1202099951,,,,,,,10,0,True
1202099974,,,,,,,6,0,True
1202099983,,,,,,,10,5,True
1202100042,,,,,,,10,10,True
1202100061,1.0,1.0,1.0,1.0,2016-03-30 16:00:00+00:00,2016-03-30 16:00:00+00:00,7,6,True
1202100180,,,,,,,10,10,True
1202100253,,,,,,,10,0,True
1202100298,,,,,,,7,0,True
1202100497,,,,,,,9,0,True
1202100525,,,,,,,9,0,True
1202100628,,,,,,,10,0,True
1202100765,,,,,,,10,10,True
1202100882,,,,,,,10,10,True
1202100989,,,,,,,10,1,True
1202101065,,,,,,,10,10,True
1202101097,,,,,,,10,0,True
1202101175,,,,,,,10,0,True
1202101191,,,,,,,5,5,True
1202101334,,,,,,,10,0,True
1202101764,,,,,,,5,0,True
1202101968,,,,,,,10,0,True
1202102637,,,,,,,7,0,True
1202103565,,,,,,,9,8,True
1202103998,,,,,,,5,5,True
1202104152,,,,,,,10,0,True
1202104208,,,,,,,7,0,True
1202104436,,,,,,,5,0,True
1202104925,,,,,,,5,0,True
1202106500,,,,,,,10,10,True
1202106548,,,,,,,10,0,True
1202106559,,,,,,,8,0,True
1202109373,,,,,,,10,7,True
1202109414,,,,,,,10,10,True
1202109458,,,,,,,7,6,True
1202109489,,,,,,,16,6,True
1202109499,,,,,,,10,0,True
1202109518,,,,,,,10,0,True
1202109544,,,,,,,10,0,True
1202109561,,,,,,,10,0,True
1202109598,,,,,,,10,0,True
1202109612,,,,,,,10,0,True
1202109689,,,,,,,9,9,True
1202109705,,,,,,,10,10,True
1202109712,,,,,,,5,0,True
1202109787,,,,,,,10,0,True
1202109821,,,,,,,10,0,True
1202109847,,,,,,,10,10,True
1202109880,,,,,,,1,1,True
1202109897,,,,,,,6,6,True
1202109938,,,,,,,10,0,True
1202109964,,,,,,,10,0,True
1202110015,,,,,,,10,1,True
1202110073,,,,,,,10,0,True
1202110109,,,,,,,7,0,True
1202110144,,,,,,,7,0,True
1202110170,,,,,,,7,0,True
1202110211,,,,,,,9,9,True
1202110255,,,,,,,9,0,True
1202110281,,,,,,,9,0,True
1202110296,,,,,,,10,0,True
1202110323,,,,,,,10,10,True
1202110365,,,,,,,7,0,True
1202110439,,,,,,,10,0,True
1202110564,1.0,1.0,1.0,1.0,2016-03-31 16:00:00+00:00,2016-03-31 16:00:00+00:00,9,9,True
1202110667,,,,,,,6,0,True
1202110697,,,,,,,10,0,True
1202110747,,,,,,,10,0,True
1202110817,,,,,,,10,0,True
1202110826,,,,,,,10,0,True
1202110964,,,,,,,10,0,True
1202110997,1.0,1.0,1.0,1.0,2016-03-31 16:00:00+00:00,2016-03-31 16:00:00+00:00,10,10,True
1202111016,,,,,,,10,0,True
1202111065,,,,,,,10,0,True
1202111070,,,,,,,6,6,True
1202111154,,,,,,,10,0,True
1202111174,1.0,1.0,1.0,1.0,2016-03-31 16:00:00+00:00,2016-03-31 16:00:00+00:00,7,7,True
1202111214,,,,,,,10,0,True
1202111240,,,,,,,6,6,True
1202111250,,,,,,,10,10,True
1202111324,,,,,,,7,0,True
1202111354,,,,,,,10,0,True
1202111411,,,,,,,10,5,True
1202111519,,,,,,,10,0,True
1202111582,,,,,,,10,0,True
1202111613,,,,,,,10,0,True
1202111614,,,,,,,10,0,True
1202111660,,,,,,,7,0,True
1202111682,,,,,,,10,10,True
1202111780,,,,,,,10,0,True
1202111927,,,,,,,10,0,True
1202111959,1.0,1.0,1.0,1.0,2016-03-31 16:00:00+00:00,2016-03-31 16:00:00+00:00,10,10,True
1202112068,,,,,,,10,0,True
1202112131,,,,,,,7,0,True
1202112236,,,,,,,10,10,True
1202112344,,,,,,,8,1,True
1202112349,,,,,,,10,0,True
1202112402,,,,,,,10,0,True
1202112457,,,,,,,9,9,True
1202112538,,,,,,,10,0,True
1202112583,,,,,,,10,0,True
1202112632,,,,,,,7,7,True
1202112658,,,,,,,10,0,True
1202112684,,,,,,,10,0,True
1202112756,,,,,,,10,0,True
1202112792,,,,,,,10,0,True
1202112827,,,,,,,10,10,True
1202112920,,,,,,,8,0,True
1202112978,,,,,,,10,10,True
1202113030,,,,,,,10,5,True
1202113067,,,,,,,10,0,True
1202113092,,,,,,,10,10,True
1202113117,1.0,1.0,1.0,1.0,2016-03-31 16:00:00+00:00,2016-03-31 16:00:00+00:00,10,10,True
1202113204,,,,,,,10,10,True
1202113296,,,,,,,10,0,True
1202113353,,,,,,,10,0,True
1202113389,,,,,,,10,0,True
1202113421,,,,,,,10,0,True
1202113442,,,,,,,10,10,True
1202113532,,,,,,,6,0,True
1202113625,,,,,,,10,10,True
1202113751,,,,,,,10,10,True
1202113802,,,,,,,5,5,True
1202113827,,,,,,,7,0,True
1202113848,,,,,,,8,8,True
1202113871,,,,,,,10,10,True
1202113923,,,,,,,10,0,True
1202113952,,,,,,,7,7,True
1202113990,,,,,,,10,10,True
1202114013,,,,,,,10,0,True
1202114032,,,,,,,10,0,True
1202114064,,,,,,,10,0,True
1202114096,,,,,,,10,0,True
1202114119,,,,,,,10,0,True
1202114160,,,,,,,9,0,True
1202114205,,,,,,,8,8,True
1202114236,,,,,,,10,0,True
1202114276,,,,,,,7,0,True
1202114316,,,,,,,7,0,True
1202114326,,,,,,,10,0,True
1202114367,,,,,,,10,5,True
1202114406,,,,,,,10,0,True
1202114415,,,,,,,10,0,True
1202114542,,,,,,,5,5,True
1202114924,,,,,,,3,1,True
1202115027,,,,,,,5,0,True
1202115171,,,,,,,10,0,True
1202115736,,,,,,,5,5,True
1202115812,,,,,,,5,5,True
1202115849,,,,,,,10,10,True
1202116207,,,,,,,5,5,True
1202116234,,,,,,,5,5,True
1202116257,2.0,2.0,1.0,2.0,2016-03-31 16:00:00+00:00,2016-03-31 16:00:00+00:00,9,9,True
1202121874,,,,,,,10,10,True
1202121900,,,,,,,10,0,True
1202121928,,,,,,,10,0,True
1202122031,,,,,,,10,0,True
1202122079,,,,,,,10,0,True
1202122086,,,,,,,10,0,True
1202122231,,,,,,,10,0,True
1202122280,,,,,,,10,0,True
1202122326,,,,,,,10,10,True
1202122596,,,,,,,10,0,True
1202122663,,,,,,,10,10,True
1202122760,,,,,,,10,4,True
1202122913,,,,,,,10,0,True
1202122953,,,,,,,10,0,True
1202123023,,,,,,,10,0,True
1202123107,,,,,,,9,9,True
1202123140,,,,,,,10,10,True
1202123388,,,,,,,5,5,True
1202123493,,,,,,,10,0,True
1202131933,,,,,,,10,0,True
1202132162,,,,,,,10,0,True
1202132295,,,,,,,10,0,True
1202132588,,,,,,,10,0,True
1202132632,,,,,,,7,0,True
1202132637,,,,,,,10,1,True
1202133010,,,,,,,8,0,True
1202133150,,,,,,,10,0,True
1202133264,,,,,,,10,10,True
1202133330,,,,,,,10,0,True
1202133358,,,,,,,10,0,True
1202133464,,,,,,,10,10,True
1202133529,,,,,,,7,7,True
1202133653,,,,,,,10,0,True
1202133677,,,,,,,10,10,True
1202133833,,,,,,,10,0,True
1202133863,,,,,,,10,0,True
1202134086,,,,,,,6,0,True
1202134146,,,,,,,9,0,True
1202134484,,,,,,,10,0,True
1202134828,,,,,,,10,0,True
1202137676,,,,,,,5,0,True
1202137754,,,,,,,2,2,True
1202137834,,,,,,,5,5,True
1202138749,,,,,,,10,0,True
1202138785,,,,,,,6,0,True
1202138839,1.0,1.0,1.0,1.0,2016-04-06 16:00:00+00:00,2016-04-06 16:00:00+00:00,10,10,True
1202139419,,,,,,,10,0,True
1202139594,,,,,,,10,10,True
1202139630,,,,,,,10,0,True
1202139662,,,,,,,10,10,True
1202139800,,,,,,,10,10,True
1202139839,,,,,,,2,0,True
1202139885,,,,,,,8,5,True
1202140205,,,,,,,10,10,True
1202140253,,,,,,,8,0,True
1202141327,,,,,,,10,0,True
1202141465,,,,,,,5,0,True
1202144173,,,,,,,5,5,True
1202144201,,,,,,,10,0,True
1202144631,,,,,,,9,0,True
1202144734,,,,,,,10,0,True
1202145060,,,,,,,10,10,True
1202145906,,,,,,,10,0,True
1202148677,,,,,,,10,0,True
1202148779,,,,,,,10,0,True
1202148844,,,,,,,10,0,True
1202148862,1.0,1.0,1.0,1.0,2016-04-08 16:00:00+00:00,2016-04-08 16:00:00+00:00,10,10,True
1202149157,,,,,,,5,0,True
1202149345,,,,,,,10,0,True
1202149558,,,,,,,10,10,True
1202149580,,,,,,,10,0,True
1202149647,,,,,,,10,10,True
1202149714,,,,,,,10,10,True
1202149766,,,,,,,9,0,True
1202149807,1.0,1.0,1.0,1.0,2016-04-08 16:00:00+00:00,2016-04-08 16:00:00+00:00,10,10,True
1202149841,,,,,,,6,0,True
1202150039,,,,,,,9,0,True
1202150105,,,,,,,10,0,True
1202150155,,,,,,,10,0,True
1202150218,,,,,,,10,0,True
1202150277,,,,,,,5,5,True
1202150359,,,,,,,5,5,True
1202150395,,,,,,,10,0,True
1202150453,,,,,,,5,0,True
1202150470,,,,,,,10,0,True
1202150524,,,,,,,5,1,True
1202150560,,,,,,,10,0,True
1202150604,,,,,,,6,0,True
1202150635,,,,,,,10,10,True
1202150667,,,,,,,10,0,True
1202150675,,,,,,,4,4,True
1202150728,,,,,,,7,0,True
1202150778,,,,,,,8,8,True
1202150839,,,,,,,10,5,True
1202150869,,,,,,,10,0,True
1202151010,,,,,,,10,0,True
1202151096,,,,,,,10,0,True
1202151152,,,,,,,5,5,True
1202151197,,,,,,,9,0,True
1202151231,,,,,,,10,0,True
1202154569,,,,,,,10,10,True
1202154655,,,,,,,10,10,True
1202154716,,,,,,,7,7,True
1202154764,,,,,,,10,0,True
1202154810,,,,,,,6,0,True
1202154849,,,,,,,10,0,True
1202154919,,,,,,,5,0,True
1202155011,,,,,,,9,9,True
1202155021,,,,,,,10,10,True
1202155082,,,,,,,10,0,True
1202155393,,,,,,,6,0,True
1202155467,,,,,,,10,0,True
1202155515,1.0,1.0,1.0,1.0,2016-04-09 16:00:00+00:00,2016-04-09 16:00:00+00:00,10,10,True
1202155701,,,,,,,10,10,True
1202155731,,,,,,,10,3,True
1202155857,,,,,,,10,10,True
1202155950,,,,,,,10,0,True
1202155959,,,,,,,10,10,True
1202156160,,,,,,,10,0,True
1202156184,,,,,,,10,10,True
1202156231,,,,,,,10,0,True
1202156273,,,,,,,10,0,True
1202156332,,,,,,,15,5,True
1202156391,,,,,,,10,5,True
1202156406,,,,,,,10,0,True
1202156474,,,,,,,10,0,True
1202156548,,,,,,,10,0,True
1202156663,,,,,,,10,0,True
1202156696,,,,,,,10,0,True
1202156934,,,,,,,10,0,True
1202157004,,,,,,,9,0,True
1202157110,,,,,,,5,5,True
1202157224,,,,,,,10,0,True
1202157353,2.0,2.0,1.0,2.0,2016-04-09 16:00:00+00:00,2016-04-09 16:00:00+00:00,10,10,True
1202157409,,,,,,,10,10,True
1202157777,,,,,,,5,0,True
1202161739,,,,,,,10,10,True
1202161791,,,,,,,10,0,True
1202161828,,,,,,,10,0,True
1202161894,,,,,,,10,0,True
1202161944,,,,,,,10,10,True
1202162035,,,,,,,7,0,True
1202162058,,,,,,,10,10,True
1202162083,,,,,,,15,0,True
1202162128,,,,,,,10,10,True
1202162167,,,,,,,8,0,True
1202162279,,,,,,,10,0,True
1202162305,,,,,,,10,10,True
1202162330,,,,,,,10,0,True
1202162360,,,,,,,5,0,True
1202162432,,,,,,,10,0,True
1202162448,,,,,,,10,2,True
1202162538,,,,,,,10,0,True
1202162755,,,,,,,15,15,True
1202162776,,,,,,,10,0,True
1202162895,,,,,,,6,0,True
1202163040,,,,,,,10,0,True
1202163102,,,,,,,10,0,True
1202163127,,,,,,,10,0,True
1202163133,,,,,,,7,0,True
1202163197,,,,,,,8,0,True
1202163221,,,,,,,10,0,True
1202163263,1.0,1.0,1.0,1.0,2016-04-12 16:00:00+00:00,2016-04-12 16:00:00+00:00,8,8,True
1202163408,,,,,,,10,0,True
1202163448,,,,,,,10,0,True
1202163480,1.0,1.0,1.0,1.0,2016-04-12 16:00:00+00:00,2016-04-12 16:00:00+00:00,10,5,True
1202163489,,,,,,,10,0,True
1202163667,,,,,,,5,0,True
1202163729,,,,,,,10,0,True
1202163816,,,,,,,10,0,True
1202163881,,,,,,,7,0,True
1202163901,,,,,,,10,0,True
1202163941,,,,,,,10,0,True
1202164031,,,,,,,9,0,True
1202164090,,,,,,,8,0,True
1202164276,,,,,,,10,0,True
1202164317,1.0,1.0,1.0,1.0,2016-04-12 16:00:00+00:00,2016-04-12 16:00:00+00:00,10,10,True
1202164327,,,,,,,7,7,True
1202164360,,,,,,,10,10,True
1202164407,,,,,,,7,0,True
1202164428,,,,,,,2,2,True
1202164581,,,,,,,10,0,True
1202164661,,,,,,,7,0,True
1202168568,,,,,,,10,0,True
1202168603,,,,,,,5,0,True
1202168723,,,,,,,10,0,True
1202168922,,,,,,,9,0,True
1202169103,1.0,1.0,1.0,1.0,2016-04-13 16:00:00+00:00,2016-04-13 16:00:00+00:00,6,6,True
1202169246,,,,,,,10,0,True
1202169280,,,,,,,10,0,True
1202169367,,,,,,,8,8,True
1202169431,,,,,,,5,0,True
1202169690,,,,,,,10,0,True
1202169838,1.0,1.0,1.0,1.0,2016-04-13 16:00:00+00:00,2016-04-13 16:00:00+00:00,6,6,True
1202170155,,,,,,,10,0,True
1202170203,,,,,,,10,0,True
1202170341,,,,,,,10,0,True
1202170521,,,,,,,10,0,True
1202173671,,,,,,,10,0,True
1202173767,,,,,,,8,2,True
1202173870,,,,,,,8,8,True
1202173920,,,,,,,7,7,True
1202174145,,,,,,,10,10,True
1202174614,,,,,,,10,0,True
1202174678,,,,,,,10,0,True
1202174828,,,,,,,10,0,True
1202174865,,,,,,,10,0,True
1202174986,,,,,,,10,0,True
1202175066,,,,,,,10,0,True
1202175152,,,,,,,10,0,True
1202175157,,,,,,,10,0,True
1202175281,,,,,,,5,0,True
1202175329,,,,,,,6,6,True
1202178469,,,,,,,6,0,True
1202178499,,,,,,,10,0,True
1202178541,,,,,,,10,0,True
1202178571,,,,,,,10,0,True
1202178651,,,,,,,2,1,True
1202178710,,,,,,,7,7,True
1202178719,,,,,,,9,0,True
1202178772,,,,,,,10,5,True
1202178810,,,,,,,10,0,True
1202178836,,,,,,,10,0,True
1202178993,,,,,,,10,10,True
1202179037,,,,,,,2,2,True
1202179117,,,,,,,5,5,True
1202179122,,,,,,,10,0,True
1202179292,,,,,,,10,10,True
1202179408,,,,,,,10,0,True
1202179544,,,,,,,10,0,True
1202179582,,,,,,,9,0,True
1202179643,,,,,,,15,0,True
1202179753,,,,,,,6,6,True
1202179826,,,,,,,10,0,True
1202179926,,,,,,,9,9,True
1202180084,,,,,,,10,0,True
1202180118,,,,,,,10,0,True
1202180186,,,,,,,8,3,True
1202180196,,,,,,,5,5,True
1202180213,,,,,,,6,0,True
1202180243,,,,,,,10,0,True
1202180260,,,,,,,5,0,True
1202180339,,,,,,,8,8,True
1202180371,1.0,1.0,1.0,1.0,2016-04-15 16:00:00+00:00,2016-04-15 16:00:00+00:00,6,6,True
1202180441,,,,,,,10,0,True
1202180450,,,,,,,10,0,True
1202180756,,,,,,,10,0,True
1202180837,,,,,,,10,0,True
1202180925,,,,,,,10,0,True
1202180948,,,,,,,10,10,True
1202180982,1.0,1.0,1.0,1.0,2016-04-15 16:00:00+00:00,2016-04-15 16:00:00+00:00,10,10,True
1202181023,,,,,,,10,10,True
1202181081,,,,,,,10,10,True
1202181092,,,,,,,10,0,True
1202181124,,,,,,,10,0,True
1202181180,,,,,,,10,0,True
1202181328,,,,,,,10,10,True
1202181334,,,,,,,10,0,True
1202181459,,,,,,,9,9,True
1202181619,,,,,,,5,5,True
1202181625,,,,,,,7,0,True
1202181673,,,,,,,10,0,True
1202181684,,,,,,,10,0,True
1202181741,,,,,,,10,0,True
1202181809,,,,,,,10,10,True
1202181880,,,,,,,9,0,True
1202181899,,,,,,,7,7,True
1202181923,,,,,,,5,5,True
1202182027,,,,,,,5,0,True
1202185525,,,,,,,10,10,True
1202185529,,,,,,,10,0,True
1202185591,,,,,,,10,0,True
1202185666,,,,,,,10,10,True
1202185709,,,,,,,10,0,True
1202185768,,,,,,,10,0,True
1202185815,,,,,,,6,0,True
1202185900,,,,,,,10,0,True
1202185903,,,,,,,10,0,True
1202186065,,,,,,,10,0,True
1202186624,,,,,,,10,0,True
1202186647,,,,,,,10,0,True
1202186698,,,,,,,10,0,True
1202186725,,,,,,,10,0,True
1202186773,,,,,,,10,10,True
1202186867,,,,,,,1,1,True
1202186907,,,,,,,7,0,True
1202186952,,,,,,,10,0,True
1202187035,1.0,1.0,1.0,1.0,2016-04-16 16:00:00+00:00,2016-04-16 16:00:00+00:00,6,6,True
1202187086,,,,,,,10,0,True
1202187152,,,,,,,5,0,True
1202187227,,,,,,,9,9,True
1202187254,,,,,,,10,0,True
1202187286,,,,,,,10,0,True
1202187315,,,,,,,2,2,True
1202187354,,,,,,,10,0,True
1202187989,,,,,,,8,7,True
1202188023,,,,,,,10,0,True
1202188134,,,,,,,6,0,True
1202188165,,,,,,,10,0,True
1202188207,,,,,,,10,10,True
1202188230,,,,,,,10,0,True
1202188368,,,,,,,8,0,True
1202188414,,,,,,,5,5,True
1202188426,,,,,,,5,5,True
1202188471,,,,,,,8,0,True
1202188618,,,,,,,10,0,True
1202188621,,,,,,,10,0,True
1202188670,,,,,,,6,6,True
1202188780,,,,,,,10,10,True
1202188825,,,,,,,6,6,True
1202189176,,,,,,,10,10,True
1202189279,,,,,,,10,0,True
1202189312,,,,,,,8,0,True
1202189571,,,,,,,10,0,True
1202193596,,,,,,,10,0,True
1202193735,,,,,,,10,0,True
1202193812,,,,,,,10,0,True
1202193856,,,,,,,10,0,True
1202193932,,,,,,,7,0,True
1202193970,,,,,,,10,0,True
1202194025,,,,,,,10,5,True
1202194060,,,,,,,10,0,True
1202194100,,,,,,,9,9,True
1202194112,,,,,,,10,3,True
1202194185,,,,,,,10,0,True
1202194211,,,,,,,10,0,True
1202194451,,,,,,,7,0,True
1202194575,,,,,,,5,0,True
1202194608,,,,,,,13,0,True
1202194617,,,,,,,7,7,True
1202194702,,,,,,,10,0,True
1202194745,,,,,,,5,5,True
1202194797,,,,,,,10,10,True
1202194868,,,,,,,9,0,True
1202195020,,,,,,,10,2,True
1202195057,,,,,,,10,0,True
1202195076,,,,,,,10,0,True
1202195108,,,,,,,12,12,True
1202195363,,,,,,,10,0,True
1202195448,,,,,,,6,0,True
1202195589,,,,,,,10,1,True
1202195748,,,,,,,10,0,True
1202195891,,,,,,,5,5,True
1202195930,,,,,,,10,10,True
1202195956,,,,,,,8,8,True
1202196102,,,,,,,10,10,True
1202196140,,,,,,,10,10,True
1202196255,,,,,,,10,0,True
1202196341,,,,,,,10,0,True
1202196406,,,,,,,5,0,True
1202196486,,,,,,,10,0,True
1202196564,,,,,,,10,0,True
1202196611,,,,,,,10,0,True
1202196656,,,,,,,5,0,True
1202196723,,,,,,,10,0,True
1202196746,,,,,,,10,0,True
1202196807,,,,,,,10,0,True
1202196818,,,,,,,10,0,True
1202196876,,,,,,,10,10,True
1202196915,,,,,,,10,0,True
1202196953,,,,,,,10,0,True
1202197001,,,,,,,10,0,True
1202197060,,,,,,,10,0,True
1202197085,,,,,,,5,0,True
1202197114,,,,,,,15,0,True
1202197170,1.0,1.0,1.0,1.0,2016-04-19 16:00:00+00:00,2016-04-19 16:00:00+00:00,10,10,True
1202197518,,,,,,,5,0,True
1202197569,,,,,,,10,0,True
1202197611,,,,,,,9,0,True
1202197633,,,,,,,10,0,True
1202201420,,,,,,,10,10,True
1202202272,,,,,,,9,0,True
1202202378,,,,,,,10,0,True
1202202410,,,,,,,10,0,True
1202202434,,,,,,,10,0,True
1202202590,,,,,,,10,0,True
1202202770,,,,,,,10,0,True
1202202891,,,,,,,10,0,True
1202202920,,,,,,,10,0,True
1202202983,,,,,,,10,0,True
1202203060,,,,,,,10,0,True
1202203067,,,,,,,10,10,True
1202203105,,,,,,,10,0,True
1202203287,,,,,,,10,0,True
1202203317,,,,,,,10,10,True
1202203440,,,,,,,10,0,True
1202203473,,,,,,,4,4,True
1202203560,,,,,,,8,0,True
1202203838,,,,,,,10,0,True
1202203934,,,,,,,10,0,True
1202203974,,,,,,,10,0,True
1202204015,,,,,,,6,0,True
1202204059,,,,,,,10,0,True
1202204100,,,,,,,10,0,True
1202204132,,,,,,,10,0,True
1202204299,,,,,,,7,7,True
1202204423,,,,,,,10,0,True
1202204536,,,,,,,10,0,True
1202204541,,,,,,,10,0,True
1202204730,,,,,,,10,0,True
1202204854,,,,,,,10,1,True
1202204892,,,,,,,8,0,True
1202204938,,,,,,,7,7,True
1202204970,,,,,,,10,0,True
1202205084,,,,,,,10,0,True
1202205090,,,,,,,10,5,True
1202205209,,,,,,,4,4,True
1202205374,,,,,,,9,9,True
1202205446,1.0,1.0,1.0,1.0,2016-04-20 16:00:00+00:00,2016-04-20 16:00:00+00:00,10,10,True
1202205453,,,,,,,8,0,True
1202205481,,,,,,,10,0,True
1202205571,,,,,,,10,0,True
1202205613,,,,,,,10,0,True
1202205637,,,,,,,10,0,True
1202205666,,,,,,,10,0,True
1202205737,,,,,,,5,5,True
1202210035,1.0,1.0,1.0,1.0,2016-04-21 16:00:00+00:00,2016-04-21 16:00:00+00:00,5,5,True
1202210084,,,,,,,10,0,True
1202210116,,,,,,,10,0,True
1202210196,,,,,,,10,0,True
1202210343,,,,,,,9,0,True
1202210449,,,,,,,10,0,True
1202210638,,,,,,,10,0,True
1202210674,,,,,,,10,0,True
1202210697,,,,,,,10,0,True
1202210704,,,,,,,5,5,True
1202210781,,,,,,,10,0,True
1202211014,,,,,,,5,5,True
1202211163,,,,,,,8,0,True
1202211261,,,,,,,10,0,True
1202211604,,,,,,,8,8,True
1202211635,,,,,,,10,10,True
1202211697,,,,,,,10,10,True
1202211756,,,,,,,10,10,True
1202211967,,,,,,,10,0,True
1202212243,,,,,,,10,10,True
1202212308,,,,,,,10,0,True
1202212383,2.0,2.0,1.0,2.0,2016-04-21 16:00:00+00:00,2016-04-21 16:00:00+00:00,10,10,True
1202212409,,,,,,,10,10,True
1202212530,,,,,,,10,0,True
1202212536,,,,,,,10,0,True
1202212546,,,,,,,10,0,True
1202212731,,,,,,,10,0,True
1202212749,,,,,,,10,0,True
1202212815,,,,,,,10,0,True
1202212888,,,,,,,9,0,True
1202213028,,,,,,,10,0,True
1202214777,,,,,,,2,2,True
1202214880,,,,,,,5,0,True
1202214928,,,,,,,7,7,True
1202214975,,,,,,,6,6,True
1202214999,,,,,,,10,0,True
1202215059,,,,,,,10,0,True
1202215196,,,,,,,10,0,True
1202215273,,,,,,,10,0,True
1202215289,,,,,,,10,0,True
1202215482,,,,,,,10,0,True
1202215535,,,,,,,10,0,True
1202215695,,,,,,,10,0,True
1202215707,,,,,,,10,0,True
1202215748,,,,,,,10,0,True
1202215756,,,,,,,10,0,True
1202215803,,,,,,,5,0,True
1202215836,,,,,,,10,0,True
1202215862,,,,,,,7,0,True
1202215944,,,,,,,6,0,True
1202215978,,,,,,,6,0,True
1202216056,,,,,,,10,0,True
1202216066,,,,,,,10,0,True
1202216130,,,,,,,7,7,True
1202216258,,,,,,,5,5,True
1202216400,,,,,,,10,0,True
1202216426,,,,,,,10,0,True
1202216479,,,,,,,5,0,True
1202216578,,,,,,,10,0,True
1202216593,,,,,,,10,10,True
1202216627,,,,,,,10,0,True
1202216727,,,,,,,10,0,True
1202216781,,,,,,,10,10,True
1202216878,,,,,,,10,0,True
1202216942,,,,,,,10,0,True
1202217060,,,,,,,9,0,True
1202217142,,,,,,,10,0,True
1202217188,,,,,,,10,10,True
1202217283,,,,,,,10,10,True
1202217340,,,,,,,10,0,True
1202217380,,,,,,,6,0,True
1202217468,,,,,,,10,0,True
1202217500,,,,,,,10,0,True
1202217588,,,,,,,10,0,True
1202217669,,,,,,,10,0,True
1202217724,,,,,,,10,0,True
1202217771,,,,,,,10,0,True
1202217863,,,,,,,10,0,True
1202217874,,,,,,,10,0,True
1202217962,,,,,,,10,0,True
1202218007,,,,,,,10,0,True
1202218048,,,,,,,10,0,True
1202218119,,,,,,,8,0,True
1202218147,,,,,,,10,0,True
1202218163,,,,,,,10,0,True
1202218189,,,,,,,10,0,True
1202218228,,,,,,,10,10,True
1202218251,,,,,,,10,0,True
1202218306,,,,,,,10,0,True
1202218382,,,,,,,10,0,True
1202218434,,,,,,,7,2,True
1202218482,1.0,1.0,1.0,1.0,2016-04-22 16:00:00+00:00,2016-04-22 16:00:00+00:00,10,10,True
1202218507,,,,,,,7,0,True
1202218534,,,,,,,10,0,True
1202218542,,,,,,,10,0,True
1202218650,,,,,,,10,0,True
1202218759,,,,,,,8,8,True
1202218788,,,,,,,10,0,True
1202218805,,,,,,,6,6,True
1202218930,,,,,,,9,0,True
1202218956,,,,,,,7,0,True
1202219051,,,,,,,10,0,True
1202219099,,,,,,,6,0,True
1202219118,,,,,,,9,0,True
1202219183,,,,,,,10,0,True
1202219220,,,,,,,10,4,True
1202219305,,,,,,,10,10,True
1202219354,,,,,,,10,0,True
1202219395,,,,,,,10,0,True
1202219481,,,,,,,10,0,True
1202219491,,,,,,,10,0,True
1202219543,,,,,,,8,0,True
1202219552,,,,,,,10,10,True
1202219595,,,,,,,10,10,True
1202219689,,,,,,,10,2,True
1202219714,1.0,1.0,1.0,1.0,2016-04-22 16:00:00+00:00,2016-04-22 16:00:00+00:00,9,8,True
1202219759,,,,,,,10,0,True
1202219777,,,,,,,10,0,True
1202219831,,,,,,,7,0,True
1202219859,,,,,,,6,0,True
1202219886,,,,,,,10,0,True
1202219935,,,,,,,5,0,True
1202220029,,,,,,,5,0,True
1202224924,,,,,,,10,0,True
1202225285,,,,,,,10,10,True
1202225327,,,,,,,10,0,True
1202225338,,,,,,,5,5,True
1202225385,,,,,,,10,0,True
1202225391,,,,,,,5,0,True
1202225450,,,,,,,10,0,True
1202225584,,,,,,,10,10,True
1202225645,,,,,,,10,10,True
1202225731,,,,,,,8,8,True
1202225739,,,,,,,10,0,True
1202225772,,,,,,,10,0,True
1202225854,,,,,,,10,0,True
1202225890,1.0,1.0,1.0,1.0,2016-04-23 16:00:00+00:00,2016-04-23 16:00:00+00:00,12,12,True
1202225923,,,,,,,10,0,True
1202225991,,,,,,,10,0,True
1202226017,,,,,,,6,0,True
1202226064,,,,,,,10,0,True
1202226081,,,,,,,10,10,True
1202226091,,,,,,,10,0,True
1202226159,,,,,,,10,0,True
1202226183,1.0,1.0,1.0,1.0,2016-04-23 16:00:00+00:00,2016-04-23 16:00:00+00:00,5,5,True
1202226222,1.0,1.0,1.0,1.0,2016-04-23 16:00:00+00:00,2016-04-23 16:00:00+00:00,10,10,True
1202226246,1.0,1.0,1.0,1.0,2016-04-25 16:00:00+00:00,2016-04-25 16:00:00+00:00,10,10,True
1202226288,,,,,,,10,10,True
1202226344,,,,,,,6,6,True
1202226380,,,,,,,7,0,True
1202226425,,,,,,,8,0,True
1202226521,,,,,,,5,5,True
1202226538,1.0,1.0,1.0,1.0,2016-04-23 16:00:00+00:00,2016-04-23 16:00:00+00:00,9,9,True
1202226572,,,,,,,6,0,True
1202226717,,,,,,,10,0,True
1202226753,,,,,,,10,0,True
1202226777,,,,,,,10,0,True
1202226860,,,,,,,9,9,True
1202226892,,,,,,,10,10,True
1202226937,,,,,,,10,0,True
1202226966,,,,,,,7,0,True
1202227006,,,,,,,10,0,True
1202227048,,,,,,,10,10,True
1202227141,,,,,,,10,10,True
1202227210,,,,,,,10,0,True
1202227239,,,,,,,10,0,True
1202227259,,,,,,,10,10,True
1202227356,,,,,,,9,0,True
1202227400,,,,,,,10,0,True
1202227414,,,,,,,10,0,True
1202227434,,,,,,,10,10,True
1202227499,,,,,,,10,0,True
1202227527,,,,,,,10,10,True
1202227552,,,,,,,10,0,True
1202227609,,,,,,,10,0,True
1202227631,,,,,,,10,0,True
1202227695,,,,,,,9,0,True
1202227754,,,,,,,10,0,True
1202227786,2.0,2.0,1.0,2.0,2016-04-25 16:00:00+00:00,2016-04-25 16:00:00+00:00,5,5,True
1202227906,,,,,,,10,0,True
1202227944,,,,,,,5,0,True
1202228000,,,,,,,10,0,True
1202228125,,,,,,,10,0,True
1202228187,,,,,,,10,0,True
1202228225,,,,,,,7,7,True
1202228234,,,,,,,10,0,True
1202228308,,,,,,,7,7,True
1202228385,,,,,,,7,7,True
1202228409,,,,,,,10,0,True
1202228455,,,,,,,9,9,True
1202228513,,,,,,,10,0,True
1202228533,,,,,,,10,0,True
1202228558,,,,,,,9,0,True
1202228583,,,,,,,10,0,True
1202228733,,,,,,,10,10,True
1202228823,,,,,,,8,0,True
1202228883,,,,,,,10,0,True
1202228950,,,,,,,5,5,True
1202229041,,,,,,,10,0,True
1202229078,,,,,,,13,8,True
1202229128,,,,,,,9,9,True
1202229145,,,,,,,10,0,True
1202229195,,,,,,,10,0,True
1202229212,,,,,,,10,0,True
1202229263,,,,,,,10,0,True
1202229335,,,,,,,10,0,True
1202229391,,,,,,,10,10,True
1202229440,,,,,,,10,0,True
1202229467,,,,,,,10,10,True
1202229494,,,,,,,9,5,True
1202229533,,,,,,,7,0,True
1202229580,,,,,,,7,0,True
1202229621,,,,,,,10,0,True
1202229650,,,,,,,10,0,True
1202229681,,,,,,,10,0,True
1202229711,,,,,,,2,2,True
1202229771,,,,,,,10,0,True
1202229821,,,,,,,10,10,True
1202229893,,,,,,,10,5,True
1202229971,,,,,,,10,0,True
1202230002,,,,,,,10,0,True
1202230026,,,,,,,10,10,True
1202230055,,,,,,,10,10,True
1202230093,,,,,,,10,10,True
1202230195,,,,,,,7,7,True
1202230218,,,,,,,10,0,True
1202230245,,,,,,,10,0,True
1202230309,,,,,,,5,5,True
1202230409,,,,,,,10,0,True
1202230503,,,,,,,10,0,True
1202230575,,,,,,,10,0,True
1202230821,,,,,,,10,0,True
1202230851,,,,,,,8,0,True
1202230940,,,,,,,10,10,True
1202230972,,,,,,,10,0,True
1202231019,,,,,,,10,0,True
1202231043,,,,,,,5,0,True
1202231079,,,,,,,10,0,True
1202231147,,,,,,,10,0,True
1202231175,,,,,,,10,0,True
1202231211,,,,,,,10,0,True
1202231266,,,,,,,10,0,True
1202231304,,,,,,,10,0,True
1202231325,,,,,,,10,0,True
1202231346,,,,,,,10,0,True
1202231431,,,,,,,10,0,True
1202231459,,,,,,,10,0,True
1202231488,,,,,,,6,6,True
1202231529,,,,,,,10,0,True
1202231599,,,,,,,10,0,True
1202231668,,,,,,,10,0,True
1202231759,,,,,,,10,0,True
1202231937,,,,,,,10,0,True
1202236679,,,,,,,5,5,True
1202236846,,,,,,,6,6,True
1202237047,,,,,,,5,5,True
1202237256,,,,,,,10,0,True
1202237605,,,,,,,10,0,True
1202237953,,,,,,,10,0,True
1202237969,,,,,,,10,0,True
1202238054,,,,,,,10,0,True
1202238070,,,,,,,10,0,True
1202238109,,,,,,,10,5,True
1202238167,,,,,,,10,0,True
1202238210,,,,,,,10,0,True
1202238261,2.0,2.0,2.0,2.0,2016-04-26 16:00:00+00:00,2016-04-26 16:00:00+00:00,10,10,True
1202238364,,,,,,,7,7,True
1202238407,,,,,,,7,0,True
1202238421,,,,,,,10,10,True
1202238461,,,,,,,10,0,True
1202238502,,,,,,,10,0,True
1202238517,,,,,,,10,0,True
1202238539,,,,,,,10,0,True
1202238633,,,,,,,10,0,True
1202238649,,,,,,,6,0,True
1202238728,,,,,,,9,0,True
1202238783,,,,,,,5,5,True
1202238794,,,,,,,10,10,True
1202238845,,,,,,,10,0,True
1202238889,,,,,,,10,0,True
1202239063,,,,,,,10,0,True
1202239122,,,,,,,10,0,True
1202239252,,,,,,,10,0,True
1202239280,,,,,,,5,5,True
1202239305,,,,,,,10,5,True
1202239325,,,,,,,6,0,True
1202239375,,,,,,,10,10,True
1202239393,,,,,,,10,0,True
1202239659,,,,,,,10,0,True
1202239756,,,,,,,10,10,True
1202239815,,,,,,,9,0,True
1202239834,,,,,,,10,0,True
1202239855,,,,,,,10,0,True
1202239953,,,,,,,8,0,True
1202240036,1.0,1.0,1.0,1.0,2016-04-26 16:00:00+00:00,2016-04-26 16:00:00+00:00,10,10,True
1202240077,,,,,,,10,5,True
1202240095,,,,,,,5,0,True
1202240230,,,,,,,5,0,True
1202240284,,,,,,,9,0,True
1202240365,,,,,,,10,0,True
1202240389,,,,,,,7,0,True
1202240461,,,,,,,10,0,True
1202240523,,,,,,,10,0,True
1202240576,,,,,,,10,10,True
1202240616,,,,,,,10,0,True
1202240655,,,,,,,10,0,True
1202240690,,,,,,,9,0,True
1202240780,,,,,,,10,0,True
1202240823,,,,,,,5,0,True
1202240871,,,,,,,6,0,True
1202240923,,,,,,,5,5,True
1202240930,1.0,1.0,1.0,1.0,2016-04-26 16:00:00+00:00,2016-04-26 16:00:00+00:00,10,10,True
1202240990,,,,,,,10,0,True
1202241001,,,,,,,8,0,True
1202241026,,,,,,,5,5,True
1202241035,,,,,,,10,10,True
1202241124,,,,,,,10,10,True
1202241211,,,,,,,10,0,True
1202241228,,,,,,,10,0,True
1202241291,,,,,,,7,0,True
1202241322,1.0,1.0,1.0,1.0,2016-04-26 16:00:00+00:00,2016-04-26 16:00:00+00:00,10,10,True
1202241348,,,,,,,5,0,True
1202241459,,,,,,,10,0,True
1202241491,,,,,,,9,0,True
1202241531,,,,,,,10,0,True
1202241609,,,,,,,10,0,True
1202241634,,,,,,,10,0,True
1202241649,,,,,,,10,0,True
1202241705,,,,,,,10,0,True
1202241747,,,,,,,10,10,True
1202241817,1.0,1.0,1.0,1.0,2016-04-26 16:00:00+00:00,2016-04-26 16:00:00+00:00,10,10,True
1202241859,,,,,,,10,10,True
1202241925,,,,,,,7,0,True
1202242007,,,,,,,10,5,True
1202242045,,,,,,,10,0,True
1202242082,,,,,,,10,0,True
1202242197,,,,,,,8,2,True
1202242250,,,,,,,7,0,True
1202242324,,,,,,,10,0,True
1202242363,,,,,,,10,0,True
1202242422,,,,,,,10,0,True
1202242446,,,,,,,10,0,True
1202242472,,,,,,,10,10,True
1202242521,,,,,,,10,0,True
1202242557,,,,,,,10,0,True
1202242612,,,,,,,10,10,True
1202242694,,,,,,,7,0,True
1202242738,,,,,,,10,10,True
1202242758,,,,,,,10,0,True
1202242827,,,,,,,7,0,True
1202242839,,,,,,,10,0,True
1202242886,,,,,,,10,0,True
1202242912,,,,,,,8,8,True
1202242928,,,,,,,10,0,True
1202242964,,,,,,,10,0,True
1202243015,,,,,,,10,10,True
1202243043,,,,,,,7,0,True
1202243094,,,,,,,8,8,True
1202243099,1.0,1.0,1.0,1.0,2016-04-26 16:00:00+00:00,2016-04-26 16:00:00+00:00,8,8,True
1202243180,,,,,,,5,0,True
1202243218,,,,,,,10,10,True
1202243256,,,,,,,10,10,True
1202243274,,,,,,,10,0,True
1202243365,,,,,,,10,0,True
1202243416,1.0,1.0,1.0,1.0,2016-04-26 16:00:00+00:00,2016-04-26 16:00:00+00:00,9,9,True
1202243465,,,,,,,8,8,True
1202243527,,,,,,,5,5,True
1202243578,,,,,,,8,0,True
1202243677,,,,,,,10,0,True
1202243718,,,,,,,10,0,True
1202243726,,,,,,,6,0,True
1202243781,,,,,,,9,0,True
1202243816,,,,,,,6,0,True
1202243843,,,,,,,5,5,True
1202243874,,,,,,,7,0,True
1202243922,,,,,,,1,1,True
1202243953,,,,,,,10,0,True
1202243958,,,,,,,10,0,True
1202243962,,,,,,,9,0,True
1202244014,,,,,,,10,0,True
1202244029,,,,,,,10,0,True
1202244081,,,,,,,6,0,True
1202244120,,,,,,,10,0,True
1202244148,,,,,,,10,0,True
1202244230,,,,,,,5,5,True
1202244329,,,,,,,10,0,True
1202244338,,,,,,,10,10,True
1202244444,,,,,,,10,10,True
1202244450,,,,,,,6,6,True
1202244500,,,,,,,10,0,True
1202244553,1.0,1.0,1.0,1.0,2016-04-26 16:00:00+00:00,2016-04-26 16:00:00+00:00,10,10,True
1202244566,,,,,,,10,0,True
1202244618,,,,,,,8,0,True
1202244649,,,,,,,8,3,True
1202244753,,,,,,,5,5,True
1202244809,,,,,,,10,0,True
1202244824,,,,,,,10,0,True
1202244864,,,,,,,4,4,True
1202244934,,,,,,,10,0,True
1202244937,,,,,,,10,0,True
1202244971,,,,,,,10,0,True
1202245031,,,,,,,5,0,True
1202245372,,,,,,,10,0,True
1202245398,,,,,,,10,0,True
1202245519,,,,,,,5,5,True
1202245553,,,,,,,5,0,True
1202245589,,,,,,,10,0,True
1202245606,,,,,,,10,5,True
1202245660,,,,,,,8,0,True
1202245707,,,,,,,10,0,True
1202246127,,,,,,,10,0,True
1202246192,1.0,1.0,1.0,1.0,2016-04-26 16:00:00+00:00,2016-04-26 16:00:00+00:00,10,10,True
1202246272,,,,,,,5,5,True
1202246311,,,,,,,6,6,True
1202246416,,,,,,,5,5,True
1202246491,,,,,,,10,10,True
1202246551,,,,,,,10,0,True
1202247881,,,,,,,10,0,True
1202248038,,,,,,,3,3,True
1202248111,,,,,,,3,3,True
1202248231,,,,,,,9,9,True
1202248466,,,,,,,7,2,True
1202248573,,,,,,,10,0,True
1202248665,2.0,2.0,2.0,2.0,2016-04-27 16:00:00+00:00,2016-04-27 16:00:00+00:00,10,10,True
1202248691,1.0,1.0,1.0,1.0,2016-04-27 16:00:00+00:00,2016-04-27 16:00:00+00:00,10,10,True
1202248746,,,,,,,10,5,True
1202248904,,,,,,,10,5,True
1202249215,,,,,,,10,0,True
1202249545,,,,,,,8,0,True
1202249948,,,,,,,2,2,True
1202250536,,,,,,,10,0,True
1202250557,,,,,,,10,0,True
1202250609,,,,,,,10,10,True
1202250664,,,,,,,10,10,True
1202250739,,,,,,,10,0,True
1202250906,,,,,,,10,10,True
1202251025,,,,,,,7,7,True
1202251320,,,,,,,6,0,True
1202251347,,,,,,,10,0,True
1202251546,,,,,,,10,0,True
1202251576,,,,,,,6,6,True
1202251784,,,,,,,6,1,True
1202251798,,,,,,,10,10,True
1202251836,,,,,,,9,0,True
1202251997,,,,,,,6,6,True
1202256798,,,,,,,10,0,True
1202256878,,,,,,,8,8,True
1202257053,,,,,,,10,10,True
1202257081,,,,,,,10,5,True
1202257270,,,,,,,5,0,True
1202257448,,,,,,,10,0,True
1202257669,,,,,,,10,0,True
1202257815,,,,,,,10,0,True
1202257882,,,,,,,10,0,True
1202258058,,,,,,,10,0,True
1202258230,,,,,,,10,0,True
1202258371,,,,,,,10,10,True
1202258464,,,,,,,10,10,True
1202258660,,,,,,,10,0,True
1202258718,,,,,,,6,6,True
1202258803,,,,,,,10,10,True
1202258889,,,,,,,10,0,True
1202259094,,,,,,,10,10,True
1202259153,,,,,,,10,0,True
1202259212,,,,,,,10,10,True
1202259365,,,,,,,10,0,True
1202259612,,,,,,,5,0,True
1202259698,,,,,,,10,0,True
1202259706,,,,,,,10,0,True
1202259814,,,,,,,10,10,True
1202259865,,,,,,,9,0,True
1202260161,3.0,3.0,3.0,1.0,2016-04-28 16:00:00+00:00,2016-04-28 16:00:00+00:00,10,10,True
1202260323,,,,,,,10,10,True
1202260360,,,,,,,10,0,True
1202260496,,,,,,,10,10,True
1202260521,,,,,,,10,10,True
1202260900,,,,,,,5,0,True
1202261064,,,,,,,5,0,True
1202261153,,,,,,,5,5,True
1202261201,,,,,,,10,0,True
1202261531,,,,,,,6,2,True
1202261556,,,,,,,10,10,True
1202261663,,,,,,,5,5,True
1202262625,,,,,,,10,0,True
1202263314,,,,,,,10,0,True
1202263431,,,,,,,10,0,True
1202263630,,,,,,,10,0,True
1202263968,,,,,,,8,8,True
1202264009,,,,,,,10,0,True
1202264192,,,,,,,10,0,True
1202264246,,,,,,,10,0,True
1202264465,,,,,,,10,0,True
1202264478,,,,,,,7,7,True
1202264745,,,,,,,10,10,True
1202264816,,,,,,,2,2,True
1202264939,,,,,,,10,10,True
1202265089,,,,,,,10,0,True
1202265206,,,,,,,9,9,True
1202265323,,,,,,,6,0,True
1202265434,,,,,,,10,0,True
1202265513,,,,,,,6,0,True
1202265601,,,,,,,10,1,True
1202265615,,,,,,,10,0,True
1202265743,,,,,,,10,0,True
1202265764,,,,,,,10,0,True
1202266032,,,,,,,10,0,True
1202266061,,,,,,,9,4,True
1202266101,,,,,,,6,6,True
1202266136,,,,,,,2,2,True
1202266181,,,,,,,7,7,True
1202266321,,,,,,,10,0,True
1202266346,,,,,,,10,10,True
1202266371,,,,,,,7,7,True
1202266479,,,,,,,9,9,True
1202266601,,,,,,,10,0,True
1202266698,,,,,,,10,10,True
1202266793,,,,,,,5,5,True
1202266888,,,,,,,7,0,True
1202266963,,,,,,,10,4,True
1202267159,,,,,,,10,0,True
1202267226,,,,,,,5,0,True
1202267307,,,,,,,10,0,True
1202267345,,,,,,,10,0,True
1202267565,,,,,,,6,0,True
1202267630,,,,,,,10,0,True
1202267709,,,,,,,10,10,True
1202267835,,,,,,,10,10,True
1202267862,,,,,,,9,9,True
1202267903,,,,,,,10,10,True
1202267916,,,,,,,10,0,True
1202268278,,,,,,,12,12,True
1202268508,,,,,,,10,10,True
1202268597,,,,,,,10,0,True
1202268824,,,,,,,8,8,True
1202268897,,,,,,,10,0,True
1202268950,,,,,,,6,6,True
1202268957,,,,,,,5,5,True
1202269006,,,,,,,5,5,True
1202269449,,,,,,,5,5,True
1202274214,,,,,,,4,4,True
1202274226,,,,,,,5,0,True
1202279754,,,,,,,10,0,True
1202279874,,,,,,,10,10,True
1202279898,,,,,,,10,0,True
1202280087,,,,,,,10,10,True
1202280274,,,,,,,6,6,True
1202280388,,,,,,,10,0,True
1202280476,1.0,1.0,1.0,1.0,2016-04-30 16:00:00+00:00,2016-04-30 16:00:00+00:00,10,10,True
1202280610,,,,,,,8,8,True
1202280961,,,,,,,10,5,True
1202281029,,,,,,,10,0,True
1202281220,,,,,,,10,0,True
1202281264,,,,,,,10,10,True
1202281289,,,,,,,10,0,True
1202281729,,,,,,,9,0,True
1202281811,,,,,,,8,8,True
1202281897,,,,,,,10,0,True
1202282093,,,,,,,8,0,True
1202282291,,,,,,,10,0,True
1202282421,,,,,,,2,2,True
1202282441,,,,,,,5,0,True
1202282561,,,,,,,10,10,True
1202282597,,,,,,,10,0,True
1202282650,,,,,,,8,0,True
1202282705,,,,,,,8,0,True
1202282972,,,,,,,10,0,True
1202283292,,,,,,,10,0,True
1202283319,,,,,,,10,0,True
1202283548,,,,,,,3,3,True
1202283633,,,,,,,10,0,True
1202283773,,,,,,,10,0,True
1202283793,,,,,,,10,0,True
1202283795,,,,,,,8,8,True
1202283943,,,,,,,6,6,True
1202284288,,,,,,,9,0,True
1202287110,,,,,,,10,10,True
1202287283,,,,,,,10,0,True
1202288015,,,,,,,10,0,True
1202288746,,,,,,,7,0,True
1202288829,,,,,,,10,0,True
1202289024,,,,,,,10,10,True
1202294218,,,,,,,10,0,True
1202294416,,,,,,,7,0,True
1202304108,,,,,,,4,4,True
1202314808,,,,,,,10,10,True
1202314985,,,,,,,10,10,True
1202315359,,,,,,,10,0,True
1202315924,,,,,,,7,0,True
1202316057,,,,,,,10,0,True
1202317745,,,,,,,3,3,True
1202319044,,,,,,,6,6,True
1202320601,,,,,,,7,0,True
1202320929,,,,,,,10,0,True
1202321915,,,,,,,10,0,True
1202323933,,,,,,,2,2,True
1202324879,,,,,,,10,0,True
1202326048,,,,,,,9,9,True
1202326399,,,,,,,10,10,True
1202326421,,,,,,,5,5,True
1202327858,,,,,,,10,5,True
1202327950,,,,,,,10,0,True
1202328528,,,,,,,10,5,True
1202328762,,,,,,,10,0,True
1202330734,,,,,,,10,0,True
1202330817,,,,,,,8,8,True
1202332293,,,,,,,10,10,True
1202332569,,,,,,,10,5,True
1202333177,1.0,1.0,1.0,1.0,2016-05-23 16:00:00+00:00,2016-05-23 16:00:00+00:00,10,10,True
1202333532,,,,,,,10,10,True
1202333582,,,,,,,10,0,True
1202334876,,,,,,,7,7,True
1202335444,,,,,,,10,10,True
1202335527,,,,,,,10,0,True
1202335922,,,,,,,10,10,True
1202336852,,,,,,,5,5,True
1202337320,,,,,,,10,10,True
1202338735,,,,,,,10,0,True
1202338899,,,,,,,10,0,True
1202339469,,,,,,,10,0,True
1202340459,,,,,,,10,10,True
1202340651,,,,,,,10,10,True
1202340688,,,,,,,6,6,True
1202340832,,,,,,,10,10,True
1202340912,,,,,,,15,6,True
1202340983,,,,,,,9,9,True
1202341230,,,,,,,10,10,True
1202341361,,,,,,,8,0,True
1202341464,,,,,,,7,0,True
1202342469,,,,,,,5,0,True
1202343366,,,,,,,3,3,True
1202344050,1.0,1.0,1.0,1.0,2016-05-28 16:00:00+00:00,2016-05-28 16:00:00+00:00,5,1,True
1202345125,,,,,,,8,8,True
1202346029,,,,,,,9,9,True
1202346600,,,,,,,8,7,True
1202347815,,,,,,,6,5,True
1202350474,,,,,,,10,0,True
1202350559,,,,,,,10,0,True
1202351190,,,,,,,10,1,True
1202353415,,,,,,,8,8,True
1202353568,,,,,,,6,1,True
1202353627,,,,,,,10,10,True
1202353728,1.0,1.0,1.0,1.0,2016-06-03 16:00:00+00:00,2016-06-03 16:00:00+00:00,9,9,True
1202353783,,,,,,,7,0,True
1202353968,,,,,,,5,5,True
1202354990,,,,,,,10,0,True
1202355119,,,,,,,5,5,True
1202355725,,,,,,,5,5,True
1202355899,,,,,,,6,6,True
1202356315,,,,,,,5,5,True
1202356389,,,,,,,6,6,True
1202358414,,,,,,,10,10,True
1202358647,,,,,,,8,0,True
1202359379,,,,,,,5,5,True
1202361760,,,,,,,10,0,True
1202362719,,,,,,,10,0,True
1202363012,,,,,,,10,0,True
1202363233,,,,,,,10,0,True
1202363244,,,,,,,10,0,True
1202363291,,,,,,,10,0,True
1202363647,,,,,,,6,6,True
1202363744,,,,,,,10,10,True
1202363848,,,,,,,10,0,True
1202364394,,,,,,,10,0,True
1202365312,,,,,,,10,0,True
1202365783,,,,,,,7,0,True
1202365802,,,,,,,10,0,True
1202368000,,,,,,,6,6,True
1202368518,,,,,,,10,10,True
1202370417,,,,,,,10,0,True
1202370443,,,,,,,10,5,True
1202370496,1.0,1.0,1.0,1.0,2016-06-16 16:00:00+00:00,2016-06-16 16:00:00+00:00,8,8,True
1202371471,,,,,,,6,0,True
1202371614,,,,,,,7,0,True
1202371755,,,,,,,10,10,True
1202371773,1.0,1.0,1.0,1.0,2016-06-17 16:00:00+00:00,2016-06-17 16:00:00+00:00,10,10,True
1202372155,,,,,,,10,10,True
1202372198,,,,,,,9,9,True
1202373067,,,,,,,9,9,True
1202373073,2.0,2.0,2.0,2.0,2016-06-17 03:46:35+00:00,2016-06-17 03:46:35+00:00,10,10,True
1202373443,,,,,,,10,0,True
1202373597,,,,,,,10,0,True
1202373661,,,,,,,10,10,True
1202374042,,,,,,,3,3,True
1202374490,,,,,,,10,0,True
1202376496,,,,,,,10,0,True
1202378210,,,,,,,10,0,True
1202381009,,,,,,,10,5,True
1202382875,,,,,,,8,8,True
1202388379,,,,,,,10,0,True
1202388491,,,,,,,5,5,True
1202393465,,,,,,,10,0,True
1202394343,,,,,,,10,0,True
1202404649,,,,,,,6,6,True
1202407657,,,,,,,10,0,True
1202414088,,,,,,,10,0,True
1202418078,2.0,2.0,2.0,2.0,2016-06-28 16:00:00+00:00,2016-06-28 16:00:00+00:00,10,10,True
1202422157,,,,,,,9,9,True
1202431401,,,,,,,10,0,True
1202437013,,,,,,,10,0,True
1202437334,,,,,,,8,0,True
1202440959,,,,,,,10,10,True
1202445429,,,,,,,9,0,True
1202445705,,,,,,,7,7,True
1202467805,,,,,,,9,0,True
1202469261,,,,,,,10,0,True
1202474608,,,,,,,10,0,True
1202475189,,,,,,,1,1,True
1202479972,,,,,,,7,0,True
1202480138,,,,,,,10,0,True
1202485920,,,,,,,10,10,True
1202496905,,,,,,,7,7,True
1202532211,,,,,,,6,6,True
1202547756,,,,,,,10,0,True
1202619152,,,,,,,6,6,True
1202636202,1.0,1.0,1.0,1.0,2016-08-27 16:00:00+00:00,2016-08-27 16:00:00+00:00,10,10,True
1202701058,,,,,,,1,1,True
1202719903,,,,,,,9,0,True
1202808956,,,,,,,10,0,True
1202830499,,,,,,,10,10,True
1202837932,,,,,,,9,9,True
1202844719,,,,,,,10,10,True
1203019533,,,,,,,10,0,True
1203019636,,,,,,,10,0,True
1203042812,,,,,,,10,0,True
1203043248,,,,,,,7,0,True
1203045390,,,,,,,5,5,True
1203051656,,,,,,,5,5,True
1203051681,,,,,,,10,0,True
1203051904,,,,,,,10,0,True
1203056190,,,,,,,5,5,True
1203056342,,,,,,,10,0,True
1203070812,,,,,,,9,0,True
1203073989,,,,,,,9,0,True
1203076061,,,,,,,10,0,True
1203079685,,,,,,,10,0,True
1203079810,,,,,,,10,0,True
1203085063,,,,,,,10,10,True
1203085638,,,,,,,5,0,True
1203085735,,,,,,,10,0,True
1203087860,,,,,,,7,7,True
1203088239,,,,,,,10,0,True
1203088353,,,,,,,10,0,True
1203090994,,,,,,,10,0,True
1203091245,,,,,,,1,1,True
1203091253,2.0,2.0,1.0,2.0,2017-02-18 16:00:00+00:00,2017-02-18 16:00:00+00:00,9,9,True
1203091684,,,,,,,8,0,True
1203091717,,,,,,,6,6,True
1203093843,,,,,,,10,0,True
1203094203,,,,,,,10,0,True
1203094324,,,,,,,10,0,True
1203095117,,,,,,,8,0,True
1203097169,,,,,,,5,0,True
1203097580,,,,,,,10,0,True
1203097802,,,,,,,7,2,True
1203097939,,,,,,,10,0,True
1203098285,,,,,,,4,4,True
1203101022,,,,,,,10,0,True
1203102943,,,,,,,10,10,True
1203103215,,,,,,,10,0,True
1203103855,,,,,,,5,0,True
1203104303,,,,,,,10,0,True
1203105957,,,,,,,10,0,True
1203106084,,,,,,,10,0,True
1203106383,,,,,,,7,0,True
1203106684,,,,,,,9,7,True
1203106887,,,,,,,10,0,True
1203107000,,,,,,,10,0,True
1203107029,,,,,,,8,0,True
1203107064,,,,,,,10,0,True
1203107148,,,,,,,10,0,True
1203107325,,,,,,,10,0,True
1203107634,,,,,,,8,0,True
1203107643,,,,,,,8,0,True
1203107892,,,,,,,5,0,True
1203107961,,,,,,,10,0,True
1203110599,1.0,1.0,1.0,1.0,2017-02-28 16:00:00+00:00,2017-02-28 16:00:00+00:00,9,9,True
1203110653,,,,,,,8,0,True
1203110734,,,,,,,10,10,True
1203110774,,,,,,,6,6,True
1203111034,,,,,,,8,0,True
1203111156,,,,,,,10,10,True
1203111264,,,,,,,10,2,True
1203111290,,,,,,,10,0,True
1203111337,,,,,,,10,0,True
1203111477,,,,,,,10,0,True
1203111511,,,,,,,8,0,True
1203111619,,,,,,,7,0,True
1203111642,,,,,,,10,0,True
1203111700,,,,,,,6,0,True
1203111776,,,,,,,10,0,True
1203111808,,,,,,,10,0,True
1203111909,,,,,,,8,0,True
1203112034,1.0,1.0,1.0,1.0,2017-02-28 16:00:00+00:00,2017-02-28 16:00:00+00:00,10,10,True
1203112069,,,,,,,10,10,True
1203112158,,,,,,,10,0,True
1203112266,,,,,,,9,0,True
1203112381,,,,,,,6,6,True
1203112428,,,,,,,10,0,True
1203112554,,,,,,,7,0,True
1203112616,,,,,,,10,0,True
1203112768,,,,,,,10,0,True
1203112810,,,,,,,9,0,True
1203113154,,,,,,,10,0,True
1203113587,,,,,,,10,0,True
1203113813,,,,,,,10,0,True
1203114222,,,,,,,10,0,True
1203116799,,,,,,,7,2,True
1203117116,,,,,,,10,0,True
1203117168,,,,,,,10,0,True
1203118012,,,,,,,10,0,True
1203123607,,,,,,,5,5,True
1203125185,,,,,,,10,0,True
1203126381,,,,,,,10,10,True
1203126669,,,,,,,10,0,True
1203126807,,,,,,,10,0,True
1203126951,,,,,,,10,0,True
1203126976,,,,,,,10,0,True
1203127034,,,,,,,10,0,True
1203129615,,,,,,,10,0,True
1203130166,,,,,,,10,0,True
1203130348,,,,,,,10,0,True
1203130556,,,,,,,5,0,True
1203130603,,,,,,,9,0,True
1203130708,,,,,,,10,0,True
1203133379,,,,,,,10,0,True
1203133461,,,,,,,10,0,True
1203133911,,,,,,,10,0,True
1203133933,,,,,,,8,0,True
1203134122,,,,,,,10,0,True
1203134548,,,,,,,10,10,True
1203134874,,,,,,,5,5,True
1203134952,,,,,,,10,0,True
1203135067,1.0,1.0,1.0,1.0,2017-03-07 16:00:00+00:00,2017-03-07 16:00:00+00:00,10,10,True
1203135286,,,,,,,8,0,True
1203137491,,,,,,,10,0,True
1203137654,,,,,,,8,0,True
1203137691,,,,,,,10,0,True
1203138121,,,,,,,9,0,True
1203138369,,,,,,,10,0,True
1203138475,,,,,,,10,0,True
1203138589,1.0,1.0,1.0,1.0,2017-03-08 16:00:00+00:00,2017-03-08 16:00:00+00:00,10,10,True
1203138693,,,,,,,5,0,True
1203138812,,,,,,,10,0,True
1203138911,,,,,,,10,0,True
1203141282,,,,,,,10,0,True
1203141427,,,,,,,10,0,True
1203141474,,,,,,,7,0,True
1203141553,,,,,,,10,0,True
1203141685,,,,,,,10,0,True
1203141857,,,,,,,10,0,True
1203141909,,,,,,,7,0,True
1203142045,,,,,,,10,0,True
1203142115,,,,,,,10,0,True
1203142237,,,,,,,10,0,True
1203142457,,,,,,,10,10,True
1203142483,,,,,,,17,17,True
1203142654,,,,,,,10,0,True
1203144486,,,,,,,6,0,True
1203144518,,,,,,,10,0,True
1203144755,1.0,1.0,1.0,1.0,2017-03-10 16:00:00+00:00,2017-03-10 16:00:00+00:00,9,9,True
1203145021,,,,,,,10,0,True
1203145101,,,,,,,8,3,True
1203145156,,,,,,,7,7,True
1203145263,,,,,,,12,2,True
1203145455,,,,,,,10,0,True
1203145537,,,,,,,10,10,True
1203145665,,,,,,,10,0,True
1203145696,,,,,,,6,0,True
1203145744,,,,,,,10,0,True
1203145874,1.0,1.0,1.0,1.0,2017-03-10 16:00:00+00:00,2017-03-10 16:00:00+00:00,10,10,True
1203145991,,,,,,,7,0,True
1203146041,,,,,,,7,0,True
1203146046,,,,,,,10,0,True
1203146068,,,,,,,8,0,True
1203146216,,,,,,,10,0,True
1203146348,,,,,,,10,0,True
1203146421,,,,,,,7,7,True
1203146516,1.0,1.0,1.0,1.0,2017-03-10 16:00:00+00:00,2017-03-10 16:00:00+00:00,10,10,True
1203146582,,,,,,,10,0,True
1203148675,,,,,,,10,10,True
1203148738,,,,,,,8,0,True
1203149043,,,,,,,10,10,True
1203149093,,,,,,,10,0,True
1203149450,,,,,,,6,0,True
1203149509,,,,,,,10,0,True
1203149531,,,,,,,10,0,True
1203149641,,,,,,,9,0,True
1203149733,,,,,,,10,0,True
1203149785,,,,,,,10,0,True
1203150233,,,,,,,10,0,True
1203150313,,,,,,,10,10,True
1203150372,,,,,,,10,0,True
1203153424,,,,,,,10,0,True
1203153613,,,,,,,10,0,True
1203153661,,,,,,,8,0,True
1203153704,,,,,,,10,10,True
1203153724,,,,,,,10,0,True
1203153856,,,,,,,7,0,True
1203154108,,,,,,,10,0,True
1203154182,,,,,,,5,0,True
1203154242,,,,,,,8,8,True
1203154308,,,,,,,10,0,True
1203154402,,,,,,,10,0,True
1203154760,,,,,,,10,0,True
1203154795,,,,,,,10,10,True
1203154867,,,,,,,10,10,True
1203154932,,,,,,,6,0,True
1203154981,,,,,,,10,0,True
1203155026,,,,,,,5,0,True
1203155368,,,,,,,10,0,True
1203155411,,,,,,,10,5,True
1203155463,,,,,,,10,0,True
1203155673,,,,,,,10,0,True
1203158279,,,,,,,10,0,True
1203158435,,,,,,,10,0,True
1203158527,,,,,,,10,0,True
1203158564,,,,,,,7,0,True
1203158604,,,,,,,10,0,True
1203158678,,,,,,,10,0,True
1203158931,,,,,,,10,0,True
1203158962,,,,,,,10,0,True
1203159112,,,,,,,10,10,True
1203159281,,,,,,,7,7,True
1203159334,,,,,,,10,0,True
1203159359,,,,,,,1,1,True
1203159386,,,,,,,10,0,True
1203159523,,,,,,,10,0,True
1203159619,,,,,,,10,4,True
1203159801,,,,,,,10,0,True
1203159856,,,,,,,10,0,True
1203162058,,,,,,,7,1,True
1203162241,,,,,,,10,0,True
1203162254,,,,,,,10,0,True
1203162792,,,,,,,8,0,True
1203162963,,,,,,,10,10,True
1203163422,,,,,,,6,0,True
1203163546,,,,,,,10,0,True
1203163669,,,,,,,10,5,True
1203163809,,,,,,,8,8,True
1203163817,,,,,,,10,0,True
1203163924,,,,,,,10,0,True
1203163996,,,,,,,10,0,True
1203164007,,,,,,,10,0,True
1203164316,,,,,,,10,0,True
1203167181,,,,,,,6,6,True
1203167215,,,,,,,8,0,True
1203167325,,,,,,,10,0,True
1203167414,,,,,,,10,0,True
1203167600,,,,,,,10,0,True
1203167635,,,,,,,10,10,True
1203167676,,,,,,,10,10,True
1203167814,,,,,,,10,0,True
1203167971,,,,,,,7,0,True
1203168000,,,,,,,10,0,True
1203168507,,,,,,,10,0,True
1203168566,,,,,,,10,0,True
1203168752,,,,,,,10,0,True
1203168783,,,,,,,10,10,True
1203168877,,,,,,,5,5,True
1203169007,,,,,,,10,0,True
1203169088,,,,,,,10,10,True
1203169128,,,,,,,10,0,True
1203172260,,,,,,,10,5,True
1203172308,,,,,,,10,0,True
1203172408,,,,,,,10,0,True
1203172473,,,,,,,5,5,True
1203172584,,,,,,,10,0,True
1203172622,,,,,,,10,10,True
1203172649,,,,,,,10,0,True
1203172866,,,,,,,5,0,True
1203172936,,,,,,,6,0,True
1203172979,,,,,,,5,5,True
1203173052,,,,,,,5,5,True
1203173195,,,,,,,9,0,True
1203173221,,,,,,,6,1,True
1203173253,,,,,,,10,0,True
1203173271,,,,,,,8,0,True
1203173368,,,,,,,6,6,True
1203173401,,,,,,,10,0,True
1203173550,,,,,,,8,0,True
1203173569,,,,,,,10,10,True
1203173732,,,,,,,10,0,True
1203173741,,,,,,,8,0,True
1203173828,,,,,,,9,9,True
1203173947,,,,,,,10,0,True
1203174047,,,,,,,10,0,True
1203174088,,,,,,,7,7,True
1203174237,,,,,,,17,7,True
1203174269,,,,,,,10,0,True
1203174341,,,,,,,5,0,True
1203174359,,,,,,,9,0,True
1203174448,,,,,,,10,10,True
1203174468,,,,,,,10,0,True
1203174529,,,,,,,10,0,True
1203174543,,,,,,,7,0,True
1203174609,,,,,,,8,0,True
1203174700,,,,,,,10,0,True
1203174774,,,,,,,10,0,True
1203174956,,,,,,,6,6,True
1203177672,,,,,,,10,10,True
1203177698,,,,,,,6,6,True
1203177785,,,,,,,10,0,True
1203178945,,,,,,,10,0,True
1203178993,,,,,,,10,0,True
1203179045,,,,,,,10,0,True
1203179170,,,,,,,10,0,True
1203179182,,,,,,,7,0,True
1203179231,,,,,,,10,0,True
1203179328,,,,,,,6,0,True
1203179416,,,,,,,10,0,True
1203179519,,,,,,,5,5,True
1203179591,,,,,,,10,0,True
1203179655,,,,,,,4,4,True
1203179712,,,,,,,10,0,True
1203179775,,,,,,,10,0,True
1203179829,,,,,,,10,10,True
1203179850,,,,,,,10,0,True
1203179891,,,,,,,5,5,True
1203179920,,,,,,,10,0,True
1203179949,,,,,,,10,0,True
1203180070,,,,,,,10,0,True
1203180116,,,,,,,10,0,True
1203180254,,,,,,,2,0,True
1203180378,,,,,,,9,8,True
1203180402,,,,,,,10,0,True
1203180441,,,,,,,6,6,True
1203180658,,,,,,,10,10,True
1203180684,,,,,,,10,10,True
1203180728,,,,,,,10,0,True
1203180774,,,,,,,10,0,True
1203180807,,,,,,,10,0,True
1203180898,,,,,,,10,0,True
1203180931,1.0,1.0,1.0,1.0,2017-03-21 16:00:00+00:00,2017-03-21 16:00:00+00:00,10,10,True
1203180940,,,,,,,10,10,True
1203181035,,,,,,,6,0,True
1203181067,,,,,,,6,0,True
1203181117,,,,,,,10,0,True
1203181202,,,,,,,9,0,True
1203181219,,,,,,,7,7,True
1203181291,,,,,,,10,0,True
1203181362,,,,,,,5,5,True
1203181554,,,,,,,9,0,True
1203181580,,,,,,,10,0,True
1203181621,,,,,,,7,0,True
1203181628,,,,,,,6,0,True
1203181666,,,,,,,10,0,True
1203181705,,,,,,,10,0,True
1203181724,,,,,,,10,0,True
1203182734,,,,,,,10,0,True
1203182785,,,,,,,10,0,True
1203182882,,,,,,,10,0,True
1203183231,,,,,,,10,1,True
1203183336,,,,,,,5,5,True
1203183390,,,,,,,6,0,True
1203183403,,,,,,,10,10,True
1203183700,,,,,,,10,0,True
1203183723,,,,,,,5,0,True
1203183765,1.0,1.0,1.0,1.0,2017-03-22 16:00:00+00:00,2017-03-22 16:00:00+00:00,5,5,True
1203183892,,,,,,,10,0,True
1203183956,,,,,,,8,8,True
1203183964,,,,,,,10,0,True
1203184019,,,,,,,12,3,True
1203184077,,,,,,,10,0,True
1203184659,,,,,,,10,0,True
1203184766,,,,,,,10,0,True
1203184910,,,,,,,7,0,True
1203185947,,,,,,,10,10,True
1203186116,,,,,,,10,10,True
1203186242,,,,,,,10,2,True
1203186307,,,,,,,7,0,True
1203186347,,,,,,,9,3,True
1203186428,,,,,,,9,9,True
1203186448,,,,,,,10,1,True
1203186513,,,,,,,5,0,True
1203186776,,,,,,,10,0,True
1203186931,,,,,,,8,0,True
1203186980,,,,,,,10,0,True
1203187062,,,,,,,10,0,True
1203187205,,,,,,,10,0,True
1203187248,,,,,,,10,0,True
1203187321,,,,,,,10,0,True
1203187372,,,,,,,10,0,True
1203187459,,,,,,,5,0,True
1203187508,,,,,,,8,0,True
1203187759,,,,,,,10,0,True
1203187774,,,,,,,10,0,True
1203187896,,,,,,,10,0,True
1203188151,,,,,,,7,0,True
1203189071,,,,,,,5,5,True
1203189235,,,,,,,10,0,True
1203189323,,,,,,,7,0,True
1203189362,,,,,,,10,2,True
1203189414,,,,,,,10,0,True
1203189653,,,,,,,4,4,True
1203189749,,,,,,,10,0,True
1203189795,,,,,,,10,0,True
1203189849,,,,,,,6,1,True
1203189939,,,,,,,10,0,True
1203190015,,,,,,,10,0,True
1203190118,,,,,,,10,0,True
1203190151,,,,,,,5,5,True
1203190338,,,,,,,10,0,True
1203190521,,,,,,,10,0,True
1203190604,,,,,,,10,10,True
1203190631,,,,,,,10,10,True
1203190648,,,,,,,7,0,True
1203190769,,,,,,,10,0,True
1203190791,,,,,,,10,0,True
1203193685,,,,,,,10,0,True
1203193703,,,,,,,6,0,True
1203193789,,,,,,,10,0,True
1203193813,1.0,1.0,1.0,1.0,2017-03-25 16:00:00+00:00,2017-03-25 16:00:00+00:00,5,5,True
1203193833,,,,,,,10,0,True
1203193857,,,,,,,10,0,True
1203193879,2.0,2.0,1.0,2.0,2017-03-27 16:00:00+00:00,2017-03-27 16:00:00+00:00,13,13,True
1203193937,,,,,,,10,10,True
1203194021,,,,,,,10,10,True
1203194113,,,,,,,10,0,True
1203194174,,,,,,,10,0,True
1203194317,,,,,,,10,0,True
1203194327,,,,,,,5,5,True
1203194383,,,,,,,8,8,True
1203194589,,,,,,,6,0,True
1203194605,,,,,,,9,0,True
1203194727,,,,,,,10,0,True
1203194796,,,,,,,10,0,True
1203194805,,,,,,,6,0,True
1203194868,,,,,,,6,0,True
1203194969,,,,,,,10,0,True
1203195030,,,,,,,10,0,True
1203195051,,,,,,,10,0,True
1203195097,,,,,,,7,0,True
1203195232,,,,,,,10,0,True
1203195278,,,,,,,6,4,True
1203195308,,,,,,,10,10,True
1203195332,,,,,,,10,10,True
1203195434,,,,,,,6,6,True
1203195452,,,,,,,10,0,True
1203195488,,,,,,,9,9,True
1203195595,,,,,,,8,8,True
1203195697,,,,,,,10,10,True
1203195794,,,,,,,10,0,True
1203195853,,,,,,,10,0,True
1203195948,,,,,,,8,0,True
1203195955,,,,,,,8,0,True
1203196084,,,,,,,10,10,True
1203196132,,,,,,,10,0,True
1203196173,,,,,,,10,0,True
1203196253,,,,,,,10,0,True
1203196289,,,,,,,10,0,True
1203196463,,,,,,,10,0,True
1203196482,,,,,,,10,0,True
1203196554,,,,,,,10,0,True
1203196640,,,,,,,7,7,True
1203196743,,,,,,,10,0,True
1203196826,,,,,,,10,0,True
1203196916,,,,,,,10,0,True
1203196958,,,,,,,6,0,True
1203196999,,,,,,,10,0,True
1203197066,,,,,,,1,1,True
1203197152,,,,,,,10,0,True
1203197199,,,,,,,10,10,True
1203197295,,,,,,,10,10,True
1203197340,,,,,,,5,0,True
1203197443,,,,,,,10,0,True
1203202127,,,,,,,10,0,True
1203202193,,,,,,,10,10,True
1203208571,,,,,,,15,0,True
1203208589,,,,,,,10,0,True
1203208597,,,,,,,10,0,True
1203208649,,,,,,,10,0,True
1203208675,,,,,,,10,10,True
1203208697,,,,,,,10,10,True
1203208784,,,,,,,10,0,True
1203208801,,,,,,,10,0,True
1203208859,,,,,,,20,0,True
1203208938,,,,,,,10,0,True
1203208946,,,,,,,10,0,True
1203209065,,,,,,,9,0,True
1203209110,,,,,,,7,0,True
1203209182,,,,,,,10,0,True
1203209242,1.0,1.0,1.0,1.0,2017-03-28 16:00:00+00:00,2017-03-28 16:00:00+00:00,10,5,True
1203209321,,,,,,,10,0,True
1203209417,,,,,,,10,10,True
1203209455,,,,,,,10,10,True
1203209527,,,,,,,12,2,True
1203209560,,,,,,,6,0,True
1203209657,,,,,,,10,0,True
1203209698,,,,,,,10,0,True
1203209733,,,,,,,10,0,True
1203209771,,,,,,,7,7,True
1203209826,,,,,,,10,0,True
1203209835,,,,,,,5,5,True
1203209922,,,,,,,10,0,True
1203209986,,,,,,,10,10,True
1203210075,,,,,,,10,0,True
1203210154,,,,,,,10,0,True
1203210227,,,,,,,10,0,True
1203210255,,,,,,,10,0,True
1203210304,,,,,,,10,0,True
1203210375,,,,,,,8,8,True
1203210414,,,,,,,10,0,True
1203210441,,,,,,,7,7,True
1203210518,,,,,,,10,10,True
1203210549,,,,,,,10,10,True
1203210559,,,,,,,10,0,True
1203210607,,,,,,,10,0,True
1203210632,,,,,,,7,0,True
1203210651,,,,,,,15,15,True
1203210675,,,,,,,10,10,True
1203210768,,,,,,,10,0,True
1203210775,,,,,,,10,0,True
1203210867,,,,,,,10,0,True
1203210883,,,,,,,10,0,True
1203210931,,,,,,,10,0,True
1203210985,,,,,,,10,0,True
1203211030,,,,,,,10,0,True
1203211099,,,,,,,10,0,True
1203211124,,,,,,,10,0,True
1203211168,,,,,,,10,5,True
1203211225,,,,,,,10,0,True
1203211339,,,,,,,10,0,True
1203211373,,,,,,,6,1,True
1203211395,,,,,,,9,2,True
1203211435,,,,,,,10,0,True
1203211488,,,,,,,9,9,True
1203211526,,,,,,,10,0,True
1203211617,,,,,,,5,5,True
1203211664,,,,,,,8,8,True
1203211690,,,,,,,10,10,True
1203211716,,,,,,,10,0,True
1203211751,,,,,,,10,0,True
1203211798,,,,,,,10,10,True
1203211839,,,,,,,9,9,True
1203211873,2.0,2.0,1.0,2.0,2017-03-28 16:00:00+00:00,2017-03-28 16:00:00+00:00,13,13,True
1203211905,,,,,,,10,0,True
1203211925,,,,,,,10,0,True
1203211938,,,,,,,10,10,True
1203212012,,,,,,,10,0,True
1203212045,,,,,,,5,5,True
1203212141,,,,,,,5,0,True
1203212274,,,,,,,2,2,True
1203212529,,,,,,,5,0,True
1203212555,,,,,,,10,0,True
1203212679,,,,,,,10,10,True
1203212700,,,,,,,10,10,True
1203213037,,,,,,,1,0,True
1203215066,,,,,,,10,0,True
1203215070,,,,,,,10,0,True
1203215094,,,,,,,10,0,True
1203215099,,,,,,,10,0,True
1203215227,,,,,,,10,0,True
1203215291,,,,,,,7,0,True
1203215318,,,,,,,10,0,True
1203215330,,,,,,,10,10,True
1203215368,,,,,,,10,0,True
1203215424,,,,,,,5,0,True
1203215476,,,,,,,10,0,True
1203215513,,,,,,,10,0,True
1203215536,,,,,,,10,0,True
1203215569,,,,,,,5,5,True
1203215670,,,,,,,5,5,True
1203215751,1.0,1.0,1.0,1.0,2017-03-29 16:00:00+00:00,2017-03-29 16:00:00+00:00,10,10,True
1203215885,,,,,,,10,0,True
1203215998,,,,,,,1,1,True
1203216093,,,,,,,7,7,True
1203216196,,,,,,,10,5,True
1203216265,,,,,,,10,1,True
1203216303,,,,,,,10,0,True
1203216404,,,,,,,10,0,True
1203216441,,,,,,,10,0,True
1203216489,,,,,,,10,0,True
1203216769,,,,,,,10,0,True
1203216825,,,,,,,9,0,True
1203216855,,,,,,,10,0,True
1203216869,,,,,,,7,1,True
1203216961,,,,,,,9,4,True
1203217016,,,,,,,10,0,True
1203217107,,,,,,,5,5,True
1203217209,,,,,,,10,0,True
1203217318,,,,,,,10,0,True
1203217346,,,,,,,10,0,True
1203217519,,,,,,,10,0,True
1203217560,,,,,,,9,0,True
1203217593,,,,,,,10,0,True
1203217604,,,,,,,5,0,True
1203217666,,,,,,,10,10,True
1203217836,,,,,,,13,0,True
1203218008,,,,,,,10,10,True
1203222992,,,,,,,1,1,True
1203223037,,,,,,,10,10,True
1203223047,,,,,,,14,0,True
1203223104,,,,,,,9,0,True
1203223114,,,,,,,10,0,True
1203223145,,,,,,,10,0,True
1203223184,,,,,,,10,10,True
1203223374,,,,,,,10,10,True
1203223381,,,,,,,10,0,True
1203223420,,,,,,,10,0,True
1203223459,,,,,,,9,9,True
1203223524,,,,,,,10,2,True
1203223714,,,,,,,10,10,True
1203223769,,,,,,,6,5,True
1203223865,,,,,,,8,0,True
1203223898,,,,,,,7,0,True
1203223951,,,,,,,7,0,True
1203223973,,,,,,,9,0,True
1203224117,,,,,,,9,0,True
1203224152,,,,,,,10,2,True
1203224200,,,,,,,10,10,True
1203224237,,,,,,,10,0,True
1203224276,1.0,1.0,1.0,1.0,2017-03-30 16:00:00+00:00,2017-03-30 16:00:00+00:00,9,9,True
1203224306,,,,,,,10,10,True
1203224335,,,,,,,10,0,True
1203224406,,,,,,,10,0,True
1203224433,,,,,,,10,0,True
1203224479,,,,,,,10,0,True
1203224512,,,,,,,10,0,True
1203224740,,,,,,,10,5,True
1203224788,,,,,,,10,0,True
1203224861,,,,,,,9,4,True
1203224890,,,,,,,7,6,True
1203224946,,,,,,,10,10,True
1203225036,,,,,,,10,10,True
1203225147,,,,,,,8,0,True
1203225208,,,,,,,10,0,True
1203225232,,,,,,,10,0,True
1203225252,,,,,,,10,10,True
1203225388,,,,,,,6,0,True
1203225407,,,,,,,9,9,True
1203225427,,,,,,,10,0,True
1203225438,,,,,,,5,0,True
1203225488,,,,,,,5,0,True
1203225557,,,,,,,10,0,True
1203225575,,,,,,,8,8,True
1203225665,,,,,,,10,0,True
1203225705,,,,,,,10,10,True
1203225759,,,,,,,10,10,True
1203225858,,,,,,,10,0,True
1203225887,,,,,,,7,0,True
1203226004,,,,,,,5,5,True
1203226028,,,,,,,6,0,True
1203226081,,,,,,,10,0,True
1203226106,,,,,,,10,0,True
1203226194,,,,,,,10,0,True
1203226226,,,,,,,9,0,True
1203226238,,,,,,,10,0,True
1203226342,,,,,,,10,0,True
1203226383,,,,,,,10,0,True
1203226422,,,,,,,10,0,True
1203226724,,,,,,,10,0,True
1203227131,,,,,,,10,10,True
1203227192,,,,,,,10,0,True
1203227592,,,,,,,5,0,True
1203227624,,,,,,,10,0,True
1203235554,,,,,,,7,7,True
1203235613,,,,,,,10,0,True
1203235621,,,,,,,15,15,True
1203235660,,,,,,,10,0,True
1203235702,,,,,,,10,0,True
1203235769,1.0,1.0,1.0,1.0,2017-03-31 16:00:00+00:00,2017-03-31 16:00:00+00:00,8,8,True
1203235822,,,,,,,8,0,True
1203235844,,,,,,,10,10,True
1203235900,,,,,,,10,0,True
1203235909,,,,,,,10,0,True
1203235975,,,,,,,10,0,True
1203235993,,,,,,,10,0,True
1203236062,,,,,,,8,8,True
1203236111,,,,,,,10,10,True
1203236169,,,,,,,7,7,True
1203236363,,,,,,,5,0,True
1203236427,,,,,,,10,5,True
1203236602,,,,,,,10,0,True
1203236624,,,,,,,6,0,True
1203236660,,,,,,,10,0,True
1203236759,,,,,,,6,0,True
1203236764,,,,,,,10,0,True
1203236803,,,,,,,7,0,True
1203236895,,,,,,,8,8,True
1203236944,,,,,,,10,0,True
1203237063,,,,,,,8,0,True
1203237108,,,,,,,10,0,True
1203237157,,,,,,,4,4,True
1203237213,,,,,,,10,0,True
1203237245,,,,,,,10,0,True
1203237287,,,,,,,6,0,True
1203237366,,,,,,,10,0,True
1203237403,,,,,,,10,0,True
1203237469,,,,,,,3,2,True
1203237541,,,,,,,10,0,True
1203237560,,,,,,,8,7,True
1203237614,,,,,,,10,0,True
1203237645,,,,,,,9,9,True
1203237679,,,,,,,9,0,True
1203237714,,,,,,,10,10,True
1203237738,,,,,,,10,0,True
1203237799,1.0,1.0,1.0,1.0,2017-03-31 16:00:00+00:00,2017-03-31 16:00:00+00:00,10,5,True
1203237895,,,,,,,1,0,True
1203237907,,,,,,,10,0,True
1203237948,,,,,,,10,0,True
1203238010,,,,,,,10,0,True
1203238043,,,,,,,10,0,True
1203238113,,,,,,,10,0,True
1203238244,,,,,,,6,6,True
1203238254,,,,,,,10,0,True
1203238306,,,,,,,6,0,True
1203238322,,,,,,,10,0,True
1203238346,,,,,,,10,10,True
1203238387,,,,,,,10,10,True
1203238411,,,,,,,10,0,True
1203238420,,,,,,,6,0,True
1203238476,,,,,,,10,0,True
1203238492,,,,,,,10,0,True
1203238563,,,,,,,6,6,True
1203238591,,,,,,,7,7,True
1203238651,,,,,,,8,1,True
1203238733,,,,,,,5,5,True
1203238771,,,,,,,6,0,True
1203238993,,,,,,,10,0,True
1203239100,,,,,,,10,0,True
1203239130,,,,,,,10,10,True
1203239158,,,,,,,10,0,True
1203239196,,,,,,,9,0,True
1203239233,,,,,,,10,10,True
1203239273,,,,,,,10,0,True
1203239375,,,,,,,10,0,True
1203239420,,,,,,,10,0,True
1203239446,,,,,,,10,0,True
1203239474,,,,,,,8,0,True
1203239483,,,,,,,6,0,True
1203239535,,,,,,,10,10,True
1203239596,,,,,,,5,0,True
1203239675,,,,,,,10,0,True
1203239689,,,,,,,8,5,True
1203239750,,,,,,,10,0,True
1203239926,,,,,,,3,0,True
1203240008,,,,,,,9,0,True
1203240036,,,,,,,10,0,True
1203240113,2.0,2.0,1.0,2.0,2017-03-31 16:00:00+00:00,2017-03-31 16:00:00+00:00,10,10,True
1203240137,,,,,,,10,0,True
1203240207,,,,,,,15,5,True
1203240281,,,,,,,10,0,True
1203240334,,,,,,,10,0,True
1203240354,,,,,,,8,8,True
1203240387,,,,,,,10,0,True
1203240395,,,,,,,10,10,True
1203240446,,,,,,,7,0,True
1203240482,,,,,,,10,0,True
1203240522,,,,,,,10,0,True
1203240563,,,,,,,10,5,True
1203240590,,,,,,,6,0,True
1203240657,,,,,,,10,0,True
1203240760,,,,,,,10,0,True
1203240821,,,,,,,6,0,True
1203240848,,,,,,,10,0,True
1203240855,,,,,,,6,0,True
1203240918,,,,,,,6,6,True
1203240980,,,,,,,10,0,True
1203241015,,,,,,,10,0,True
1203241065,,,,,,,5,5,True
1203241067,,,,,,,6,1,True
1203241121,,,,,,,6,6,True
1203241151,,,,,,,6,0,True
1203241245,,,,,,,6,1,True
1203241274,,,,,,,10,10,True
1203241324,,,,,,,5,5,True
1203241529,,,,,,,9,0,True
1203241663,,,,,,,10,0,True
1203241924,,,,,,,10,0,True
1203242141,,,,,,,5,0,True
1203243632,,,,,,,10,0,True
1203243893,,,,,,,10,0,True
1203244966,,,,,,,10,10,True
1203245079,,,,,,,10,10,True
1203245167,,,,,,,10,0,True
1203245224,,,,,,,10,0,True
1203245489,,,,,,,10,0,True
1203245612,,,,,,,8,8,True
1203245711,,,,,,,5,5,True
1203245771,,,,,,,10,0,True
1203245780,,,,,,,10,10,True
1203245915,,,,,,,10,0,True
1203245971,,,,,,,10,0,True
1203246057,1.0,1.0,1.0,1.0,2017-04-01 16:00:00+00:00,2017-04-01 16:00:00+00:00,10,10,True
1203246083,,,,,,,8,0,True
1203246140,,,,,,,9,0,True
1203246161,,,,,,,10,10,True
1203246840,,,,,,,10,0,True
1203247039,,,,,,,10,10,True
1203247097,,,,,,,10,0,True
1203247144,,,,,,,10,0,True
1203247254,,,,,,,10,10,True
1203247344,,,,,,,1,1,True
1203247397,,,,,,,10,0,True
1203247698,,,,,,,10,0,True
1203247988,,,,,,,6,6,True
1203248000,,,,,,,5,5,True
1203248407,,,,,,,10,0,True
1203248580,,,,,,,8,0,True
1203250707,,,,,,,10,5,True
1203250946,,,,,,,10,0,True
1203251063,,,,,,,10,0,True
1203251116,,,,,,,9,0,True
1203252337,,,,,,,5,0,True
1203252438,,,,,,,10,0,True
1203252473,,,,,,,6,6,True
1203252495,,,,,,,10,0,True
1203252524,,,,,,,10,10,True
1203252535,,,,,,,10,10,True
1203252670,,,,,,,10,5,True
1203253055,,,,,,,8,1,True
1203253696,,,,,,,8,8,True
1203253726,,,,,,,10,0,True
1203254186,,,,,,,10,0,True
1203254244,1.0,1.0,1.0,1.0,2017-04-06 16:00:00+00:00,2017-04-06 16:00:00+00:00,10,10,True
1203254270,,,,,,,10,0,True
1203254337,,,,,,,10,10,True
1203254573,,,,,,,10,10,True
1203254787,,,,,,,5,5,True
1203254868,,,,,,,10,10,True
1203254912,,,,,,,10,0,True
1203257448,,,,,,,7,0,True
1203257490,1.0,1.0,1.0,1.0,2017-04-07 16:00:00+00:00,2017-04-07 16:00:00+00:00,7,7,True
1203257555,,,,,,,10,0,True
1203257697,,,,,,,10,0,True
1203257703,,,,,,,2,2,True
1203257883,,,,,,,10,0,True
1203257942,,,,,,,8,0,True
1203258101,,,,,,,8,8,True
1203258241,,,,,,,10,0,True
1203258370,,,,,,,10,0,True
1203258404,,,,,,,10,0,True
1203258450,,,,,,,3,3,True
1203258464,,,,,,,10,0,True
1203258523,,,,,,,10,0,True
1203258688,,,,,,,10,0,True
1203258796,,,,,,,6,0,True
1203258908,,,,,,,8,8,True
1203259013,,,,,,,10,10,True
1203259151,,,,,,,10,0,True
1203259229,,,,,,,10,0,True
1203259268,,,,,,,10,0,True
1203259358,,,,,,,5,0,True
1203259400,,,,,,,10,0,True
1203259456,,,,,,,10,0,True
1203259492,,,,,,,10,0,True
1203259578,,,,,,,10,10,True
1203259700,,,,,,,10,0,True
1203260615,,,,,,,10,0,True
1203260773,,,,,,,10,0,True
1203260831,,,,,,,6,0,True
1203260982,,,,,,,7,7,True
1203261002,,,,,,,10,0,True
1203261102,,,,,,,9,0,True
1203261258,,,,,,,10,0,True
1203261319,,,,,,,5,5,True
1203261385,,,,,,,10,0,True
1203261461,,,,,,,10,0,True
1203261499,,,,,,,10,1,True
1203261588,,,,,,,9,9,True
1203261625,,,,,,,10,0,True
1203261656,,,,,,,9,9,True
1203261704,,,,,,,8,0,True
1203261721,,,,,,,10,10,True
1203261831,,,,,,,10,0,True
1203261862,,,,,,,10,0,True
1203262020,,,,,,,10,0,True
1203262059,,,,,,,10,0,True
1203262205,,,,,,,10,0,True
1203262238,,,,,,,10,0,True
1203262283,,,,,,,10,0,True
1203262354,,,,,,,5,0,True
1203262401,,,,,,,10,0,True
1203262455,,,,,,,7,0,True
1203262517,,,,,,,10,0,True
1203262525,,,,,,,8,8,True
1203262546,,,,,,,10,10,True
1203262606,,,,,,,6,0,True
1203262613,,,,,,,5,0,True
1203262700,,,,,,,10,0,True
1203262812,,,,,,,10,0,True
1203262890,,,,,,,10,0,True
1203262919,,,,,,,9,0,True
1203263087,,,,,,,6,0,True
1203263207,,,,,,,10,0,True
1203263222,,,,,,,10,10,True
1203263274,,,,,,,10,0,True
1203263317,,,,,,,10,0,True
1203263338,,,,,,,10,10,True
1203263379,,,,,,,9,9,True
1203263544,,,,,,,10,0,True
1203263598,,,,,,,8,5,True
1203263632,,,,,,,3,3,True
1203263659,,,,,,,5,5,True
1203263738,,,,,,,10,0,True
1203263829,,,,,,,10,0,True
1203263874,,,,,,,10,10,True
1203263906,,,,,,,10,0,True
1203263912,,,,,,,10,10,True
1203263956,,,,,,,10,0,True
1203264027,,,,,,,10,0,True
1203264482,,,,,,,10,0,True
1203265859,,,,,,,10,0,True
1203265905,,,,,,,10,0,True
1203265964,,,,,,,5,5,True
1203273828,,,,,,,8,0,True
1203273924,,,,,,,10,0,True
1203273952,,,,,,,7,0,True
1203274091,,,,,,,10,0,True
1203274154,,,,,,,7,0,True
1203274224,,,,,,,5,5,True
1203274231,,,,,,,7,7,True
1203274313,,,,,,,10,5,True
1203274380,,,,,,,6,6,True
1203274509,,,,,,,10,1,True
1203274531,,,,,,,10,0,True
1203274563,,,,,,,10,0,True
1203274709,,,,,,,10,0,True
1203274802,,,,,,,10,10,True
1203274908,,,,,,,10,10,True
1203275039,,,,,,,10,0,True
1203275069,,,,,,,10,0,True
1203275110,,,,,,,10,10,True
1203275159,,,,,,,10,0,True
1203275171,,,,,,,10,0,True
1203275335,,,,,,,9,9,True
1203275527,,,,,,,10,0,True
1203275587,,,,,,,5,5,True
1203275593,,,,,,,10,10,True
1203275695,,,,,,,10,0,True
1203275761,,,,,,,10,0,True
1203275813,,,,,,,5,0,True
1203275846,,,,,,,10,0,True
1203275912,,,,,,,10,10,True
1203275987,,,,,,,7,0,True
1203276021,,,,,,,10,0,True
1203276129,,,,,,,8,8,True
1203276152,,,,,,,5,0,True
1203276161,,,,,,,10,0,True
1203276245,,,,,,,8,8,True
1203276296,,,,,,,10,0,True
1203276311,,,,,,,10,10,True
1203276437,,,,,,,10,0,True
1203276571,,,,,,,5,0,True
1203276607,,,,,,,10,1,True
1203276670,,,,,,,5,0,True
1203276728,,,,,,,10,10,True
1203276857,,,,,,,5,0,True
1203282120,,,,,,,10,0,True
1203282192,,,,,,,9,9,True
1203282239,,,,,,,5,5,True
1203282369,,,,,,,10,10,True
1203282489,,,,,,,10,0,True
1203282538,,,,,,,5,0,True
1203282701,,,,,,,10,0,True
1203282792,,,,,,,10,10,True
1203282854,,,,,,,8,8,True
1203282865,,,,,,,10,1,True
1203283093,,,,,,,15,0,True
1203283255,,,,,,,10,0,True
1203283379,,,,,,,10,0,True
1203283455,1.0,1.0,1.0,1.0,2017-04-12 16:00:00+00:00,2017-04-12 16:00:00+00:00,10,10,True
1203283469,,,,,,,10,0,True
1203283597,,,,,,,5,0,True
1203283660,1.0,1.0,1.0,1.0,2017-04-12 16:00:00+00:00,2017-04-12 16:00:00+00:00,7,7,True
1203283692,,,,,,,6,0,True
1203283719,,,,,,,10,0,True
1203283790,,,,,,,10,0,True
1203283858,,,,,,,8,0,True
1203283890,,,,,,,10,0,True
1203283933,,,,,,,10,10,True
1203284117,,,,,,,10,0,True
1203284169,,,,,,,10,0,True
1203284223,,,,,,,10,0,True
1203284250,,,,,,,15,0,True
1203284396,,,,,,,11,1,True
1203284460,,,,,,,9,0,True
1203284467,,,,,,,10,10,True
1203284507,,,,,,,10,0,True
1203284556,,,,,,,5,0,True
1203284644,,,,,,,10,0,True
1203289616,,,,,,,10,0,True
1203289656,,,,,,,10,0,True
1203289671,,,,,,,10,10,True
1203289718,,,,,,,10,0,True
1203289788,,,,,,,10,0,True
1203289810,,,,,,,10,10,True
1203289931,,,,,,,10,0,True
1203290118,,,,,,,10,0,True
1203290201,1.0,1.0,1.0,1.0,2017-04-13 16:00:00+00:00,2017-04-13 16:00:00+00:00,10,10,True
1203290221,2.0,2.0,2.0,1.0,2017-04-13 16:00:00+00:00,2017-04-13 16:00:00+00:00,8,8,True
1203290312,,,,,,,6,6,True
1203290336,,,,,,,10,10,True
1203290619,,,,,,,10,0,True
1203290644,,,,,,,10,0,True
1203290747,,,,,,,5,5,True
1203290798,,,,,,,10,0,True
1203290968,,,,,,,5,5,True
1203291041,,,,,,,10,0,True
1203291155,,,,,,,10,10,True
1203291363,,,,,,,10,0,True
1203291506,,,,,,,10,10,True
1203291559,,,,,,,10,0,True
1203291585,,,,,,,10,0,True
1203291626,,,,,,,9,0,True
1203291668,,,,,,,10,10,True
1203291677,,,,,,,10,0,True
1203291765,,,,,,,8,0,True
1203295740,,,,,,,10,10,True
1203295839,,,,,,,10,0,True
1203295881,,,,,,,5,0,True
1203295998,,,,,,,10,0,True
1203296041,,,,,,,10,0,True
1203296056,,,,,,,10,1,True
1203296159,,,,,,,10,0,True
1203296246,,,,,,,10,0,True
1203296483,,,,,,,10,0,True
1203296565,,,,,,,10,0,True
1203296737,,,,,,,10,0,True
1203297034,,,,,,,5,0,True
1203297157,,,,,,,10,0,True
1203297220,,,,,,,5,0,True
1203297369,,,,,,,10,0,True
1203297458,,,,,,,5,5,True
1203297547,,,,,,,10,0,True
1203298296,,,,,,,10,0,True
1203298352,,,,,,,10,0,True
1203298362,,,,,,,9,0,True
1203298434,,,,,,,10,0,True
1203298464,,,,,,,8,0,True
1203298478,,,,,,,5,5,True
1203298514,,,,,,,8,8,True
1203298579,,,,,,,10,0,True
1203298642,,,,,,,10,0,True
1203298674,,,,,,,8,0,True
1203298740,,,,,,,6,6,True
1203298753,2.0,2.0,1.0,2.0,2017-04-15 16:00:00+00:00,2017-04-15 16:00:00+00:00,10,5,True
1203298813,,,,,,,10,0,True
1203298950,,,,,,,6,6,True
1203299043,,,,,,,6,6,True
1203299050,,,,,,,10,10,True
1203299099,,,,,,,10,0,True
1203299148,,,,,,,5,0,True
1203299381,,,,,,,10,10,True
1203299438,,,,,,,10,0,True
1203299510,,,,,,,10,10,True
1203299652,,,,,,,10,0,True
1203299667,,,,,,,10,0,True
1203299754,,,,,,,8,8,True
1203299796,2.0,2.0,1.0,2.0,2017-04-15 16:00:00+00:00,2017-04-15 16:00:00+00:00,8,8,True
1203299854,,,,,,,6,6,True
1203300015,,,,,,,10,0,True
1203300099,,,,,,,7,0,True
1203300112,,,,,,,6,6,True
1203300172,2.0,2.0,2.0,2.0,2017-04-15 16:00:00+00:00,2017-04-15 16:00:00+00:00,10,10,True
1203300254,,,,,,,8,8,True
1203300325,,,,,,,15,5,True
1203300342,,,,,,,10,0,True
1203300390,,,,,,,10,0,True
1203300626,,,,,,,5,5,True
1203300753,,,,,,,10,0,True
1203300826,,,,,,,10,0,True
1203300852,,,,,,,10,0,True
1203300984,,,,,,,10,10,True
1203301064,,,,,,,10,4,True
1203301087,,,,,,,7,0,True
1203301109,,,,,,,10,0,True
1203301221,,,,,,,10,0,True
1203301242,,,,,,,10,0,True
1203301260,,,,,,,9,9,True
1203301295,,,,,,,10,0,True
1203301331,,,,,,,10,0,True
1203301419,,,,,,,5,5,True
1203301458,,,,,,,10,10,True
1203311282,,,,,,,10,10,True
1203311468,,,,,,,5,0,True
1203312033,,,,,,,10,0,True
1203312081,,,,,,,5,5,True
1203312262,,,,,,,10,0,True
1203312320,,,,,,,10,5,True
1203312342,,,,,,,10,0,True
1203312386,,,,,,,8,3,True
1203312456,,,,,,,10,0,True
1203312492,,,,,,,10,0,True
1203312568,,,,,,,6,0,True
1203312670,,,,,,,6,0,True
1203312716,,,,,,,10,10,True
1203312760,,,,,,,10,10,True
1203312795,,,,,,,7,0,True
1203312843,,,,,,,5,0,True
1203312969,,,,,,,10,0,True
1203313054,,,,,,,10,0,True
1203313119,,,,,,,10,10,True
1203313130,,,,,,,10,0,True
1203313199,,,,,,,10,0,True
1203313238,,,,,,,10,0,True
1203313306,,,,,,,10,0,True
1203313339,,,,,,,10,0,True
1203313347,,,,,,,10,1,True
1203313361,,,,,,,7,7,True
1203313431,,,,,,,10,10,True
1203313508,,,,,,,6,0,True
1203313573,,,,,,,10,0,True
1203313637,,,,,,,10,10,True
1203313670,,,,,,,9,9,True
1203313708,,,,,,,10,10,True
1203313734,,,,,,,10,0,True
1203313751,,,,,,,10,10,True
1203313768,,,,,,,10,0,True
1203313966,,,,,,,10,0,True
1203314057,,,,,,,10,10,True
1203314074,,,,,,,7,0,True
1203314126,,,,,,,7,7,True
1203314184,,,,,,,10,0,True
1203314287,,,,,,,10,0,True
1203314340,,,,,,,6,0,True
1203314347,,,,,,,10,0,True
1203314378,,,,,,,10,0,True
1203314600,,,,,,,10,9,True
1203314657,,,,,,,10,0,True
1203314714,,,,,,,5,0,True
1203314804,,,,,,,10,0,True
1203314888,,,,,,,10,0,True
1203314892,,,,,,,10,0,True
1203314914,,,,,,,10,0,True
1203314953,,,,,,,6,0,True
1203315025,,,,,,,10,0,True
1203315081,,,,,,,10,0,True
1203315110,,,,,,,10,0,True
1203315126,,,,,,,10,0,True
1203315188,,,,,,,10,0,True
1203315225,,,,,,,10,0,True
1203315264,,,,,,,10,10,True
1203315297,,,,,,,10,0,True
1203315336,,,,,,,10,0,True
1203315376,,,,,,,10,0,True
1203315432,,,,,,,10,10,True
1203315506,,,,,,,6,0,True
1203315520,,,,,,,10,10,True
1203315582,,,,,,,10,0,True
1203315648,,,,,,,9,0,True
1203315686,,,,,,,10,0,True
1203315827,,,,,,,10,10,True
1203315852,,,,,,,5,0,True
1203315955,,,,,,,6,0,True
1203315984,,,,,,,10,0,True
1203316452,,,,,,,6,0,True
1203322448,,,,,,,10,0,True
1203322481,,,,,,,10,0,True
1203322485,,,,,,,7,0,True
1203322523,,,,,,,10,0,True
1203322555,,,,,,,10,0,True
1203322668,,,,,,,7,0,True
1203322709,,,,,,,10,0,True
1203322791,,,,,,,10,0,True
1203322885,,,,,,,10,0,True
1203322951,1.0,1.0,1.0,1.0,2017-04-19 16:00:00+00:00,2017-04-19 16:00:00+00:00,5,5,True
1203323033,,,,,,,10,0,True
1203323075,,,,,,,10,10,True
1203323104,,,,,,,10,5,True
1203323105,,,,,,,10,0,True
1203323132,,,,,,,10,0,True
1203323158,,,,,,,1,1,True
1203323245,,,,,,,10,0,True
1203323320,,,,,,,10,10,True
1203323357,,,,,,,10,0,True
1203323405,,,,,,,10,0,True
1203323495,,,,,,,10,0,True
1203323583,,,,,,,10,0,True
1203323782,,,,,,,10,0,True
1203323926,,,,,,,10,10,True
1203323953,,,,,,,10,0,True
1203323983,,,,,,,5,0,True
1203324298,1.0,1.0,1.0,1.0,2017-04-19 16:00:00+00:00,2017-04-19 16:00:00+00:00,10,10,True
1203324331,,,,,,,10,0,True
1203324397,,,,,,,9,0,True
1203324502,,,,,,,10,0,True
1203324537,,,,,,,10,0,True
1203324557,,,,,,,10,0,True
1203324611,,,,,,,10,0,True
1203324655,,,,,,,10,0,True
1203324690,,,,,,,6,0,True
1203324717,,,,,,,5,0,True
1203324761,,,,,,,5,5,True
1203324851,1.0,1.0,1.0,1.0,2017-04-19 16:00:00+00:00,2017-04-19 16:00:00+00:00,9,9,True
1203331549,,,,,,,7,5,True
1203331634,,,,,,,5,5,True
1203331670,,,,,,,10,0,True
1203331720,,,,,,,10,10,True
1203331740,,,,,,,9,0,True
1203331791,,,,,,,10,0,True
1203331803,,,,,,,2,2,True
1203331902,,,,,,,10,0,True
1203331922,,,,,,,10,0,True
1203332005,,,,,,,10,0,True
1203332044,,,,,,,10,0,True
1203332051,,,,,,,10,10,True
1203332084,,,,,,,8,8,True
1203332317,,,,,,,10,0,True
1203332355,,,,,,,10,0,True
1203332458,,,,,,,10,0,True
1203332509,,,,,,,10,0,True
1203332545,,,,,,,10,0,True
1203332581,1.0,1.0,1.0,1.0,2017-04-20 16:00:00+00:00,2017-04-20 16:00:00+00:00,10,5,True
1203332676,,,,,,,10,0,True
1203332690,,,,,,,10,0,True
1203332770,,,,,,,7,0,True
1203332952,,,,,,,5,0,True
1203333017,1.0,1.0,1.0,1.0,2017-04-20 16:00:00+00:00,2017-04-20 16:00:00+00:00,8,8,True
1203333047,,,,,,,10,10,True
1203333116,,,,,,,10,0,True
1203333124,,,,,,,6,0,True
1203333181,,,,,,,8,1,True
1203333260,,,,,,,10,10,True
1203333303,,,,,,,7,0,True
1203333343,,,,,,,6,6,True
1203333359,,,,,,,10,0,True
1203333447,,,,,,,10,0,True
1203333503,,,,,,,10,0,True
1203333557,,,,,,,7,0,True
1203333573,,,,,,,7,0,True
1203333685,,,,,,,10,10,True
1203333705,,,,,,,8,0,True
1203333837,,,,,,,10,0,True
1203333862,,,,,,,10,0,True
1203333932,,,,,,,10,10,True
1203333942,,,,,,,10,0,True
1203334004,,,,,,,10,0,True
1203334036,,,,,,,7,7,True
1203334081,,,,,,,6,0,True
1203334141,,,,,,,7,0,True
1203334145,,,,,,,10,0,True
1203334200,,,,,,,10,0,True
1203334221,,,,,,,5,0,True
1203334312,,,,,,,6,6,True
1203334321,,,,,,,10,0,True
1203334349,,,,,,,10,0,True
1203334415,,,,,,,10,0,True
1203334617,,,,,,,10,0,True
1203334642,,,,,,,10,10,True
1203334697,,,,,,,10,0,True
1203334750,,,,,,,10,0,True
1203334809,,,,,,,5,0,True
1203334885,,,,,,,6,6,True
1203334985,,,,,,,11,11,True
1203335064,,,,,,,9,0,True
1203335093,,,,,,,10,5,True
1203335137,1.0,1.0,1.0,1.0,2017-04-20 16:00:00+00:00,2017-04-20 16:00:00+00:00,10,10,True
1203335164,,,,,,,8,0,True
1203335259,,,,,,,10,0,True
1203335363,,,,,,,6,0,True
1203335403,,,,,,,10,0,True
1203335409,,,,,,,10,0,True
1203335484,,,,,,,10,0,True
1203335524,,,,,,,10,0,True
1203335543,,,,,,,5,0,True
1203335833,,,,,,,5,5,True
1203342542,,,,,,,10,0,True
1203342594,,,,,,,10,10,True
1203342686,,,,,,,10,0,True
1203342793,,,,,,,10,0,True
1203342833,,,,,,,10,0,True
1203342887,,,,,,,10,0,True
1203342915,,,,,,,10,10,True
1203343108,,,,,,,10,0,True
1203343117,,,,,,,10,10,True
1203343311,,,,,,,10,10,True
1203343375,,,,,,,7,0,True
1203343496,,,,,,,5,5,True
1203343561,,,,,,,2,0,True
1203343644,,,,,,,10,0,True
1203343663,,,,,,,9,9,True
1203343698,,,,,,,10,0,True
1203343950,,,,,,,10,0,True
1203344006,,,,,,,10,10,True
1203344031,,,,,,,10,0,True
1203344068,,,,,,,3,3,True
1203344112,,,,,,,10,0,True
1203344212,,,,,,,10,0,True
1203344226,,,,,,,10,0,True
1203344261,,,,,,,7,0,True
1203344303,,,,,,,8,0,True
1203344320,,,,,,,10,0,True
1203344348,,,,,,,10,0,True
1203344475,,,,,,,10,0,True
1203344648,1.0,1.0,1.0,1.0,2017-04-21 16:00:00+00:00,2017-04-21 16:00:00+00:00,10,10,True
1203344682,,,,,,,10,0,True
1203344717,,,,,,,1,1,True
1203344801,,,,,,,10,0,True
1203344879,,,,,,,10,0,True
1203344955,,,,,,,8,0,True
1203344959,,,,,,,10,10,True
1203344969,,,,,,,10,10,True
1203345024,,,,,,,10,0,True
1203345067,,,,,,,7,7,True
1203345296,,,,,,,6,6,True
1203345321,,,,,,,10,10,True
1203345520,,,,,,,10,0,True
1203345656,,,,,,,5,0,True
1203345694,,,,,,,10,0,True
1203345759,,,,,,,8,8,True
1203345915,,,,,,,10,0,True
1203345947,,,,,,,9,0,True
1203345976,,,,,,,10,0,True
1203346015,,,,,,,10,10,True
1203346055,,,,,,,5,0,True
1203346148,,,,,,,9,0,True
1203346177,,,,,,,8,0,True
1203346347,,,,,,,10,0,True
1203346439,,,,,,,10,0,True
1203346567,,,,,,,10,10,True
1203355807,,,,,,,10,10,True
1203355865,,,,,,,9,9,True
1203355921,,,,,,,10,0,True
1203355982,,,,,,,6,6,True
1203356022,,,,,,,10,0,True
1203356190,,,,,,,10,10,True
1203356321,,,,,,,10,0,True
1203356416,,,,,,,10,0,True
1203356445,,,,,,,10,0,True
1203356512,,,,,,,6,6,True
1203356541,,,,,,,10,10,True
1203356780,,,,,,,10,0,True
1203356862,,,,,,,9,0,True
1203357001,,,,,,,10,0,True
1203357124,,,,,,,10,0,True
1203357180,,,,,,,10,0,True
1203357221,,,,,,,10,10,True
1203357268,,,,,,,10,0,True
1203357300,,,,,,,5,5,True
1203357361,,,,,,,10,0,True
1203357408,,,,,,,10,0,True
1203357509,,,,,,,10,0,True
1203357571,,,,,,,10,10,True
1203357599,,,,,,,6,0,True
1203357667,,,,,,,10,0,True
1203357887,,,,,,,10,0,True
1203358101,,,,,,,10,0,True
1203358146,,,,,,,10,0,True
1203358223,,,,,,,10,0,True
1203358269,,,,,,,4,4,True
1203358297,,,,,,,10,0,True
1203358343,,,,,,,10,0,True
1203358370,,,,,,,10,0,True
1203358477,,,,,,,10,10,True
1203358502,,,,,,,5,5,True
1203358542,,,,,,,10,0,True
1203358733,,,,,,,6,0,True
1203358771,,,,,,,10,0,True
1203358912,,,,,,,10,0,True
1203359058,,,,,,,10,0,True
1203359168,,,,,,,10,0,True
1203359233,,,,,,,10,0,True
1203359241,,,,,,,10,0,True
1203359303,,,,,,,9,0,True
1203359661,,,,,,,10,0,True
1203359692,,,,,,,9,0,True
1203359755,,,,,,,10,0,True
1203359888,,,,,,,10,0,True
1203359933,,,,,,,10,10,True
1203359978,,,,,,,8,8,True
1203360067,,,,,,,10,0,True
1203360068,,,,,,,5,5,True
1203360123,,,,,,,7,7,True
1203360146,,,,,,,10,0,True
1203360451,,,,,,,10,0,True
1203360517,,,,,,,5,0,True
1203360601,,,,,,,10,0,True
1203360656,,,,,,,10,0,True
1203360737,,,,,,,6,0,True
1203360914,,,,,,,7,7,True
1203361014,,,,,,,5,5,True
1203361107,,,,,,,5,0,True
1203371985,,,,,,,10,10,True
1203372048,,,,,,,9,0,True
1203372135,,,,,,,10,0,True
1203372207,,,,,,,9,9,True
1203372259,,,,,,,9,9,True
1203372278,,,,,,,10,0,True
1203372397,,,,,,,9,0,True
1203372402,,,,,,,10,10,True
1203372417,,,,,,,10,0,True
1203372478,,,,,,,10,0,True
1203372545,,,,,,,8,0,True
1203372599,,,,,,,10,0,True
1203372607,,,,,,,10,0,True
1203372662,,,,,,,10,0,True
1203372684,,,,,,,10,10,True
1203372756,,,,,,,7,0,True
1203372823,,,,,,,10,0,True
1203372862,,,,,,,10,0,True
1203372935,,,,,,,7,1,True
1203372980,,,,,,,10,0,True
1203372997,,,,,,,8,0,True
1203373039,,,,,,,10,10,True
1203373134,,,,,,,10,0,True
1203373185,,,,,,,8,0,True
1203373243,,,,,,,10,0,True
1203373289,,,,,,,6,3,True
1203373330,,,,,,,10,1,True
1203373395,,,,,,,8,0,True
1203373494,,,,,,,10,10,True
1203373514,,,,,,,10,5,True
1203373586,,,,,,,15,5,True
1203373670,,,,,,,8,0,True
1203373686,,,,,,,10,0,True
1203373708,,,,,,,10,0,True
1203373899,,,,,,,8,0,True
1203373934,,,,,,,8,0,True
1203374012,,,,,,,10,0,True
1203374080,,,,,,,9,9,True
1203374106,,,,,,,10,0,True
1203374172,,,,,,,10,10,True
1203374280,,,,,,,10,0,True
1203374353,,,,,,,10,10,True
1203374385,,,,,,,10,0,True
1203374442,,,,,,,8,8,True
1203374472,,,,,,,10,0,True
1203374495,,,,,,,7,0,True
1203374530,,,,,,,9,0,True
1203374574,,,,,,,10,10,True
1203374601,,,,,,,10,0,True
1203374709,,,,,,,10,0,True
1203374713,,,,,,,10,0,True
1203374800,,,,,,,9,0,True
1203374814,,,,,,,10,0,True
1203374860,,,,,,,10,0,True
1203374929,,,,,,,10,0,True
1203374936,,,,,,,10,0,True
1203375033,,,,,,,10,0,True
1203375117,,,,,,,10,10,True
1203375125,,,,,,,10,0,True
1203375213,,,,,,,10,5,True
1203375262,,,,,,,8,0,True
1203375487,,,,,,,4,4,True
1203375574,,,,,,,10,0,True
1203375585,,,,,,,6,6,True
1203375643,,,,,,,10,0,True
1203375677,,,,,,,10,0,True
1203375866,,,,,,,9,0,True
1203375908,,,,,,,10,0,True
1203376267,,,,,,,10,0,True
1203376299,,,,,,,10,0,True
1203376440,,,,,,,10,0,True
1203376491,,,,,,,10,0,True
1203376584,,,,,,,10,0,True
1203376617,,,,,,,9,9,True
1203376654,,,,,,,8,0,True
1203376672,,,,,,,10,0,True
1203376706,,,,,,,8,0,True
1203376770,,,,,,,10,10,True
1203376820,,,,,,,7,7,True
1203376887,,,,,,,8,0,True
1203376919,,,,,,,2,2,True
1203376988,,,,,,,10,0,True
1203377074,,,,,,,9,0,True
1203377083,,,,,,,10,0,True
1203377116,,,,,,,2,2,True
1203377211,,,,,,,10,0,True
1203377341,,,,,,,10,0,True
1203377398,,,,,,,10,0,True
1203377436,,,,,,,10,0,True
1203377490,,,,,,,10,10,True
1203377540,,,,,,,7,0,True
1203377565,,,,,,,10,0,True
1203377622,,,,,,,10,0,True
1203377654,,,,,,,10,0,True
1203377681,,,,,,,10,0,True
1203377728,1.0,1.0,1.0,1.0,2017-04-25 16:00:00+00:00,2017-04-25 16:00:00+00:00,15,9,True
1203377733,,,,,,,10,10,True
1203377775,,,,,,,10,0,True
1203377819,,,,,,,10,10,True
1203377843,,,,,,,5,0,True
1203377973,,,,,,,5,0,True
1203378058,,,,,,,10,10,True
1203378083,,,,,,,10,0,True
1203378137,,,,,,,10,10,True
1203378240,,,,,,,10,10,True
1203378350,,,,,,,10,0,True
1203378356,,,,,,,10,0,True
1203378411,,,,,,,6,0,True
1203378460,,,,,,,10,10,True
1203378518,,,,,,,10,0,True
1203378756,,,,,,,10,0,True
1203378832,,,,,,,10,0,True
1203378863,,,,,,,10,10,True
1203378914,,,,,,,10,0,True
1203378975,,,,,,,10,0,True
1203378989,,,,,,,6,0,True
1203379142,,,,,,,10,5,True
1203379271,,,,,,,9,0,True
1203379346,,,,,,,6,0,True
1203379379,,,,,,,5,0,True
1203379575,,,,,,,10,0,True
1203379668,,,,,,,5,5,True
1203379681,1.0,1.0,1.0,1.0,2017-04-25 16:00:00+00:00,2017-04-25 16:00:00+00:00,10,10,True
1203379774,,,,,,,10,10,True
1203381355,,,,,,,8,8,True
1203381379,,,,,,,8,8,True
1203381415,,,,,,,10,0,True
1203381424,,,,,,,10,10,True
1203381451,,,,,,,10,0,True
1203381547,,,,,,,10,0,True
1203381584,,,,,,,10,0,True
1203381653,,,,,,,10,0,True
1203381667,,,,,,,10,10,True
1203381787,,,,,,,10,0,True
1203381796,,,,,,,7,0,True
1203381856,,,,,,,10,0,True
1203381873,1.0,1.0,1.0,1.0,2017-04-26 16:00:00+00:00,2017-04-26 16:00:00+00:00,10,10,True
1203381928,,,,,,,10,0,True
1203381984,,,,,,,10,0,True
1203382031,,,,,,,10,0,True
1203382083,,,,,,,10,0,True
1203382112,,,,,,,10,10,True
1203382134,,,,,,,10,0,True
1203382167,1.0,1.0,1.0,1.0,2017-04-26 16:00:00+00:00,2017-04-26 16:00:00+00:00,5,5,True
1203382225,,,,,,,10,0,True
1203382278,,,,,,,10,0,True
1203382341,,,,,,,10,0,True
1203382346,,,,,,,10,0,True
1203382454,,,,,,,10,10,True
1203382546,,,,,,,10,0,True
1203382635,,,,,,,8,8,True
1203382671,,,,,,,6,0,True
1203382707,,,,,,,10,0,True
1203382749,,,,,,,3,3,True
1203382827,,,,,,,10,0,True
1203382908,,,,,,,6,0,True
1203383100,,,,,,,10,0,True
1203383160,,,,,,,10,0,True
1203383163,,,,,,,10,10,True
1203383279,,,,,,,10,0,True
1203383360,,,,,,,10,10,True
1203383439,,,,,,,6,0,True
1203383468,,,,,,,6,0,True
1203383515,,,,,,,10,0,True
1203383655,,,,,,,10,10,True
1203383695,,,,,,,6,6,True
1203383769,,,,,,,4,3,True
1203383792,,,,,,,10,0,True
1203383815,,,,,,,10,5,True
1203383874,2.0,2.0,2.0,2.0,2017-04-26 16:00:00+00:00,2017-04-26 16:00:00+00:00,10,10,True
1203383941,,,,,,,10,1,True
1203384005,,,,,,,9,9,True
1203384079,,,,,,,10,0,True
1203384333,,,,,,,6,0,True
1203384373,,,,,,,10,10,True
1203384558,,,,,,,10,10,True
1203384630,,,,,,,10,0,True
1203384665,,,,,,,10,0,True
1203384703,,,,,,,9,0,True
1203384746,,,,,,,10,2,True
1203384777,,,,,,,10,0,True
1203384826,,,,,,,9,0,True
1203384866,,,,,,,10,10,True
1203384949,,,,,,,10,0,True
1203384971,,,,,,,8,0,True
1203385119,,,,,,,10,10,True
1203385171,,,,,,,6,0,True
1203385336,1.0,1.0,1.0,1.0,2017-04-26 16:00:00+00:00,2017-04-26 16:00:00+00:00,5,5,True
1203385355,,,,,,,10,0,True
1203385434,,,,,,,10,0,True
1203385485,,,,,,,10,0,True
1203385535,,,,,,,10,0,True
1203385567,,,,,,,10,0,True
1203385623,,,,,,,10,0,True
1203385654,,,,,,,7,0,True
1203385693,,,,,,,6,0,True
1203385762,,,,,,,6,0,True
1203385839,,,,,,,8,0,True
1203385843,,,,,,,10,0,True
1203385925,,,,,,,10,0,True
1203385955,,,,,,,10,10,True
1203386035,,,,,,,10,0,True
1203386052,,,,,,,10,0,True
1203386152,,,,,,,10,0,True
1203386233,,,,,,,10,0,True
1203386321,,,,,,,9,9,True
1203386394,,,,,,,10,10,True
1203386420,,,,,,,6,6,True
1203386489,,,,,,,10,0,True
1203386598,,,,,,,10,10,True
1203386628,,,,,,,10,0,True
1203386644,,,,,,,10,0,True
1203386661,,,,,,,10,0,True
1203386719,,,,,,,10,0,True
1203386753,,,,,,,10,0,True
1203386778,,,,,,,10,0,True
1203386828,,,,,,,7,0,True
1203386855,,,,,,,7,0,True
1203386881,,,,,,,5,5,True
1203386946,,,,,,,10,0,True
1203387014,,,,,,,13,13,True
1203387051,,,,,,,10,0,True
1203387113,,,,,,,10,0,True
1203387124,,,,,,,10,10,True
1203387148,,,,,,,10,10,True
1203387190,,,,,,,6,0,True
1203387215,,,,,,,10,0,True
1203387248,,,,,,,2,2,True
1203387272,,,,,,,10,0,True
1203387321,,,,,,,10,10,True
1203387415,,,,,,,6,5,True
1203387427,,,,,,,10,0,True
1203387473,,,,,,,10,0,True
1203387528,,,,,,,6,0,True
1203387570,,,,,,,10,0,True
1203387592,,,,,,,8,0,True
1203387717,,,,,,,5,5,True
1203387783,,,,,,,6,0,True
1203387821,,,,,,,7,0,True
1203387848,,,,,,,10,0,True
1203387901,,,,,,,2,2,True
1203387911,2.0,2.0,1.0,2.0,2017-04-26 16:00:00+00:00,2017-04-26 16:00:00+00:00,10,10,True
1203387962,,,,,,,10,0,True
1203387986,,,,,,,7,7,True
1203388039,,,,,,,10,0,True
1203388066,,,,,,,10,0,True
1203388091,,,,,,,10,0,True
1203388184,1.0,1.0,1.0,1.0,2017-04-26 16:00:00+00:00,2017-04-26 16:00:00+00:00,10,10,True
1203388322,,,,,,,10,1,True
1203388367,,,,,,,10,10,True
1203388397,,,,,,,10,0,True
1203388461,,,,,,,7,0,True
1203388489,,,,,,,10,0,True
1203388541,,,,,,,10,0,True
1203388656,,,,,,,10,10,True
1203388738,,,,,,,6,0,True
1203388780,,,,,,,10,0,True
1203388813,,,,,,,10,10,True
1203388817,,,,,,,8,0,True
1203388853,,,,,,,10,0,True
1203388888,,,,,,,10,0,True
1203388941,,,,,,,8,8,True
1203388961,,,,,,,10,0,True
1203389060,,,,,,,10,0,True
1203389062,,,,,,,5,0,True
1203389118,,,,,,,10,0,True
1203389179,,,,,,,10,0,True
1203389231,,,,,,,10,10,True
1203389253,,,,,,,10,0,True
1203389258,,,,,,,10,0,True
1203389317,,,,,,,8,0,True
1203389345,,,,,,,7,0,True
1203389348,,,,,,,7,0,True
1203389401,,,,,,,10,0,True
1203389429,,,,,,,10,0,True
1203389484,,,,,,,5,0,True
1203389571,,,,,,,9,0,True
1203389583,,,,,,,6,0,True
1203389634,,,,,,,9,0,True
1203389671,,,,,,,10,0,True
1203389717,,,,,,,10,0,True
1203389727,,,,,,,9,0,True
1203389783,,,,,,,10,10,True
1203389807,,,,,,,8,0,True
1203389851,,,,,,,5,0,True
1203389918,,,,,,,10,1,True
1203389960,,,,,,,10,10,True
1203390053,,,,,,,10,10,True
1203390105,,,,,,,10,5,True
1203390331,,,,,,,10,0,True
1203390399,,,,,,,10,0,True
1203390413,,,,,,,10,0,True
1203391127,,,,,,,5,5,True
1203401079,,,,,,,10,10,True
1203401316,,,,,,,10,0,True
1203401944,,,,,,,10,0,True
1203402041,,,,,,,10,10,True
1203402059,,,,,,,9,9,True
1203402114,,,,,,,10,0,True
1203402223,,,,,,,10,0,True
1203402257,,,,,,,10,0,True
1203402261,,,,,,,9,0,True
1203402274,,,,,,,10,0,True
1203402333,,,,,,,10,5,True
1203402375,,,,,,,5,5,True
1203402488,,,,,,,9,0,True
1203402509,,,,,,,10,0,True
1203402675,,,,,,,10,10,True
1203402715,,,,,,,10,0,True
1203402841,,,,,,,8,2,True
1203402879,,,,,,,10,0,True
1203402950,,,,,,,7,0,True
1203403002,,,,,,,10,0,True
1203403217,,,,,,,10,0,True
1203403238,,,,,,,10,0,True
1203403386,,,,,,,10,0,True
1203403430,,,,,,,5,0,True
1203403481,1.0,1.0,1.0,1.0,2017-04-27 16:00:00+00:00,2017-04-27 16:00:00+00:00,10,10,True
1203403656,,,,,,,7,0,True
1203403930,,,,,,,10,0,True
1203403994,,,,,,,10,0,True
1203404043,,,,,,,8,8,True
1203404222,,,,,,,10,0,True
1203404403,,,,,,,10,10,True
1203404420,,,,,,,10,0,True
1203404457,,,,,,,10,10,True
1203404489,,,,,,,7,7,True
1203404584,,,,,,,10,0,True
1203404622,,,,,,,6,0,True
1203404651,,,,,,,6,0,True
1203404678,,,,,,,6,0,True
1203404709,,,,,,,10,0,True
1203404719,,,,,,,10,0,True
1203404755,,,,,,,10,0,True
1203404848,,,,,,,6,0,True
1203404886,,,,,,,10,10,True
1203405020,,,,,,,10,0,True
1203405074,,,,,,,10,0,True
1203405116,,,,,,,10,0,True
1203405149,,,,,,,10,0,True
1203405197,,,,,,,10,0,True
1203405320,,,,,,,10,0,True
1203405400,,,,,,,10,0,True
1203405456,,,,,,,8,0,True
1203405483,,,,,,,10,10,True
1203405505,,,,,,,10,0,True
1203405554,,,,,,,10,0,True
1203405624,,,,,,,10,0,True
1203405665,,,,,,,10,0,True
1203405717,,,,,,,10,0,True
1203405747,,,,,,,12,0,True
1203405848,,,,,,,6,6,True
1203405888,,,,,,,10,0,True
1203405956,,,,,,,10,0,True
1203405993,,,,,,,10,0,True
1203406047,,,,,,,9,0,True
1203406073,,,,,,,3,3,True
1203406116,,,,,,,10,1,True
1203406347,,,,,,,10,0,True
1203406383,,,,,,,10,0,True
1203406394,,,,,,,9,0,True
1203406435,,,,,,,10,0,True
1203406450,,,,,,,6,0,True
1203406520,,,,,,,10,0,True
1203406664,,,,,,,10,10,True
1203406681,,,,,,,6,0,True
1203406732,1.0,1.0,1.0,1.0,2017-04-27 16:00:00+00:00,2017-04-27 16:00:00+00:00,10,10,True
1203406859,,,,,,,6,6,True
1203406887,,,,,,,9,0,True
1203406931,1.0,1.0,1.0,1.0,2017-04-27 16:00:00+00:00,2017-04-27 16:00:00+00:00,10,10,True
1203406986,,,,,,,10,10,True
1203407014,,,,,,,10,0,True
1203407032,,,,,,,10,0,True
1203407103,,,,,,,9,0,True
1203407163,,,,,,,10,10,True
1203407218,,,,,,,10,1,True
1203407256,,,,,,,10,0,True
1203407281,,,,,,,10,0,True
1203407368,,,,,,,10,0,True
1203407416,,,,,,,10,10,True
1203407440,,,,,,,10,10,True
1203407486,,,,,,,10,0,True
1203407502,,,,,,,10,0,True
1203407528,,,,,,,10,0,True
1203407553,,,,,,,10,0,True
1203407714,,,,,,,5,0,True
1203407781,,,,,,,10,0,True
1203407804,,,,,,,8,8,True
1203407844,,,,,,,10,0,True
1203407888,1.0,1.0,1.0,1.0,2017-04-27 16:00:00+00:00,2017-04-27 16:00:00+00:00,10,10,True
1203407906,,,,,,,10,0,True
1203407939,,,,,,,10,0,True
1203407965,,,,,,,8,0,True
1203408181,,,,,,,10,0,True
1203408259,,,,,,,10,10,True
1203408428,,,,,,,10,10,True
1203408522,,,,,,,6,6,True
1203410255,,,,,,,10,10,True
1203410270,,,,,,,10,10,True
1203410325,,,,,,,10,0,True
1203410469,,,,,,,10,0,True
1203410499,,,,,,,9,0,True
1203410575,,,,,,,5,0,True
1203410621,1.0,1.0,1.0,1.0,2017-04-28 16:00:00+00:00,2017-04-28 16:00:00+00:00,8,8,True
1203410675,,,,,,,10,0,True
1203410687,,,,,,,10,0,True
1203410794,,,,,,,5,0,True
1203410822,,,,,,,10,0,True
1203410874,,,,,,,10,0,True
1203410932,,,,,,,10,0,True
1203410982,,,,,,,9,0,True
1203411151,,,,,,,10,10,True
1203411163,,,,,,,5,0,True
1203411325,,,,,,,6,0,True
1203411361,,,,,,,10,0,True
1203411403,,,,,,,10,0,True
1203411443,,,,,,,10,0,True
1203411521,,,,,,,6,6,True
1203411566,,,,,,,10,0,True
1203411616,,,,,,,9,0,True
1203411659,,,,,,,10,0,True
1203411710,,,,,,,10,0,True
1203411755,,,,,,,10,0,True
1203411802,,,,,,,10,0,True
1203411846,,,,,,,10,0,True
1203411891,,,,,,,10,0,True
1203411935,,,,,,,5,5,True
1203411987,,,,,,,10,1,True
1203412213,,,,,,,5,0,True
1203412311,,,,,,,8,8,True
1203412501,,,,,,,15,0,True
1203412549,,,,,,,7,7,True
1203412690,,,,,,,13,5,True
1203412823,,,,,,,10,0,True
1203412866,,,,,,,10,2,True
1203413059,,,,,,,7,0,True
1203413138,,,,,,,10,1,True
1203413171,,,,,,,10,0,True
1203413253,,,,,,,10,0,True
1203413315,,,,,,,10,10,True
1203413327,,,,,,,6,0,True
1203413349,,,,,,,10,0,True
1203413448,,,,,,,7,0,True
1203413509,,,,,,,6,0,True
1203413517,,,,,,,10,10,True
1203413614,,,,,,,10,0,True
1203413689,,,,,,,10,0,True
1203413720,,,,,,,8,0,True
1203413754,,,,,,,10,0,True
1203413793,1.0,1.0,1.0,1.0,2017-04-28 16:00:00+00:00,2017-04-28 16:00:00+00:00,9,9,True
1203413855,,,,,,,10,0,True
1203413887,,,,,,,7,0,True
1203413919,,,,,,,10,0,True
1203413944,,,,,,,5,5,True
1203413953,,,,,,,10,0,True
1203414051,,,,,,,10,0,True
1203414084,,,,,,,10,0,True
1203414150,,,,,,,10,0,True
1203414200,,,,,,,10,10,True
1203414280,,,,,,,10,0,True
1203414345,,,,,,,6,5,True
1203414376,,,,,,,10,0,True
1203414408,,,,,,,10,0,True
1203414452,,,,,,,9,0,True
1203414519,,,,,,,6,0,True
1203414665,,,,,,,10,2,True
1203414727,,,,,,,10,0,True
1203414776,,,,,,,10,0,True
1203414813,,,,,,,10,0,True
1203414826,,,,,,,9,9,True
1203414913,,,,,,,10,0,True
1203414946,,,,,,,9,9,True
1203414971,,,,,,,10,0,True
1203414990,,,,,,,10,0,True
1203415012,,,,,,,10,10,True
1203415021,,,,,,,7,7,True
1203415067,,,,,,,10,10,True
1203415078,,,,,,,10,0,True
1203415174,,,,,,,10,0,True
1203415199,,,,,,,10,0,True
1203415213,,,,,,,10,0,True
1203415255,,,,,,,10,5,True
1203415339,,,,,,,10,0,True
1203415376,,,,,,,8,0,True
1203415388,,,,,,,10,10,True
1203415499,,,,,,,10,0,True
1203415549,,,,,,,10,0,True
1203415680,,,,,,,10,10,True
1203415745,,,,,,,10,0,True
1203415764,,,,,,,10,0,True
1203415803,,,,,,,10,0,True
1203415850,,,,,,,10,0,True
1203415876,,,,,,,10,0,True
1203415901,,,,,,,10,0,True
1203416093,,,,,,,10,0,True
1203416198,,,,,,,5,5,True
1203416237,,,,,,,10,10,True
1203416268,,,,,,,10,10,True
1203416507,,,,,,,5,0,True
1203417132,,,,,,,5,0,True
1203417253,,,,,,,1,1,True
1203417333,,,,,,,10,0,True
1203417502,2.0,2.0,2.0,1.0,2017-04-28 16:00:00+00:00,2017-04-28 16:00:00+00:00,10,10,True
1203418558,,,,,,,10,0,True
1203419469,,,,,,,5,5,True
1203419752,,,,,,,10,10,True
1203420226,2.0,2.0,1.0,2.0,2017-04-28 16:00:00+00:00,2017-04-28 16:00:00+00:00,9,9,True
1203420251,,,,,,,5,5,True
1203423689,,,,,,,5,2,True
1203423825,,,,,,,5,5,True
1203424012,,,,,,,9,9,True
1203424015,,,,,,,10,0,True
1203424097,,,,,,,10,0,True
1203424129,1.0,1.0,1.0,1.0,2017-04-29 16:00:00+00:00,2017-04-29 16:00:00+00:00,10,10,True
1203424139,,,,,,,10,0,True
1203424190,,,,,,,10,10,True
1203424287,,,,,,,10,0,True
1203424378,,,,,,,9,0,True
1203424412,,,,,,,10,0,True
1203424461,,,,,,,10,0,True
1203424630,,,,,,,7,0,True
1203425002,,,,,,,10,0,True
1203425031,,,,,,,10,10,True
1203425085,,,,,,,6,6,True
1203425097,,,,,,,9,9,True
1203425331,1.0,1.0,1.0,1.0,2017-04-29 16:00:00+00:00,2017-04-29 16:00:00+00:00,10,10,True
1203425381,,,,,,,4,4,True
1203425415,,,,,,,8,0,True
1203425650,,,,,,,10,0,True
1203425725,1.0,1.0,1.0,1.0,2017-04-29 16:00:00+00:00,2017-04-29 16:00:00+00:00,9,4,True
1203425906,,,,,,,10,0,True
1203425925,,,,,,,9,9,True
1203426031,,,,,,,6,6,True
1203426376,,,,,,,10,0,True
1203426435,,,,,,,10,0,True
1203426513,,,,,,,10,0,True
1203426540,,,,,,,6,6,True
1203426685,,,,,,,10,0,True
1203426724,,,,,,,10,10,True
1203426939,,,,,,,5,1,True
1203427004,,,,,,,10,0,True
1203427058,,,,,,,10,0,True
1203427093,,,,,,,10,5,True
1203427127,,,,,,,10,0,True
1203427152,,,,,,,10,0,True
1203427221,,,,,,,10,10,True
1203427290,,,,,,,10,0,True
1203427377,,,,,,,10,0,True
1203427441,,,,,,,7,4,True
1203427815,,,,,,,5,0,True
1203427845,,,,,,,10,1,True
1203427922,,,,,,,10,0,True
1203428145,,,,,,,6,6,True
1203428374,,,,,,,7,7,True
1203428500,,,,,,,3,3,True
1203428736,,,,,,,9,9,True
1203429008,,,,,,,10,0,True
1203429031,,,,,,,10,0,True
1203442873,,,,,,,9,9,True
1203443023,,,,,,,5,0,True
1203443107,,,,,,,5,5,True
1203443399,,,,,,,7,0,True
1203470219,,,,,,,10,10,True
1203470890,,,,,,,9,0,True
1203473552,,,,,,,10,0,True
1203475249,,,,,,,10,0,True
1203475782,,,,,,,10,0,True
1203482176,,,,,,,6,6,True
1203482833,,,,,,,10,0,True
1203482879,,,,,,,5,5,True
1203484969,,,,,,,4,4,True
1203485222,,,,,,,1,1,True
1203485733,,,,,,,8,8,True
1203487361,1.0,1.0,1.0,1.0,2017-05-10 16:00:00+00:00,2017-05-10 16:00:00+00:00,10,10,True
1203487564,,,,,,,10,0,True
1203487735,,,,,,,10,10,True
1203487828,,,,,,,10,0,True
1203488238,,,,,,,9,0,True
1203491949,,,,,,,10,0,True
1203492218,,,,,,,6,0,True
1203492311,,,,,,,6,6,True
1203504807,,,,,,,10,0,True
1203508372,,,,,,,10,0,True
1203515000,,,,,,,10,0,True
1203515823,1.0,1.0,1.0,1.0,2017-05-13 16:00:00+00:00,2017-05-13 16:00:00+00:00,10,10,True
1203519351,,,,,,,10,0,True
1203519913,,,,,,,10,0,True
1203520323,,,,,,,10,0,True
1203525398,,,,,,,10,10,True
1203525724,,,,,,,10,0,True
1203525976,,,,,,,8,8,True
1203531695,,,,,,,14,0,True
1203531871,,,,,,,10,0,True
1203531934,,,,,,,6,0,True
1203536796,1.0,1.0,1.0,1.0,2017-05-19 16:00:00+00:00,2017-05-19 16:00:00+00:00,10,10,True
1203536929,,,,,,,9,9,True
1203536932,,,,,,,7,7,True
1203536951,,,,,,,10,0,True
1203537176,,,,,,,10,0,True
1203543546,1.0,1.0,1.0,1.0,2017-05-19 08:17:27+00:00,2017-05-19 08:17:27+00:00,10,5,True
1203543592,,,,,,,5,5,True
1203543607,,,,,,,10,0,True
1203543662,,,,,,,10,10,True
1203543841,,,,,,,10,10,True
1203543851,,,,,,,9,0,True
1203543996,,,,,,,10,0,True
1203545429,,,,,,,5,5,True
1203553443,,,,,,,10,1,True
1203556479,,,,,,,10,0,True
1203559644,,,,,,,10,0,True
1203560107,,,,,,,10,10,True
1203565696,,,,,,,10,0,True
1203567953,,,,,,,5,0,True
1203568551,1.0,1.0,1.0,1.0,2017-05-26 16:00:00+00:00,2017-05-26 16:00:00+00:00,10,10,True
1203571189,,,,,,,6,0,True
1203571684,,,,,,,7,0,True
1203578511,,,,,,,5,5,True
1203579309,,,,,,,8,0,True
1203579335,,,,,,,10,10,True
1203579433,,,,,,,10,10,True
1203587709,1.0,1.0,1.0,1.0,2017-06-03 16:00:00+00:00,2017-06-03 16:00:00+00:00,9,9,True
1203590247,,,,,,,10,0,True
1203590261,,,,,,,10,0,True
1203595394,,,,,,,10,10,True
1203595451,,,,,,,10,0,True
1203598446,,,,,,,10,0,True
1203598743,1.0,1.0,1.0,1.0,2017-06-08 16:00:00+00:00,2017-06-08 16:00:00+00:00,8,8,True
1203598848,,,,,,,10,0,True
1203598918,,,,,,,10,0,True
1203598965,,,,,,,6,0,True
1203601661,,,,,,,7,0,True
1203602089,,,,,,,10,5,True
1203602601,,,,,,,9,0,True
1203602735,,,,,,,10,0,True
1203602754,,,,,,,10,10,True
1203602818,,,,,,,10,0,True
1203602989,,,,,,,7,0,True
1203603343,,,,,,,5,5,True
1203606892,,,,,,,8,7,True
1203606998,,,,,,,10,0,True
1203607435,,,,,,,7,0,True
1203607445,,,,,,,11,1,True
1203607468,,,,,,,10,10,True
1203613990,,,,,,,8,8,True
1203614193,,,,,,,5,5,True
1203614569,,,,,,,6,6,True
1203615342,,,,,,,10,10,True
1203615442,,,,,,,13,13,True
1203615947,,,,,,,9,9,True
1203616090,,,,,,,7,7,True
1203617299,,,,,,,10,5,True
1203617457,,,,,,,10,0,True
1203617768,,,,,,,10,0,True
1203617952,,,,,,,1,1,True
1203624485,,,,,,,10,0,True
1203624501,,,,,,,10,0,True
1203624553,,,,,,,10,0,True
1203624718,,,,,,,10,0,True
1203624947,,,,,,,7,0,True
1203625209,,,,,,,10,0,True
1203630298,,,,,,,10,0,True
1203631336,2.0,2.0,2.0,2.0,2017-06-20 16:00:00+00:00,2017-06-20 16:00:00+00:00,10,10,True
1203633603,,,,,,,2,2,True
1203637790,,,,,,,9,0,True
1203638401,,,,,,,10,10,True
1203641095,,,,,,,5,5,True
1203641259,,,,,,,7,0,True
1203643433,,,,,,,10,0,True
1203644508,,,,,,,10,10,True
1203649473,,,,,,,10,0,True
1203651254,,,,,,,10,10,True
1203653421,,,,,,,10,0,True
1203653714,,,,,,,12,12,True
1203654549,,,,,,,7,0,True
1203654928,,,,,,,9,9,True
1203664720,,,,,,,10,0,True
1203669351,,,,,,,10,0,True
1203669399,,,,,,,8,8,True
1203677294,,,,,,,9,9,True
1203682596,,,,,,,8,0,True
1203685658,,,,,,,10,0,True
1203685939,,,,,,,6,0,True
1203689029,,,,,,,10,0,True
1203703744,,,,,,,1,1,True
1203704404,,,,,,,10,5,True
1203707535,,,,,,,10,0,True
1203708554,,,,,,,7,7,True
1203712955,,,,,,,10,0,True
1203744780,,,,,,,10,0,True
1203757687,,,,,,,9,9,True
1203758201,,,,,,,5,0,True
1203759494,,,,,,,10,0,True
1203759496,,,,,,,9,0,True
1203804936,,,,,,,10,1,True
1203808987,,,,,,,10,0,True
1203872833,,,,,,,10,10,True
1203872834,,,,,,,10,10,True
1203872901,,,,,,,10,10,True
1203888462,,,,,,,10,0,True
1203909087,,,,,,,8,0,True
1203936151,,,,,,,10,0,True
1203943984,,,,,,,10,0,True
1204015388,,,,,,,10,0,True
1204086085,,,,,,,6,6,True
1204088585,,,,,,,10,0,True
1204206934,,,,,,,6,0,True
1204276361,,,,,,,10,0,True
1204343736,1.0,1.0,1.0,1.0,2018-01-19 16:00:00+00:00,2018-01-19 16:00:00+00:00,8,8,True
1204371815,,,,,,,10,0,True
1204373147,,,,,,,5,0,True
1204373198,,,,,,,10,0,True
1204374066,,,,,,,10,0,True
1204378896,,,,,,,10,0,True
1204393185,,,,,,,10,0,True
1204393453,,,,,,,8,0,True
1204393701,,,,,,,10,0,True
1204399759,,,,,,,6,0,True
1204407284,,,,,,,10,0,True
1204410367,,,,,,,5,0,True
1204410618,,,,,,,7,0,True
1204411155,,,,,,,5,0,True
1204411631,,,,,,,10,1,True
1204411707,,,,,,,10,0,True
1204411829,,,,,,,10,0,True
1204411954,,,,,,,10,0,True
1204417187,,,,,,,10,1,True
1204417361,,,,,,,7,0,True
1204417413,,,,,,,8,0,True
1204417564,,,,,,,10,0,True
1204417893,,,,,,,10,0,True
1204418382,,,,,,,2,2,True
1204419324,,,,,,,10,0,True
1204420567,,,,,,,5,5,True
1204421242,,,,,,,2,2,True
1204421434,,,,,,,6,1,True
1204428402,,,,,,,10,0,True
1204431586,,,,,,,9,0,True
1204431838,,,,,,,7,0,True
1204433247,,,,,,,6,0,True
1204433508,1.0,1.0,1.0,1.0,2018-02-28 16:00:00+00:00,2018-02-28 16:00:00+00:00,10,10,True
1204433708,,,,,,,10,0,True
1204433831,,,,,,,9,9,True
1204434022,,,,,,,10,10,True
1204434373,,,,,,,7,0,True
1204434494,,,,,,,7,0,True
1204434764,,,,,,,10,0,True
1204434848,,,,,,,10,0,True
1204434854,,,,,,,10,10,True
1204434855,,,,,,,10,10,True
1204434924,,,,,,,10,0,True
1204435373,,,,,,,10,0,True
1204435425,,,,,,,10,0,True
1204435469,,,,,,,10,5,True
1204435557,,,,,,,10,0,True
1204435745,,,,,,,10,0,True
1204436018,,,,,,,5,0,True
1204436032,,,,,,,4,4,True
1204436070,,,,,,,10,0,True
1204441650,,,,,,,10,0,True
1204441828,,,,,,,10,0,True
1204441898,,,,,,,10,0,True
1204442264,,,,,,,10,0,True
1204442287,,,,,,,10,10,True
1204443738,,,,,,,4,4,True
1204446547,1.0,1.0,1.0,1.0,2018-03-03 16:00:00+00:00,2018-03-03 16:00:00+00:00,3,3,True
1204446979,,,,,,,5,5,True
1204447485,,,,,,,10,0,True
1204452076,,,,,,,10,0,True
1204452419,,,,,,,10,0,True
1204452545,,,,,,,10,0,True
1204452990,,,,,,,5,0,True
1204453223,,,,,,,10,0,True
1204453324,,,,,,,10,0,True
1204453373,,,,,,,10,0,True
1204453428,,,,,,,10,0,True
1204453480,,,,,,,10,10,True
1204453532,,,,,,,7,0,True
1204453556,,,,,,,10,10,True
1204455645,,,,,,,10,0,True
1204456068,,,,,,,10,0,True
1204456128,,,,,,,6,0,True
1204456488,,,,,,,10,5,True
1204456569,1.0,1.0,1.0,1.0,2018-03-07 16:00:00+00:00,2018-03-07 16:00:00+00:00,7,7,True
1204458466,,,,,,,10,0,True
1204458652,,,,,,,10,0,True
1204458687,,,,,,,10,0,True
1204459074,,,,,,,5,0,True
1204459157,,,,,,,10,0,True
1204463565,,,,,,,10,0,True
1204463976,,,,,,,10,0,True
1204464118,,,,,,,6,0,True
1204464140,,,,,,,6,0,True
1204464314,,,,,,,9,0,True
1204464334,,,,,,,10,0,True
1204464389,1.0,1.0,1.0,1.0,2018-03-09 16:00:00+00:00,2018-03-09 16:00:00+00:00,7,7,True
1204466472,,,,,,,10,0,True
1204466648,,,,,,,9,0,True
1204466877,,,,,,,8,0,True
1204466952,,,,,,,10,0,True
1204467016,,,,,,,10,0,True
1204467252,1.0,1.0,1.0,1.0,2018-03-10 16:00:00+00:00,2018-03-10 16:00:00+00:00,10,10,True
1204467321,,,,,,,8,0,True
1204467490,,,,,,,10,0,True
1204467668,,,,,,,10,0,True
1204467819,,,,,,,10,2,True
1204469109,,,,,,,10,0,True
1204469194,,,,,,,9,9,True
1204470021,,,,,,,10,1,True
1204470089,,,,,,,10,0,True
1204470167,,,,,,,8,0,True
1204470230,,,,,,,10,0,True
1204470312,,,,,,,10,0,True
1204470325,,,,,,,10,0,True
1204470366,,,,,,,10,0,True
1204470713,,,,,,,10,0,True
1204470842,,,,,,,10,0,True
1204470873,,,,,,,6,6,True
1204472558,,,,,,,10,10,True
1204472912,,,,,,,10,0,True
1204476556,,,,,,,10,10,True
1204476710,,,,,,,9,9,True
1204476923,,,,,,,6,0,True
1204477049,1.0,1.0,1.0,1.0,2018-03-15 16:00:00+00:00,2018-03-15 16:00:00+00:00,10,1,True
1204477087,,,,,,,10,0,True
1204477436,,,,,,,10,0,True
1204477514,,,,,,,10,0,True
1204477611,,,,,,,10,0,True
1204477716,,,,,,,10,0,True
1204477796,,,,,,,10,0,True
1204477826,,,,,,,18,18,True
1204478056,,,,,,,10,0,True
1204478093,,,,,,,10,0,True
1204478148,,,,,,,2,0,True
1204478219,,,,,,,10,0,True
1204478235,,,,,,,10,0,True
1204478258,,,,,,,10,0,True
1204478362,1.0,1.0,1.0,1.0,2018-03-15 16:00:00+00:00,2018-03-15 16:00:00+00:00,10,10,True
1204478472,,,,,,,10,0,True
1204478751,,,,,,,16,0,True
1204479148,,,,,,,10,10,True
1204479306,,,,,,,10,0,True
1204479576,,,,,,,10,10,True
1204479659,,,,,,,10,0,True
1204479716,1.0,1.0,1.0,1.0,2018-03-16 16:00:00+00:00,2018-03-16 16:00:00+00:00,10,10,True
1204479740,,,,,,,10,0,True
1204479883,,,,,,,5,5,True
1204480010,,,,,,,10,0,True
1204480162,,,,,,,6,0,True
1204480190,,,,,,,10,0,True
1204480243,,,,,,,10,0,True
1204480269,,,,,,,10,10,True
1204480353,,,,,,,10,0,True
1204480381,,,,,,,10,0,True
1204480525,,,,,,,10,0,True
1204480603,,,,,,,10,0,True
1204480611,,,,,,,10,0,True
1204484489,,,,,,,10,0,True
1204484678,,,,,,,10,0,True
1204484726,,,,,,,10,0,True
1204484837,2.0,2.0,1.0,2.0,2018-03-17 16:00:00+00:00,2018-03-17 16:00:00+00:00,9,9,True
1204485127,,,,,,,6,0,True
1204485350,,,,,,,6,0,True
1204485386,1.0,1.0,1.0,1.0,2018-03-17 16:00:00+00:00,2018-03-17 16:00:00+00:00,10,10,True
1204486104,,,,,,,10,0,True
1204486228,,,,,,,11,1,True
1204486280,,,,,,,10,0,True
1204486701,,,,,,,10,0,True
1204486743,,,,,,,10,0,True
1204486814,,,,,,,10,10,True
1204486883,,,,,,,10,0,True
1204486926,,,,,,,6,5,True
1204487257,,,,,,,5,0,True
1204488010,,,,,,,10,10,True
1204488057,,,,,,,10,0,True
1204488377,,,,,,,10,0,True
1204488499,,,,,,,10,0,True
1204488707,,,,,,,7,0,True
1204488732,,,,,,,10,0,True
1204490370,,,,,,,10,0,True
1204490446,,,,,,,10,0,True
1204492206,,,,,,,10,10,True
1204492247,,,,,,,10,0,True
1204492435,,,,,,,7,0,True
1204492771,,,,,,,10,0,True
1204492814,,,,,,,10,0,True
1204492923,,,,,,,9,0,True
1204492994,,,,,,,10,0,True
1204493002,,,,,,,10,0,True
1204493051,,,,,,,10,0,True
1204493088,,,,,,,7,0,True
1204493110,1.0,1.0,1.0,1.0,2018-03-20 16:00:00+00:00,2018-03-20 16:00:00+00:00,10,10,True
1204493305,,,,,,,10,0,True
1204493309,,,,,,,10,0,True
1204493331,,,,,,,5,0,True
1204493404,,,,,,,10,0,True
1204493443,,,,,,,8,0,True
1204493545,,,,,,,5,0,True
1204493591,,,,,,,10,0,True
1204493652,,,,,,,10,0,True
1204493840,,,,,,,5,5,True
1204495066,2.0,2.0,2.0,2.0,2018-03-21 16:00:00+00:00,2018-03-21 16:00:00+00:00,10,10,True
1204495158,,,,,,,10,0,True
1204495215,,,,,,,6,0,True
1204495267,,,,,,,10,9,True
1204495399,,,,,,,5,0,True
1204495484,,,,,,,7,0,True
1204495623,,,,,,,10,10,True
1204495733,,,,,,,10,0,True
1204495956,,,,,,,10,5,True
1204496015,,,,,,,10,0,True
1204496041,,,,,,,10,0,True
1204496244,,,,,,,10,0,True
1204500911,,,,,,,10,10,True
1204501065,,,,,,,10,10,True
1204501210,,,,,,,10,5,True
1204501259,,,,,,,10,0,True
1204501332,,,,,,,5,0,True
1204501516,,,,,,,8,0,True
1204501643,,,,,,,10,0,True
1204501725,,,,,,,10,0,True
1204501830,1.0,1.0,1.0,1.0,2018-03-22 16:00:00+00:00,2018-03-22 16:00:00+00:00,9,9,True
1204501842,,,,,,,8,8,True
1204502025,,,,,,,8,8,True
1204502197,,,,,,,10,0,True
1204502221,,,,,,,10,0,True
1204502532,,,,,,,10,10,True
1204502802,,,,,,,6,6,True
1204503044,,,,,,,5,5,True
1204505754,,,,,,,10,0,True
1204505944,,,,,,,5,0,True
1204506085,,,,,,,10,0,True
1204506269,,,,,,,10,0,True
1204506478,,,,,,,10,0,True
1204506486,,,,,,,11,1,True
1204506573,,,,,,,6,1,True
1204506619,,,,,,,7,0,True
1204506666,,,,,,,8,8,True
1204506851,,,,,,,10,0,True
1204506879,,,,,,,10,0,True
1204506956,,,,,,,9,0,True
1204507195,,,,,,,10,0,True
1204507273,,,,,,,9,0,True
1204507320,,,,,,,7,7,True
1204507441,,,,,,,10,0,True
1204507505,,,,,,,10,0,True
1204507514,,,,,,,9,0,True
1204507643,,,,,,,5,0,True
1204507731,,,,,,,10,0,True
1204507747,,,,,,,2,1,True
1204507802,,,,,,,5,0,True
1204508074,,,,,,,15,5,True
1204510554,,,,,,,10,5,True
1204510582,,,,,,,7,7,True
1204510646,,,,,,,10,0,True
1204510723,,,,,,,5,4,True
1204510927,,,,,,,9,0,True
1204511045,,,,,,,10,10,True
1204511191,,,,,,,6,4,True
1204511256,,,,,,,9,0,True
1204511292,,,,,,,10,0,True
1204511434,1.0,1.0,1.0,1.0,2018-03-26 16:00:00+00:00,2018-03-26 16:00:00+00:00,11,11,True
1204511485,,,,,,,10,0,True
1204511531,,,,,,,10,0,True
1204511584,,,,,,,9,0,True
1204511837,,,,,,,4,1,True
1204511886,,,,,,,10,0,True
1204511942,,,,,,,7,0,True
1204512018,,,,,,,10,0,True
1204512089,,,,,,,10,0,True
1204512212,,,,,,,10,0,True
1204512309,,,,,,,10,0,True
1204512392,,,,,,,1,1,True
1204512490,,,,,,,10,0,True
1204512511,,,,,,,10,0,True
1204512582,,,,,,,10,0,True
1204512641,,,,,,,10,10,True
1204512888,,,,,,,10,5,True
1204513041,,,,,,,10,0,True
1204513174,,,,,,,9,0,True
1204513202,,,,,,,10,0,True
1204513258,,,,,,,8,0,True
1204513396,,,,,,,10,0,True
1204513583,,,,,,,10,0,True
1204513690,,,,,,,5,0,True
1204513763,,,,,,,5,5,True
1204514135,,,,,,,10,0,True
1204514281,,,,,,,9,9,True
1204516470,,,,,,,10,0,True
1204516513,,,,,,,10,0,True
1204516524,,,,,,,10,0,True
1204516607,,,,,,,10,0,True
1204516638,,,,,,,10,0,True
1204516646,,,,,,,10,0,True
1204516716,,,,,,,9,9,True
1204516851,,,,,,,10,0,True
1204517012,,,,,,,10,10,True
1204517077,,,,,,,10,1,True
1204517085,,,,,,,10,10,True
1204517220,,,,,,,7,7,True
1204517249,,,,,,,10,10,True
1204517584,,,,,,,10,0,True
1204517591,,,,,,,10,0,True
1204517847,,,,,,,10,0,True
1204517892,,,,,,,8,0,True
1204517909,,,,,,,6,0,True
1204517985,,,,,,,7,0,True
1204518215,,,,,,,10,0,True
1204518328,,,,,,,6,0,True
1204518472,,,,,,,10,1,True
1204518639,,,,,,,10,10,True
1204518698,,,,,,,9,5,True
1204518766,,,,,,,10,5,True
1204518799,,,,,,,8,8,True
1204518850,,,,,,,7,1,True
1204518885,,,,,,,10,0,True
1204518938,,,,,,,7,0,True
1204518961,,,,,,,10,3,True
1204519014,1.0,1.0,1.0,1.0,2018-03-27 16:00:00+00:00,2018-03-27 16:00:00+00:00,10,10,True
1204519026,,,,,,,5,0,True
1204519082,,,,,,,10,0,True
1204519256,,,,,,,2,0,True
1204519294,,,,,,,10,10,True
1204519330,,,,,,,10,4,True
1204519356,,,,,,,10,0,True
1204519467,,,,,,,5,5,True
1204519548,,,,,,,10,0,True
1204519564,,,,,,,10,0,True
1204519681,,,,,,,7,0,True
1204519756,,,,,,,6,0,True
1204519772,,,,,,,10,0,True
1204519799,,,,,,,10,0,True
1204519876,,,,,,,10,0,True
1204520007,,,,,,,10,0,True
1204520030,,,,,,,10,0,True
1204520054,,,,,,,5,0,True
1204520105,,,,,,,10,0,True
1204520157,,,,,,,7,0,True
1204520187,,,,,,,10,0,True
1204520210,,,,,,,10,10,True
1204520239,,,,,,,10,10,True
1204520359,,,,,,,5,5,True
1204520485,,,,,,,5,0,True
1204520649,,,,,,,1,1,True
1204522986,,,,,,,10,0,True
1204523013,,,,,,,10,0,True
1204523068,,,,,,,10,10,True
1204523097,,,,,,,10,0,True
1204523127,,,,,,,5,5,True
1204523169,1.0,1.0,1.0,1.0,2018-03-28 16:00:00+00:00,2018-03-28 16:00:00+00:00,5,5,True
1204523318,,,,,,,10,0,True
1204523379,,,,,,,6,0,True
1204523605,,,,,,,10,0,True
1204523771,,,,,,,10,10,True
1204523975,,,,,,,9,0,True
1204524098,,,,,,,5,0,True
1204524113,,,,,,,10,0,True
1204524144,,,,,,,10,10,True
1204524159,,,,,,,10,0,True
1204524508,,,,,,,10,10,True
1204524512,,,,,,,5,5,True
1204524553,,,,,,,7,0,True
1204524639,,,,,,,10,0,True
1204524734,,,,,,,10,0,True
1204524776,,,,,,,10,1,True
1204524971,,,,,,,3,3,True
1204525006,,,,,,,10,0,True
1204525169,,,,,,,9,0,True
1204525252,,,,,,,10,0,True
1204525282,,,,,,,7,2,True
1204525286,,,,,,,8,0,True
1204525529,,,,,,,9,0,True
1204525616,,,,,,,10,0,True
1204525820,,,,,,,10,10,True
1204525860,,,,,,,10,0,True
1204525889,,,,,,,15,0,True
1204525910,2.0,2.0,2.0,2.0,2018-03-28 16:00:00+00:00,2018-03-28 16:00:00+00:00,10,10,True
1204525946,,,,,,,10,0,True
1204525970,,,,,,,10,0,True
1204525997,,,,,,,6,0,True
1204526022,,,,,,,10,10,True
1204526132,,,,,,,1,1,True
1204526133,,,,,,,10,0,True
1204526188,,,,,,,6,6,True
1204526200,,,,,,,5,5,True
1204526233,1.0,1.0,1.0,1.0,2018-03-28 16:00:00+00:00,2018-03-28 16:00:00+00:00,7,6,True
1204526338,,,,,,,10,0,True
1204526345,,,,,,,10,0,True
1204526405,,,,,,,10,0,True
1204526486,1.0,1.0,1.0,1.0,2018-03-28 16:00:00+00:00,2018-03-28 16:00:00+00:00,10,10,True
1204526498,,,,,,,10,0,True
1204526593,,,,,,,5,0,True
1204526644,,,,,,,5,5,True
1204526973,,,,,,,5,5,True
1204529755,,,,,,,7,0,True
1204529773,,,,,,,6,5,True
1204529841,,,,,,,8,8,True
1204530530,,,,,,,13,13,True
1204531690,,,,,,,8,0,True
1204532349,,,,,,,8,8,True
1204532403,,,,,,,1,1,True
1204532412,,,,,,,8,0,True
1204532905,,,,,,,7,7,True
1204532945,,,,,,,10,0,True
1204533155,,,,,,,10,0,True
1204533204,,,,,,,10,0,True
1204533307,,,,,,,10,0,True
1204533609,,,,,,,1,1,True
1204533638,,,,,,,8,0,True
1204533742,,,,,,,10,0,True
1204533855,,,,,,,8,0,True
1204533915,1.0,1.0,1.0,1.0,2018-03-29 16:00:00+00:00,2018-03-29 16:00:00+00:00,5,5,True
1204533963,,,,,,,10,0,True
1204534077,,,,,,,6,0,True
1204534084,,,,,,,8,8,True
1204534184,,,,,,,10,0,True
1204534190,,,,,,,5,5,True
1204534244,,,,,,,10,0,True
1204534320,,,,,,,10,5,True
1204534358,,,,,,,10,0,True
1204534401,,,,,,,10,0,True
1204534522,,,,,,,8,0,True
1204534570,,,,,,,10,0,True
1204534602,,,,,,,10,10,True
1204534669,,,,,,,10,0,True
1204534689,,,,,,,15,0,True
1204534724,,,,,,,7,0,True
1204534820,,,,,,,5,0,True
1204534891,,,,,,,10,10,True
1204534985,,,,,,,2,2,True
1204535359,,,,,,,10,10,True
1204535475,,,,,,,10,0,True
1204535545,,,,,,,10,1,True
1204542526,,,,,,,10,0,True
1204542550,,,,,,,8,8,True
1204542553,,,,,,,10,0,True
1204542611,,,,,,,10,0,True
1204542653,1.0,1.0,1.0,1.0,2018-03-30 16:00:00+00:00,2018-03-30 16:00:00+00:00,6,6,True
1204542682,,,,,,,10,0,True
1204542795,,,,,,,6,0,True
1204542823,,,,,,,10,10,True
1204542971,,,,,,,10,0,True
1204543200,,,,,,,7,6,True
1204543227,,,,,,,10,0,True
1204543302,,,,,,,10,0,True
1204543335,,,,,,,10,10,True
1204543379,,,,,,,10,10,True
1204543400,,,,,,,10,0,True
1204543412,,,,,,,7,0,True
1204543611,,,,,,,9,0,True
1204543644,,,,,,,5,5,True
1204543685,,,,,,,10,0,True
1204543751,,,,,,,10,0,True
1204543788,,,,,,,10,0,True
1204543857,,,,,,,10,0,True
1204543899,,,,,,,10,0,True
1204543983,,,,,,,10,10,True
1204544008,,,,,,,10,0,True
1204544098,,,,,,,8,0,True
1204544187,,,,,,,10,0,True
1204544247,,,,,,,8,0,True
1204544322,,,,,,,10,0,True
1204544406,,,,,,,5,0,True
1204544429,,,,,,,10,0,True
1204544478,,,,,,,9,8,True
1204544505,,,,,,,10,10,True
1204544653,,,,,,,10,0,True
1204544657,,,,,,,10,10,True
1204544711,,,,,,,10,10,True
1204544800,,,,,,,10,0,True
1204544837,,,,,,,5,5,True
1204544897,,,,,,,10,0,True
1204544963,,,,,,,10,0,True
1204545013,,,,,,,10,0,True
1204545084,,,,,,,5,0,True
1204545136,,,,,,,10,1,True
1204545187,,,,,,,10,10,True
1204545261,,,,,,,10,0,True
1204545319,,,,,,,10,0,True
1204545505,,,,,,,14,3,True
1204545523,,,,,,,10,0,True
1204545575,,,,,,,7,0,True
1204545581,,,,,,,10,10,True
1204545617,,,,,,,10,0,True
1204545819,,,,,,,10,0,True
1204545904,,,,,,,10,0,True
1204545912,,,,,,,10,0,True
1204545976,,,,,,,8,8,True
1204546146,,,,,,,10,0,True
1204546183,,,,,,,9,0,True
1204546216,,,,,,,10,0,True
1204546244,,,,,,,10,0,True
1204546287,,,,,,,10,0,True
1204546393,,,,,,,5,5,True
1204546405,,,,,,,5,0,True
1204546410,,,,,,,9,0,True
1204546485,,,,,,,6,0,True
1204546509,,,,,,,10,0,True
1204546553,,,,,,,10,0,True
1204546583,,,,,,,10,0,True
1204546619,,,,,,,10,0,True
1204546633,,,,,,,10,0,True
1204546682,,,,,,,10,0,True
1204546702,,,,,,,9,0,True
1204546740,,,,,,,6,0,True
1204546870,,,,,,,10,0,True
1204546901,,,,,,,10,10,True
1204546962,,,,,,,10,0,True
1204547033,,,,,,,10,0,True
1204547105,,,,,,,6,0,True
1204547146,,,,,,,7,0,True
1204547191,,,,,,,9,0,True
1204547251,,,,,,,10,0,True
1204547296,,,,,,,10,10,True
1204547492,,,,,,,10,0,True
1204547599,,,,,,,15,15,True
1204547659,,,,,,,10,0,True
1204547713,,,,,,,15,0,True
1204547812,,,,,,,10,0,True
1204547826,,,,,,,5,5,True
1204548086,,,,,,,10,0,True
1204552331,,,,,,,2,2,True
1204552349,,,,,,,6,0,True
1204552399,,,,,,,10,10,True
1204552430,,,,,,,10,0,True
1204552458,,,,,,,10,0,True
1204552518,,,,,,,5,5,True
1204552549,,,,,,,9,9,True
1204552643,,,,,,,5,5,True
1204552725,,,,,,,10,10,True
1204552728,,,,,,,10,0,True
1204552803,,,,,,,10,2,True
1204553279,,,,,,,10,0,True
1204553325,,,,,,,5,0,True
1204553327,,,,,,,10,0,True
1204553434,,,,,,,6,0,True
1204553486,,,,,,,10,0,True
1204553590,,,,,,,10,0,True
1204553628,,,,,,,10,0,True
1204553800,,,,,,,1,1,True
1204553820,1.0,1.0,1.0,1.0,2018-03-30 16:00:00+00:00,2018-03-30 16:00:00+00:00,5,5,True
1204553852,,,,,,,5,0,True
1204553873,,,,,,,5,0,True
1204554079,,,,,,,5,5,True
1204554119,,,,,,,9,0,True
1204554161,,,,,,,6,6,True
1204554216,,,,,,,10,10,True
1204554303,,,,,,,1,1,True
1204554425,,,,,,,10,0,True
1204554457,,,,,,,10,0,True
1204554565,,,,,,,11,1,True
1204554646,,,,,,,6,6,True
1204554761,,,,,,,10,0,True
1204554888,,,,,,,10,0,True
1204555037,,,,,,,10,0,True
1204555107,,,,,,,5,5,True
1204555129,,,,,,,9,4,True
1204555169,,,,,,,10,0,True
1204555257,1.0,1.0,1.0,1.0,2018-03-31 16:00:00+00:00,2018-03-31 16:00:00+00:00,10,10,True
1204555299,,,,,,,10,0,True
1204555388,,,,,,,10,0,True
1204555533,,,,,,,10,0,True
1204555586,1.0,1.0,1.0,1.0,2018-03-31 16:00:00+00:00,2018-03-31 16:00:00+00:00,7,7,True
1204555602,,,,,,,6,0,True
1204555711,,,,,,,8,0,True
1204555731,,,,,,,10,0,True
1204555778,,,,,,,6,6,True
1204555820,,,,,,,10,0,True
1204555892,,,,,,,10,0,True
1204555933,,,,,,,6,0,True
1204555939,,,,,,,10,0,True
1204556002,,,,,,,9,9,True
1204556140,,,,,,,10,0,True
1204556189,,,,,,,10,0,True
1204556324,,,,,,,10,0,True
1204556366,,,,,,,5,4,True
1204556470,,,,,,,5,0,True
1204556525,,,,,,,10,0,True
1204556600,,,,,,,9,0,True
1204556660,,,,,,,10,10,True
1204556701,,,,,,,10,10,True
1204556744,,,,,,,10,0,True
1204556831,,,,,,,8,0,True
1204556869,,,,,,,10,0,True
1204556901,,,,,,,10,0,True
1204556930,,,,,,,7,0,True
1204557113,,,,,,,10,0,True
1204557183,,,,,,,8,8,True
1204557226,,,,,,,10,0,True
1204557296,,,,,,,10,0,True
1204557334,,,,,,,10,0,True
1204557340,,,,,,,9,9,True
1204557388,2.0,2.0,1.0,2.0,2018-03-31 16:00:00+00:00,2018-03-31 16:00:00+00:00,11,11,True
1204557417,,,,,,,7,0,True
1204557419,,,,,,,10,0,True
1204557454,,,,,,,9,0,True
1204557640,,,,,,,10,10,True
1204557973,,,,,,,10,0,True
1204557988,1.0,1.0,1.0,1.0,2018-03-31 16:00:00+00:00,2018-03-31 16:00:00+00:00,10,5,True
1204558062,,,,,,,2,0,True
1204558131,,,,,,,5,5,True
1204558252,,,,,,,5,0,True
1204558338,,,,,,,5,0,True
1204558346,,,,,,,9,0,True
1204558404,,,,,,,6,1,True
1204558444,,,,,,,7,0,True
1204558515,,,,,,,10,0,True
1204558729,,,,,,,10,0,True
1204558835,,,,,,,10,0,True
1204559203,,,,,,,7,0,True
1204559410,,,,,,,5,0,True
1204559422,,,,,,,5,5,True
1204567421,,,,,,,10,10,True
1204574401,,,,,,,10,0,True
1204574557,,,,,,,10,0,True
1204574588,,,,,,,10,0,True
1204574689,,,,,,,10,10,True
1204574777,,,,,,,10,0,True
1204574780,,,,,,,5,5,True
1204574861,,,,,,,7,1,True
1204575044,,,,,,,10,10,True
1204575099,,,,,,,6,0,True
1204575141,,,,,,,10,0,True
1204575221,,,,,,,2,2,True
1204575335,,,,,,,10,0,True
1204575347,,,,,,,5,0,True
1204575525,,,,,,,10,0,True
1204575593,,,,,,,9,0,True
1204575600,,,,,,,10,0,True
1204575741,,,,,,,10,0,True
1204575799,,,,,,,6,6,True
1204575856,,,,,,,10,0,True
1204575903,,,,,,,9,0,True
1204575932,,,,,,,10,0,True
1204576054,,,,,,,10,10,True
1204576106,,,,,,,10,0,True
1204576141,,,,,,,9,0,True
1204576148,,,,,,,10,10,True
1204576179,,,,,,,10,0,True
1204576294,,,,,,,10,10,True
1204576361,,,,,,,8,0,True
1204576413,,,,,,,10,0,True
1204576442,,,,,,,6,0,True
1204576529,,,,,,,10,0,True
1204576601,,,,,,,10,0,True
1204576634,,,,,,,5,5,True
1204576679,,,,,,,10,0,True
1204576746,,,,,,,5,5,True
1204576768,1.0,1.0,1.0,1.0,2018-04-03 16:00:00+00:00,2018-04-03 16:00:00+00:00,10,10,True
1204576820,,,,,,,10,0,True
1204576912,,,,,,,9,0,True
1204576988,,,,,,,9,0,True
1204577010,,,,,,,10,0,True
1204577128,,,,,,,10,0,True
1204577140,,,,,,,7,7,True
1204577204,,,,,,,10,8,True
1204577236,,,,,,,9,0,True
1204577272,,,,,,,10,0,True
1204577405,,,,,,,10,0,True
1204577432,,,,,,,10,0,True
1204577575,,,,,,,10,0,True
1204585013,,,,,,,10,0,True
1204585110,,,,,,,10,0,True
1204585169,,,,,,,8,0,True
1204585293,,,,,,,10,0,True
1204585329,,,,,,,8,0,True
1204585624,,,,,,,10,10,True
1204585769,,,,,,,5,5,True
1204585876,,,,,,,10,0,True
1204586110,,,,,,,10,0,True
1204586203,,,,,,,10,0,True
1204586230,,,,,,,5,5,True
1204586276,,,,,,,10,0,True
1204586469,,,,,,,10,0,True
1204586620,,,,,,,10,0,True
1204586689,1.0,1.0,1.0,1.0,2018-04-04 16:00:00+00:00,2018-04-04 16:00:00+00:00,15,5,True
1204586791,,,,,,,10,0,True
1204586831,,,,,,,6,0,True
1204586980,,,,,,,10,0,True
1204587018,,,,,,,10,0,True
1204587178,,,,,,,10,0,True
1204587266,,,,,,,10,0,True
1204587285,,,,,,,10,0,True
1204587346,,,,,,,8,0,True
1204587399,,,,,,,9,0,True
1204587432,,,,,,,10,0,True
1204587532,,,,,,,6,0,True
1204587563,,,,,,,10,10,True
1204587656,,,,,,,10,0,True
1204587708,,,,,,,5,0,True
1204587775,,,,,,,8,0,True
1204589631,,,,,,,10,0,True
1204590033,,,,,,,10,0,True
1204590101,,,,,,,10,8,True
1204590525,,,,,,,6,0,True
1204590595,,,,,,,8,0,True
1204590707,,,,,,,10,0,True
1204590743,,,,,,,10,0,True
1204590764,,,,,,,7,0,True
1204590802,,,,,,,10,10,True
1204590858,,,,,,,7,0,True
1204590905,,,,,,,5,0,True
1204593933,,,,,,,10,0,True
1204593988,,,,,,,10,1,True
1204594038,,,,,,,9,0,True
1204594101,,,,,,,10,0,True
1204594150,,,,,,,5,5,True
1204594204,,,,,,,10,0,True
1204594333,,,,,,,10,0,True
1204594496,,,,,,,10,10,True
1204594549,,,,,,,10,0,True
1204594612,,,,,,,10,0,True
1204594621,,,,,,,10,0,True
1204594851,,,,,,,10,0,True
1204594890,,,,,,,10,10,True
1204594964,,,,,,,10,10,True
1204595018,,,,,,,5,5,True
1204595151,,,,,,,10,0,True
1204595205,,,,,,,8,8,True
1204595304,,,,,,,10,0,True
1204595378,,,,,,,10,10,True
1204595401,,,,,,,6,0,True
1204595431,,,,,,,10,0,True
1204595468,,,,,,,10,0,True
1204595575,,,,,,,10,10,True
1204595670,,,,,,,9,0,True
1204595832,,,,,,,10,10,True
1204595862,,,,,,,10,0,True
1204596001,,,,,,,10,10,True
1204596074,,,,,,,7,7,True
1204596551,,,,,,,8,0,True
1204596593,,,,,,,5,5,True
1204596619,,,,,,,10,0,True
1204596842,,,,,,,10,0,True
1204596930,,,,,,,8,0,True
1204596959,,,,,,,10,10,True
1204597104,,,,,,,10,10,True
1204597151,,,,,,,10,0,True
1204597274,,,,,,,6,0,True
1204597362,,,,,,,10,0,True
1204597406,1.0,1.0,1.0,1.0,2018-04-10 16:00:00+00:00,2018-04-10 16:00:00+00:00,10,10,True
1204597409,,,,,,,10,0,True
1204597467,,,,,,,10,0,True
1204597495,,,,,,,10,0,True
1204597512,,,,,,,7,0,True
1204597534,,,,,,,10,0,True
1204597647,,,,,,,10,10,True
1204597955,,,,,,,10,0,True
1204599998,,,,,,,10,0,True
1204600024,,,,,,,5,5,True
1204600077,,,,,,,10,0,True
1204600180,,,,,,,10,0,True
1204600247,,,,,,,10,0,True
1204600553,,,,,,,10,0,True
1204600640,,,,,,,5,5,True
1204600905,,,,,,,8,8,True
1204600959,,,,,,,10,0,True
1204601047,,,,,,,10,0,True
1204601067,,,,,,,10,10,True
1204601294,,,,,,,10,10,True
1204601401,,,,,,,6,0,True
1204601539,,,,,,,12,12,True
1204601645,,,,,,,8,8,True
1204601668,,,,,,,4,4,True
1204601775,,,,,,,10,5,True
1204601851,,,,,,,10,0,True
1204601936,,,,,,,9,9,True
1204601991,,,,,,,10,0,True
1204602074,,,,,,,10,10,True
1204602240,,,,,,,2,1,True
1204615698,,,,,,,7,2,True
1204615704,1.0,1.0,1.0,1.0,2018-04-12 16:00:00+00:00,2018-04-12 16:00:00+00:00,10,10,True
1204615997,,,,,,,8,0,True
1204616038,,,,,,,10,0,True
1204616066,,,,,,,14,14,True
1204616202,2.0,2.0,2.0,2.0,2018-04-12 16:00:00+00:00,2018-04-12 16:00:00+00:00,10,10,True
1204616303,,,,,,,8,8,True
1204616317,,,,,,,5,5,True
1204616381,,,,,,,10,0,True
1204616409,,,,,,,10,0,True
1204616618,,,,,,,10,0,True
1204616648,,,,,,,5,0,True
1204616674,,,,,,,10,5,True
1204616741,,,,,,,10,0,True
1204616812,,,,,,,5,0,True
1204616848,,,,,,,10,0,True
1204616910,,,,,,,6,0,True
1204617005,,,,,,,10,0,True
1204617160,,,,,,,6,0,True
1204617257,1.0,1.0,1.0,1.0,2018-04-12 16:00:00+00:00,2018-04-12 16:00:00+00:00,6,6,True
1204617322,,,,,,,10,10,True
1204617393,,,,,,,10,0,True
1204617468,,,,,,,11,1,True
1204617483,,,,,,,7,7,True
1204617592,,,,,,,5,5,True
1204617659,,,,,,,8,0,True
1204617756,,,,,,,10,10,True
1204617787,,,,,,,8,0,True
1204617823,,,,,,,9,9,True
1204618006,,,,,,,10,0,True
1204618106,,,,,,,10,0,True
1204618111,2.0,2.0,1.0,2.0,2018-04-12 16:00:00+00:00,2018-04-12 16:00:00+00:00,10,10,True
1204618202,,,,,,,7,7,True
1204618242,,,,,,,8,8,True
1204618312,,,,,,,10,0,True
1204618427,,,,,,,5,0,True
1204618473,,,,,,,2,2,True
1204618560,,,,,,,5,5,True
1204618902,,,,,,,6,0,True
1204620380,,,,,,,10,0,True
1204620422,,,,,,,10,0,True
1204620651,,,,,,,10,0,True
1204620748,,,,,,,5,5,True
1204620754,,,,,,,7,7,True
1204620837,,,,,,,10,10,True
1204620868,,,,,,,10,10,True
1204620957,,,,,,,8,8,True
1204620983,,,,,,,10,0,True
1204621047,,,,,,,10,0,True
1204621124,,,,,,,5,0,True
1204621392,,,,,,,10,5,True
1204621627,,,,,,,10,0,True
1204621660,,,,,,,8,0,True
1204621686,,,,,,,10,0,True
1204621711,,,,,,,6,0,True
1204621759,,,,,,,9,9,True
1204621971,,,,,,,10,0,True
1204622030,,,,,,,10,0,True
1204622264,,,,,,,10,0,True
1204622276,,,,,,,5,0,True
1204622406,,,,,,,6,0,True
1204622496,,,,,,,5,0,True
1204622578,,,,,,,10,0,True
1204622595,,,,,,,10,0,True
1204622781,,,,,,,10,0,True
1204622881,,,,,,,10,0,True
1204623082,,,,,,,5,5,True
1204623150,,,,,,,7,0,True
1204623162,,,,,,,10,0,True
1204623333,,,,,,,10,10,True
1204623345,,,,,,,7,7,True
1204623370,,,,,,,15,0,True
1204623434,,,,,,,10,0,True
1204623548,,,,,,,10,0,True
1204623576,,,,,,,10,10,True
1204623603,,,,,,,10,0,True
1204623643,,,,,,,10,0,True
1204623690,,,,,,,10,0,True
1204624977,,,,,,,10,0,True
1204625011,,,,,,,10,0,True
1204625023,,,,,,,10,0,True
1204625590,,,,,,,10,10,True
1204625685,,,,,,,10,0,True
1204626001,,,,,,,8,0,True
1204626250,,,,,,,5,5,True
1204626276,,,,,,,8,0,True
1204626542,,,,,,,10,0,True
1204626616,,,,,,,10,0,True
1204626687,,,,,,,7,0,True
1204626704,,,,,,,10,0,True
1204626922,,,,,,,10,0,True
1204627080,,,,,,,10,10,True
1204627139,,,,,,,10,5,True
1204627208,,,,,,,6,0,True
1204627297,,,,,,,5,0,True
1204627413,,,,,,,10,0,True
1204627547,,,,,,,10,0,True
1204627551,,,,,,,8,0,True
1204627585,,,,,,,10,0,True
1204627646,,,,,,,7,0,True
1204627731,,,,,,,8,0,True
1204627762,,,,,,,7,0,True
1204627830,,,,,,,7,0,True
1204627906,,,,,,,10,0,True
1204627960,,,,,,,10,0,True
1204627991,,,,,,,10,10,True
1204628056,,,,,,,10,0,True
1204628161,,,,,,,6,0,True
1204628257,,,,,,,1,1,True
1204628413,,,,,,,5,5,True
1204628498,,,,,,,10,10,True
1204628543,,,,,,,10,0,True
1204628617,,,,,,,10,0,True
1204628630,,,,,,,10,0,True
1204629048,,,,,,,10,0,True
1204629251,,,,,,,10,0,True
1204629272,,,,,,,8,0,True
1204637929,,,,,,,7,6,True
1204638762,,,,,,,10,0,True
1204639063,,,,,,,10,0,True
1204639120,,,,,,,10,0,True
1204639143,,,,,,,5,0,True
1204639324,,,,,,,10,0,True
1204639375,,,,,,,9,4,True
1204639397,,,,,,,6,6,True
1204639450,,,,,,,10,0,True
1204639489,2.0,2.0,1.0,2.0,2018-04-17 16:00:00+00:00,2018-04-17 16:00:00+00:00,10,5,True
1204639496,,,,,,,10,5,True
1204639517,,,,,,,10,0,True
1204639533,,,,,,,11,1,True
1204639626,,,,,,,10,0,True
1204639656,,,,,,,10,10,True
1204639683,,,,,,,10,0,True
1204639826,,,,,,,5,0,True
1204639868,,,,,,,9,9,True
1204639909,,,,,,,10,0,True
1204639919,,,,,,,10,0,True
1204640033,,,,,,,10,0,True
1204640064,,,,,,,10,0,True
1204640144,,,,,,,8,0,True
1204640229,,,,,,,10,0,True
1204640311,,,,,,,10,0,True
1204640416,,,,,,,10,0,True
1204640460,,,,,,,10,0,True
1204640526,,,,,,,7,0,True
1204640718,,,,,,,6,0,True
1204640736,,,,,,,10,0,True
1204640781,,,,,,,10,0,True
1204640962,,,,,,,10,0,True
1204641084,,,,,,,7,7,True
1204641125,,,,,,,10,10,True
1204641257,,,,,,,10,10,True
1204641302,,,,,,,7,0,True
1204641333,1.0,1.0,1.0,1.0,2018-04-17 16:00:00+00:00,2018-04-17 16:00:00+00:00,5,5,True
1204641497,,,,,,,10,0,True
1204641560,,,,,,,10,10,True
1204641624,,,,,,,10,0,True
1204641725,,,,,,,10,0,True
1204641782,,,,,,,9,0,True
1204641787,,,,,,,10,0,True
1204641848,,,,,,,10,0,True
1204641875,,,,,,,10,0,True
1204641997,,,,,,,10,10,True
1204642031,,,,,,,7,0,True
1204642059,,,,,,,8,0,True
1204642137,,,,,,,10,0,True
1204642156,,,,,,,1,1,True
1204642268,,,,,,,10,0,True
1204642319,,,,,,,10,0,True
1204642333,,,,,,,10,0,True
1204642384,,,,,,,10,0,True
1204642461,,,,,,,10,0,True
1204642502,,,,,,,10,0,True
1204642531,,,,,,,5,5,True
1204642539,,,,,,,10,0,True
1204642612,,,,,,,10,0,True
1204642639,,,,,,,10,10,True
1204642713,,,,,,,10,1,True
1204642725,,,,,,,10,0,True
1204642806,,,,,,,10,0,True
1204642846,,,,,,,9,0,True
1204642903,,,,,,,10,0,True
1204642923,,,,,,,7,7,True
1204642946,,,,,,,10,10,True
1204642989,,,,,,,10,0,True
1204642997,,,,,,,10,10,True
1204643032,,,,,,,7,0,True
1204643071,,,,,,,10,0,True
1204643106,,,,,,,10,0,True
1204643153,,,,,,,5,0,True
1204643232,,,,,,,10,0,True
1204643414,,,,,,,6,6,True
1204645063,,,,,,,10,0,True
1204645198,,,,,,,10,0,True
1204645232,,,,,,,10,0,True
1204645262,,,,,,,10,0,True
1204645298,,,,,,,10,0,True
1204645312,,,,,,,10,0,True
1204645382,,,,,,,10,0,True
1204645704,,,,,,,10,10,True
1204645737,,,,,,,10,0,True
1204645758,,,,,,,5,0,True
1204645850,,,,,,,9,0,True
1204645894,,,,,,,10,0,True
1204646002,,,,,,,10,10,True
1204646113,,,,,,,8,0,True
1204646140,,,,,,,10,10,True
1204646163,,,,,,,10,0,True
1204646447,,,,,,,8,0,True
1204646485,,,,,,,9,0,True
1204646490,,,,,,,8,8,True
1204646516,,,,,,,10,0,True
1204646692,,,,,,,10,5,True
1204646723,,,,,,,8,0,True
1204646790,,,,,,,10,0,True
1204646887,,,,,,,8,0,True
1204646930,,,,,,,2,2,True
1204646942,,,,,,,10,0,True
1204647035,,,,,,,10,10,True
1204647080,,,,,,,10,0,True
1204647144,,,,,,,10,0,True
1204647181,2.0,2.0,1.0,2.0,2018-04-18 16:00:00+00:00,2018-04-18 16:00:00+00:00,10,10,True
1204647240,,,,,,,10,0,True
1204647279,,,,,,,10,10,True
1204647422,,,,,,,10,0,True
1204647445,,,,,,,10,0,True
1204647511,,,,,,,10,0,True
1204647664,,,,,,,7,0,True
1204647819,,,,,,,10,0,True
1204647857,,,,,,,10,0,True
1204647886,,,,,,,7,0,True
1204647939,,,,,,,6,0,True
1204648019,,,,,,,9,0,True
1204648070,,,,,,,10,0,True
1204648077,,,,,,,10,0,True
1204648109,,,,,,,5,0,True
1204648138,,,,,,,9,0,True
1204648235,2.0,2.0,2.0,2.0,2018-04-18 16:00:00+00:00,2018-04-18 16:00:00+00:00,10,10,True
1204648251,,,,,,,10,0,True
1204648275,,,,,,,2,2,True
1204648276,,,,,,,10,10,True
1204648277,,,,,,,10,0,True
1204648307,1.0,1.0,1.0,1.0,2018-04-18 16:00:00+00:00,2018-04-18 16:00:00+00:00,10,10,True
1204648357,,,,,,,5,5,True
1204648465,,,,,,,10,0,True
1204648529,,,,,,,8,0,True
1204648533,,,,,,,10,0,True
1204648590,,,,,,,10,0,True
1204648629,,,,,,,10,0,True
1204648746,,,,,,,10,0,True
1204648783,,,,,,,10,0,True
1204648876,,,,,,,10,0,True
1204648966,,,,,,,9,0,True
1204648977,,,,,,,8,8,True
1204649215,,,,,,,10,0,True
1204659660,,,,,,,10,10,True
1204659725,,,,,,,10,0,True
1204659828,,,,,,,10,0,True
1204659880,,,,,,,6,6,True
1204660005,1.0,1.0,1.0,1.0,2018-04-19 16:00:00+00:00,2018-04-19 16:00:00+00:00,5,5,True
1204660181,,,,,,,10,0,True
1204660272,,,,,,,10,0,True
1204660538,,,,,,,5,5,True
1204660641,,,,,,,10,0,True
1204660849,,,,,,,9,0,True
1204660926,,,,,,,10,0,True
1204661224,,,,,,,10,0,True
1204661342,,,,,,,10,0,True
1204661496,,,,,,,7,0,True
1204661610,,,,,,,7,0,True
1204661644,,,,,,,10,0,True
1204661648,1.0,1.0,1.0,1.0,2018-04-19 16:00:00+00:00,2018-04-19 16:00:00+00:00,10,10,True
1204661682,,,,,,,7,0,True
1204661993,,,,,,,10,10,True
1204662018,,,,,,,10,0,True
1204662981,,,,,,,10,10,True
1204663032,,,,,,,10,10,True
1204663173,,,,,,,10,0,True
1204663218,,,,,,,8,0,True
1204663253,,,,,,,10,0,True
1204663259,,,,,,,10,0,True
1204663283,,,,,,,10,0,True
1204663338,1.0,1.0,1.0,1.0,2018-04-20 16:00:00+00:00,2018-04-20 16:00:00+00:00,10,10,True
1204663362,2.0,2.0,1.0,2.0,2018-04-20 16:00:00+00:00,2018-04-20 16:00:00+00:00,10,10,True
1204663388,,,,,,,10,0,True
1204663413,,,,,,,9,9,True
1204663474,,,,,,,10,0,True
1204663558,,,,,,,8,8,True
1204663634,,,,,,,10,0,True
1204663688,,,,,,,10,0,True
1204663786,,,,,,,10,10,True
1204664063,,,,,,,7,0,True
1204664164,,,,,,,6,6,True
1204664332,,,,,,,10,0,True
1204664382,,,,,,,10,0,True
1204664416,,,,,,,10,0,True
1204664484,,,,,,,10,0,True
1204664616,,,,,,,9,0,True
1204664649,,,,,,,10,0,True
1204664652,,,,,,,10,5,True
1204664688,,,,,,,10,0,True
1204664738,,,,,,,10,0,True
1204664756,,,,,,,10,1,True
1204664950,,,,,,,10,0,True
1204664955,,,,,,,7,0,True
1204664996,,,,,,,10,0,True
1204665062,,,,,,,7,0,True
1204665103,,,,,,,10,0,True
1204665120,,,,,,,10,0,True
1204665134,,,,,,,10,0,True
1204665163,,,,,,,10,0,True
1204665189,,,,,,,10,0,True
1204665193,,,,,,,10,0,True
1204665299,,,,,,,7,7,True
1204665336,,,,,,,10,10,True
1204665360,,,,,,,10,0,True
1204665373,,,,,,,10,0,True
1204665463,,,,,,,7,0,True
1204665497,,,,,,,10,0,True
1204665534,,,,,,,10,0,True
1204665554,,,,,,,10,10,True
1204665586,,,,,,,7,0,True
1204665628,,,,,,,10,0,True
1204665675,,,,,,,10,0,True
1204665713,,,,,,,10,10,True
1204665765,,,,,,,10,0,True
1204665964,,,,,,,10,0,True
1204666032,,,,,,,10,0,True
1204666085,,,,,,,7,7,True
1204666116,,,,,,,5,0,True
1204666277,,,,,,,8,0,True
1204666368,,,,,,,7,7,True
1204666444,,,,,,,6,0,True
1204666517,,,,,,,10,6,True
1204666621,,,,,,,10,0,True
1204666646,,,,,,,10,0,True
1204666687,,,,,,,10,0,True
1204666717,,,,,,,10,0,True
1204666746,,,,,,,10,0,True
1204666821,,,,,,,8,8,True
1204666843,,,,,,,10,10,True
1204666857,,,,,,,9,0,True
1204667015,,,,,,,10,0,True
1204667037,,,,,,,10,0,True
1204667058,,,,,,,10,0,True
1204667111,,,,,,,10,0,True
1204667170,,,,,,,9,0,True
1204667213,,,,,,,10,8,True
1204667249,,,,,,,10,10,True
1204667369,,,,,,,10,0,True
1204667398,,,,,,,10,0,True
1204667405,,,,,,,10,10,True
1204667439,,,,,,,10,10,True
1204667469,,,,,,,10,0,True
1204667546,,,,,,,10,0,True
1204667586,,,,,,,5,0,True
1204667592,,,,,,,10,0,True
1204667711,,,,,,,10,0,True
1204667789,,,,,,,10,0,True
1204667829,,,,,,,10,0,True
1204667837,,,,,,,8,0,True
1204667902,,,,,,,8,8,True
1204667999,,,,,,,10,0,True
1204668059,,,,,,,10,0,True
1204668099,,,,,,,10,10,True
1204668102,,,,,,,10,10,True
1204668137,,,,,,,10,0,True
1204668180,,,,,,,10,0,True
1204668208,,,,,,,9,0,True
1204668265,,,,,,,10,0,True
1204668286,,,,,,,10,10,True
1204668335,,,,,,,8,0,True
1204668394,,,,,,,5,0,True
1204668413,,,,,,,13,13,True
1204668611,,,,,,,10,0,True
1204668652,,,,,,,10,0,True
1204668692,,,,,,,6,0,True
1204668745,,,,,,,6,0,True
1204668783,,,,,,,10,0,True
1204668852,,,,,,,10,0,True
1204668860,,,,,,,10,0,True
1204668900,,,,,,,10,10,True
1204669007,,,,,,,10,0,True
1204669051,,,,,,,10,0,True
1204669093,,,,,,,10,0,True
1204669126,,,,,,,9,0,True
1204669187,,,,,,,10,0,True
1204669236,,,,,,,9,0,True
1204669267,,,,,,,10,0,True
1204669310,,,,,,,10,10,True
1204669317,,,,,,,10,0,True
1204669371,,,,,,,10,0,True
1204669397,,,,,,,8,8,True
1204669410,,,,,,,10,0,True
1204669432,,,,,,,7,0,True
1204669480,,,,,,,10,0,True
1204669529,,,,,,,6,6,True
1204669570,,,,,,,10,0,True
1204669596,,,,,,,10,0,True
1204669623,,,,,,,10,0,True
1204669653,,,,,,,10,10,True
1204669683,,,,,,,10,0,True
1204669701,,,,,,,10,0,True
1204669744,,,,,,,10,0,True
1204669801,,,,,,,10,0,True
1204669889,,,,,,,10,0,True
1204670008,,,,,,,7,0,True
1204670157,,,,,,,10,0,True
1204670308,,,,,,,5,5,True
1204670419,,,,,,,10,10,True
1204670455,,,,,,,5,0,True
1204670497,,,,,,,10,10,True
1204670595,,,,,,,15,15,True
1204670651,,,,,,,8,8,True
1204673293,,,,,,,10,0,True
1204673494,,,,,,,10,10,True
1204673527,,,,,,,10,0,True
1204673580,,,,,,,5,5,True
1204673606,,,,,,,10,0,True
1204673680,,,,,,,8,0,True
1204673693,,,,,,,10,0,True
1204673814,,,,,,,9,9,True
1204673919,,,,,,,7,0,True
1204673956,,,,,,,10,5,True
1204673980,,,,,,,8,0,True
1204674035,,,,,,,7,7,True
1204674229,,,,,,,10,10,True
1204674353,,,,,,,10,10,True
1204674357,,,,,,,10,10,True
1204674523,,,,,,,10,0,True
1204674612,,,,,,,6,0,True
1204674635,,,,,,,5,0,True
1204674654,,,,,,,10,0,True
1204674693,,,,,,,10,0,True
1204674721,,,,,,,10,0,True
1204674820,,,,,,,10,0,True
1204674884,,,,,,,10,0,True
1204674931,,,,,,,9,9,True
1204674962,,,,,,,10,0,True
1204675125,,,,,,,9,0,True
1204675179,,,,,,,10,0,True
1204675277,,,,,,,8,0,True
1204675282,,,,,,,14,0,True
1204675325,,,,,,,10,0,True
1204675400,,,,,,,7,0,True
1204675435,,,,,,,10,10,True
1204675475,,,,,,,8,0,True
1204675586,,,,,,,10,1,True
1204675608,,,,,,,10,3,True
1204675708,,,,,,,5,5,True
1204675790,,,,,,,10,0,True
1204675821,,,,,,,8,0,True
1204675995,,,,,,,10,0,True
1204676028,,,,,,,10,0,True
1204676050,,,,,,,8,8,True
1204676092,,,,,,,10,5,True
1204676201,,,,,,,10,0,True
1204676257,,,,,,,7,0,True
1204676352,,,,,,,8,0,True
1204676365,,,,,,,10,0,True
1204676487,,,,,,,10,0,True
1204676564,,,,,,,10,0,True
1204676612,,,,,,,10,0,True
1204676773,,,,,,,5,0,True
1204676835,,,,,,,9,0,True
1204676903,,,,,,,10,0,True
1204677051,,,,,,,10,0,True
1204677079,,,,,,,6,0,True
1204677142,,,,,,,7,0,True
1204677275,,,,,,,10,0,True
1204677330,,,,,,,10,0,True
1204677496,,,,,,,10,0,True
1204677510,,,,,,,10,0,True
1204677594,,,,,,,10,0,True
1204677669,,,,,,,10,0,True
1204677795,,,,,,,10,0,True
1204677846,,,,,,,10,0,True
1204677870,,,,,,,10,0,True
1204677909,,,,,,,6,6,True
1204677938,,,,,,,6,6,True
1204677966,,,,,,,6,0,True
1204677981,1.0,1.0,1.0,1.0,2018-04-21 16:00:00+00:00,2018-04-21 16:00:00+00:00,10,10,True
1204678072,,,,,,,8,8,True
1204678165,,,,,,,10,0,True
1204678203,,,,,,,5,1,True
1204678266,,,,,,,10,0,True
1204678271,,,,,,,10,0,True
1204678356,,,,,,,7,0,True
1204678395,,,,,,,10,0,True
1204678424,,,,,,,7,7,True
1204678451,,,,,,,10,0,True
1204678654,,,,,,,5,0,True
1204678799,,,,,,,6,6,True
1204678846,,,,,,,8,0,True
1204678885,,,,,,,10,0,True
1204678891,,,,,,,10,10,True
1204678967,,,,,,,10,0,True
1204678973,,,,,,,10,0,True
1204679041,,,,,,,8,0,True
1204679083,,,,,,,10,0,True
1204679087,,,,,,,10,0,True
1204679192,,,,,,,10,0,True
1204679224,,,,,,,10,0,True
1204679312,,,,,,,6,0,True
1204679317,,,,,,,15,0,True
1204679334,,,,,,,10,0,True
1204679364,,,,,,,10,0,True
1204679394,,,,,,,10,10,True
1204679436,,,,,,,10,0,True
1204679485,,,,,,,7,0,True
1204679543,,,,,,,10,0,True
1204679650,,,,,,,10,10,True
1204679662,,,,,,,10,0,True
1204679734,,,,,,,10,0,True
1204679799,1.0,1.0,1.0,1.0,2018-04-21 16:00:00+00:00,2018-04-21 16:00:00+00:00,10,10,True
1204679819,,,,,,,8,0,True
1204679867,,,,,,,10,6,True
1204679924,,,,,,,9,0,True
1204679953,,,,,,,10,10,True
1204680045,,,,,,,9,0,True
1204680069,,,,,,,10,0,True
1204680124,,,,,,,10,0,True
1204680158,,,,,,,10,0,True
1204680185,,,,,,,10,10,True
1204680203,,,,,,,9,9,True
1204680243,,,,,,,9,3,True
1204680376,,,,,,,10,0,True
1204680479,,,,,,,6,0,True
1204680509,,,,,,,10,0,True
1204680537,,,,,,,10,0,True
1204680566,,,,,,,9,0,True
1204680599,,,,,,,10,0,True
1204680620,,,,,,,6,6,True
1204680647,,,,,,,1,0,True
1204680684,,,,,,,10,0,True
1204680708,,,,,,,10,10,True
1204680805,,,,,,,10,0,True
1204680867,1.0,1.0,1.0,1.0,2018-04-23 16:00:00+00:00,2018-04-23 16:00:00+00:00,10,10,True
1204680984,,,,,,,8,0,True
1204681092,1.0,1.0,1.0,1.0,2018-04-21 16:00:00+00:00,2018-04-21 16:00:00+00:00,10,10,True
1204681159,,,,,,,1,1,True
1204681301,,,,,,,10,0,True
1204681466,,,,,,,5,5,True
1204681472,,,,,,,10,0,True
1204682440,,,,,,,5,5,True
1204682507,,,,,,,10,0,True
1204682861,,,,,,,10,0,True
1204683421,,,,,,,10,0,True
1204695682,,,,,,,10,0,True
1204695750,,,,,,,9,0,True
1204695888,,,,,,,8,0,True
1204695928,,,,,,,6,0,True
1204695934,,,,,,,10,0,True
1204695990,,,,,,,6,0,True
1204696025,,,,,,,10,0,True
1204696206,,,,,,,10,0,True
1204696310,,,,,,,10,0,True
1204696339,,,,,,,9,9,True
1204696437,,,,,,,10,1,True
1204696537,,,,,,,10,0,True
1204696619,,,,,,,10,0,True
1204696668,,,,,,,10,10,True
1204696706,,,,,,,10,0,True
1204696757,,,,,,,10,0,True
1204696829,,,,,,,10,0,True
1204696881,,,,,,,10,0,True
1204696886,,,,,,,10,0,True
1204696949,,,,,,,10,0,True
1204697002,,,,,,,10,0,True
1204697067,,,,,,,10,0,True
1204697112,,,,,,,9,0,True
1204697126,,,,,,,8,0,True
1204697250,,,,,,,10,10,True
1204697376,,,,,,,10,5,True
1204697395,,,,,,,10,0,True
1204697448,,,,,,,10,0,True
1204697460,,,,,,,10,0,True
1204697545,,,,,,,10,0,True
1204697592,,,,,,,10,10,True
1204697602,,,,,,,10,0,True
1204697669,,,,,,,10,0,True
1204697757,,,,,,,10,0,True
1204697916,,,,,,,7,0,True
1204697943,,,,,,,10,0,True
1204698006,,,,,,,10,0,True
1204698111,,,,,,,12,7,True
1204698212,,,,,,,10,0,True
1204698250,,,,,,,10,0,True
1204698254,,,,,,,10,0,True
1204698313,,,,,,,7,0,True
1204698319,,,,,,,10,0,True
1204698387,,,,,,,6,0,True
1204698491,,,,,,,7,0,True
1204698497,,,,,,,10,0,True
1204698551,,,,,,,10,0,True
1204698593,,,,,,,5,0,True
1204698638,,,,,,,6,0,True
1204698695,,,,,,,10,5,True
1204698804,,,,,,,9,0,True
1204698877,,,,,,,10,0,True
1204698906,,,,,,,10,0,True
1204698942,,,,,,,10,0,True
1204699055,,,,,,,10,10,True
1204699113,,,,,,,10,0,True
1204699146,,,,,,,10,0,True
1204699209,,,,,,,10,0,True
1204699230,,,,,,,10,0,True
1204699283,,,,,,,10,10,True
1204699324,,,,,,,10,0,True
1204699377,,,,,,,10,0,True
1204699435,,,,,,,10,0,True
1204699485,,,,,,,9,0,True
1204699518,,,,,,,7,0,True
1204699520,,,,,,,10,0,True
1204699545,,,,,,,9,0,True
1204699579,,,,,,,7,0,True
1204699669,,,,,,,7,0,True
1204699715,,,,,,,10,0,True
1204699746,,,,,,,6,0,True
1204699796,,,,,,,6,0,True
1204699837,,,,,,,10,0,True
1204699886,,,,,,,8,8,True
1204699915,,,,,,,10,0,True
1204699921,,,,,,,15,5,True
1204699982,,,,,,,10,0,True
1204700044,,,,,,,8,0,True
1204700050,,,,,,,10,0,True
1204700244,,,,,,,10,0,True
1204700273,,,,,,,7,7,True
1204700298,,,,,,,10,0,True
1204700307,,,,,,,10,0,True
1204700384,,,,,,,10,0,True
1204700437,,,,,,,9,0,True
1204700463,,,,,,,10,0,True
1204700490,,,,,,,10,0,True
1204700540,,,,,,,10,0,True
1204700632,,,,,,,10,0,True
1204700709,,,,,,,10,0,True
1204700802,,,,,,,10,0,True
1204700846,,,,,,,6,0,True
1204700891,,,,,,,10,0,True
1204700915,,,,,,,10,0,True
1204700942,,,,,,,10,0,True
1204700988,,,,,,,10,0,True
1204701052,,,,,,,10,0,True
1204701065,,,,,,,10,0,True
1204701120,,,,,,,10,0,True
1204701178,,,,,,,6,0,True
1204701194,,,,,,,5,5,True
1204701303,,,,,,,10,0,True
1204701364,,,,,,,10,0,True
1204701370,,,,,,,10,0,True
1204701414,,,,,,,10,0,True
1204701470,,,,,,,6,0,True
1204701543,,,,,,,9,0,True
1204701582,,,,,,,10,0,True
1204701615,,,,,,,10,0,True
1204701696,,,,,,,10,0,True
1204701789,,,,,,,7,0,True
1204701820,,,,,,,6,0,True
1204701914,,,,,,,10,0,True
1204701982,,,,,,,10,0,True
1204702020,,,,,,,6,0,True
1204702035,1.0,1.0,1.0,1.0,2018-04-24 16:00:00+00:00,2018-04-24 16:00:00+00:00,9,9,True
1204702114,,,,,,,10,0,True
1204702137,,,,,,,10,0,True
1204702147,,,,,,,10,0,True
1204702203,,,,,,,10,0,True
1204702256,,,,,,,10,0,True
1204702295,,,,,,,10,0,True
1204702301,,,,,,,10,10,True
1204702365,,,,,,,8,0,True
1204702419,,,,,,,6,1,True
1204702440,,,,,,,9,0,True
1204702476,,,,,,,10,10,True
1204702556,,,,,,,10,0,True
1204702598,,,,,,,10,0,True
1204702645,,,,,,,10,0,True
1204702676,,,,,,,10,10,True
1204702686,,,,,,,10,0,True
1204702728,,,,,,,10,0,True
1204702740,,,,,,,8,0,True
1204702773,,,,,,,10,0,True
1204702841,,,,,,,10,0,True
1204702864,,,,,,,10,0,True
1204702899,,,,,,,10,0,True
1204702930,,,,,,,10,0,True
1204702962,,,,,,,10,0,True
1204703000,,,,,,,6,1,True
1204703200,,,,,,,10,0,True
1204703283,,,,,,,5,0,True
1204703386,,,,,,,10,0,True
1204703430,,,,,,,10,0,True
1204703472,,,,,,,10,0,True
1204703606,,,,,,,9,0,True
1204703637,,,,,,,10,0,True
1204703681,,,,,,,10,10,True
1204703720,,,,,,,10,0,True
1204703754,,,,,,,10,0,True
1204703778,,,,,,,10,0,True
1204703798,,,,,,,10,0,True
1204703857,,,,,,,10,0,True
1204703863,,,,,,,10,0,True
1204703951,,,,,,,10,0,True
1204703982,,,,,,,9,0,True
1204704014,,,,,,,10,0,True
1204704042,,,,,,,10,0,True
1204704085,,,,,,,7,0,True
1204704207,,,,,,,9,0,True
1204704238,,,,,,,6,6,True
1204704329,,,,,,,5,5,True
1204704399,,,,,,,10,10,True
1204704754,,,,,,,10,0,True
1204715326,,,,,,,9,0,True
1204733273,,,,,,,10,10,True
1204733308,,,,,,,7,0,True
1204733453,,,,,,,10,0,True
1204733479,,,,,,,10,0,True
1204733591,,,,,,,10,0,True
1204733640,,,,,,,10,0,True
1204733666,,,,,,,10,0,True
1204733758,,,,,,,8,0,True
1204733965,,,,,,,6,0,True
1204734037,,,,,,,5,1,True
1204734073,1.0,1.0,1.0,1.0,2018-04-25 16:00:00+00:00,2018-04-25 16:00:00+00:00,9,9,True
1204734082,,,,,,,10,10,True
1204734141,,,,,,,7,0,True
1204734159,,,,,,,8,8,True
1204734215,,,,,,,5,0,True
1204734372,,,,,,,7,0,True
1204734429,,,,,,,6,0,True
1204734434,1.0,1.0,1.0,1.0,2018-04-25 16:00:00+00:00,2018-04-25 16:00:00+00:00,10,10,True
1204734518,,,,,,,9,0,True
1204734625,,,,,,,8,0,True
1204734628,,,,,,,10,0,True
1204734683,,,,,,,10,10,True
1204734831,,,,,,,10,10,True
1204734862,,,,,,,10,0,True
1204734887,,,,,,,10,0,True
1204734918,,,,,,,6,0,True
1204734979,,,,,,,7,0,True
1204735031,,,,,,,10,10,True
1204735088,,,,,,,10,0,True
1204735129,,,,,,,1,1,True
1204735223,,,,,,,10,0,True
1204735304,,,,,,,10,10,True
1204735343,,,,,,,6,6,True
1204735372,,,,,,,10,0,True
1204735418,,,,,,,10,10,True
1204735559,,,,,,,2,2,True
1204735614,,,,,,,10,0,True
1204735671,,,,,,,10,0,True
1204735692,,,,,,,8,0,True
1204735765,,,,,,,10,0,True
1204735898,,,,,,,10,10,True
1204735947,,,,,,,10,0,True
1204736176,,,,,,,10,0,True
1204736259,,,,,,,10,0,True
1204736317,,,,,,,10,0,True
1204736386,,,,,,,6,0,True
1204736484,,,,,,,10,0,True
1204736573,,,,,,,7,0,True
1204736600,,,,,,,10,0,True
1204736647,,,,,,,10,0,True
1204736652,,,,,,,6,6,True
1204736713,1.0,1.0,1.0,1.0,2018-04-25 16:00:00+00:00,2018-04-25 16:00:00+00:00,6,6,True
1204736745,,,,,,,10,0,True
1204736773,,,,,,,10,0,True
1204736786,,,,,,,10,0,True
1204736845,,,,,,,10,0,True
1204736850,,,,,,,5,5,True
1204736898,,,,,,,10,0,True
1204736944,,,,,,,10,0,True
1204736974,,,,,,,8,0,True
1204737026,,,,,,,9,0,True
1204737065,,,,,,,10,0,True
1204737111,,,,,,,10,0,True
1204737255,,,,,,,10,0,True
1204737317,,,,,,,10,0,True
1204737349,,,,,,,8,0,True
1204737378,1.0,1.0,1.0,1.0,2018-04-25 16:00:00+00:00,2018-04-25 16:00:00+00:00,10,10,True
1204737465,,,,,,,10,0,True
1204737564,,,,,,,10,0,True
1204737598,,,,,,,10,0,True
1204737622,,,,,,,10,0,True
1204737653,,,,,,,10,0,True
1204737692,,,,,,,10,0,True
1204737734,,,,,,,10,0,True
1204737776,,,,,,,10,0,True
1204737869,,,,,,,10,10,True
1204737950,,,,,,,10,0,True
1204738086,,,,,,,8,0,True
1204738102,,,,,,,10,0,True
1204738163,,,,,,,10,10,True
1204738186,,,,,,,10,0,True
1204738261,,,,,,,8,0,True
1204738306,,,,,,,10,0,True
1204738311,,,,,,,10,0,True
1204738398,,,,,,,10,0,True
1204738441,,,,,,,10,0,True
1204738495,,,,,,,10,0,True
1204738544,,,,,,,10,0,True
1204738562,,,,,,,10,0,True
1204738616,,,,,,,10,0,True
1204738685,,,,,,,7,0,True
1204738716,,,,,,,10,0,True
1204738734,,,,,,,10,10,True
1204738769,,,,,,,10,0,True
1204738867,,,,,,,10,0,True
1204738932,,,,,,,10,0,True
1204739044,,,,,,,10,0,True
1204739126,,,,,,,10,0,True
1204739129,,,,,,,10,0,True
1204739167,,,,,,,10,0,True
1204739230,,,,,,,10,0,True
1204739271,,,,,,,10,5,True
1204739293,,,,,,,9,0,True
1204739344,1.0,1.0,1.0,1.0,2018-04-25 16:00:00+00:00,2018-04-25 16:00:00+00:00,9,9,True
1204739380,,,,,,,10,0,True
1204739418,,,,,,,10,0,True
1204739472,,,,,,,10,0,True
1204739476,,,,,,,10,0,True
1204739514,,,,,,,10,0,True
1204739565,,,,,,,7,1,True
1204739673,,,,,,,10,0,True
1204739684,,,,,,,10,10,True
1204739739,,,,,,,10,0,True
1204739818,,,,,,,8,0,True
1204739828,,,,,,,10,0,True
1204739893,,,,,,,10,10,True
1204739924,,,,,,,10,0,True
1204739928,,,,,,,8,0,True
1204739957,,,,,,,9,0,True
1204739978,,,,,,,10,0,True
1204740061,,,,,,,9,0,True
1204740113,,,,,,,2,0,True
1204740145,,,,,,,10,0,True
1204740185,,,,,,,8,0,True
1204740271,,,,,,,10,0,True
1204740316,,,,,,,5,5,True
1204740347,,,,,,,10,0,True
1204740407,,,,,,,10,0,True
1204740436,,,,,,,6,0,True
1204740463,,,,,,,10,0,True
1204740501,,,,,,,6,0,True
1204740574,,,,,,,10,0,True
1204740603,,,,,,,10,0,True
1204740615,,,,,,,7,0,True
1204740721,,,,,,,10,0,True
1204740808,,,,,,,5,5,True
1204740820,,,,,,,10,10,True
1204740858,,,,,,,8,0,True
1204740877,,,,,,,10,0,True
1204740912,,,,,,,6,0,True
1204740914,,,,,,,10,0,True
1204740968,,,,,,,7,7,True
1204741057,,,,,,,10,0,True
1204741141,,,,,,,10,0,True
1204741186,,,,,,,10,10,True
1204741301,,,,,,,5,5,True
1204741329,,,,,,,9,9,True
1204741490,,,,,,,10,0,True
1204741549,,,,,,,10,0,True
1204741596,,,,,,,10,0,True
1204741652,,,,,,,10,0,True
1204741665,,,,,,,10,0,True
1204741710,,,,,,,15,5,True
1204741747,,,,,,,8,0,True
1204741816,,,,,,,6,0,True
1204741922,,,,,,,10,0,True
1204741958,,,,,,,10,0,True
1204741992,,,,,,,9,0,True
1204742026,,,,,,,7,7,True
1204742061,,,,,,,9,9,True
1204742087,,,,,,,6,0,True
1204742121,,,,,,,10,0,True
1204742127,,,,,,,10,0,True
1204742211,,,,,,,10,10,True
1204742252,,,,,,,8,0,True
1204742313,,,,,,,10,10,True
1204742438,,,,,,,10,10,True
1204787322,,,,,,,8,0,True
1204787439,,,,,,,6,6,True
1204787474,,,,,,,10,0,True
1204787540,,,,,,,10,0,True
1204787631,,,,,,,10,0,True
1204787652,,,,,,,10,0,True
1204787691,,,,,,,10,0,True
1204787709,,,,,,,10,0,True
1204787858,,,,,,,10,0,True
1204788017,,,,,,,10,0,True
1204788072,,,,,,,10,10,True
1204788130,,,,,,,10,0,True
1204788273,,,,,,,7,0,True
1204788306,,,,,,,10,5,True
1204788311,,,,,,,10,0,True
1204788494,,,,,,,11,0,True
1204788658,,,,,,,10,0,True
1204789040,,,,,,,10,0,True
1204789110,,,,,,,7,1,True
1204789140,,,,,,,10,0,True
1204789200,,,,,,,10,0,True
1204789287,,,,,,,8,0,True
1204789316,,,,,,,10,0,True
1204789395,,,,,,,1,1,True
1204789451,,,,,,,10,10,True
1204789547,,,,,,,10,10,True
1204789585,,,,,,,5,0,True
1204789699,1.0,1.0,1.0,1.0,2018-04-26 16:00:00+00:00,2018-04-26 16:00:00+00:00,8,8,True
1204789738,,,,,,,10,10,True
1204789787,,,,,,,10,0,True
1204789871,,,,,,,10,0,True
1204789907,,,,,,,10,0,True
1204790068,,,,,,,10,10,True
1204790111,,,,,,,10,0,True
1204790137,,,,,,,6,0,True
1204790165,,,,,,,4,4,True
1204790217,,,,,,,10,0,True
1204790305,,,,,,,7,0,True
1204790383,,,,,,,10,0,True
1204790512,,,,,,,6,1,True
1204790634,,,,,,,10,0,True
1204790681,,,,,,,8,0,True
1204790705,,,,,,,10,0,True
1204790820,,,,,,,5,5,True
1204791011,,,,,,,7,0,True
1204791083,,,,,,,10,0,True
1204791199,,,,,,,10,0,True
1204791222,,,,,,,10,0,True
1204791272,,,,,,,10,0,True
1204791367,,,,,,,10,0,True
1204791418,,,,,,,10,0,True
1204791476,,,,,,,7,0,True
1204791498,,,,,,,1,0,True
1204791508,,,,,,,5,5,True
1204791603,,,,,,,10,0,True
1204791605,,,,,,,10,0,True
1204791651,3.0,3.0,1.0,3.0,2018-04-25 12:32:43+00:00,2018-04-25 12:32:43+00:00,10,10,True
1204791699,,,,,,,10,0,True
1204791744,,,,,,,10,0,True
1204791756,,,,,,,10,0,True
1204791927,,,,,,,10,0,True
1204791975,,,,,,,10,0,True
1204791995,,,,,,,10,0,True
1204792032,,,,,,,10,0,True
1204792085,,,,,,,10,10,True
1204792212,,,,,,,10,0,True
1204792325,,,,,,,9,9,True
1204792424,,,,,,,10,0,True
1204792590,,,,,,,8,8,True
1204792672,,,,,,,9,0,True
1204792699,,,,,,,10,0,True
1204792804,,,,,,,10,0,True
1204792846,,,,,,,10,0,True
1204792872,,,,,,,8,1,True
1204792931,,,,,,,10,0,True
1204792972,,,,,,,10,0,True
1204793064,,,,,,,10,0,True
1204793122,1.0,1.0,1.0,1.0,2018-04-26 16:00:00+00:00,2018-04-26 16:00:00+00:00,6,6,True
1204793257,,,,,,,10,0,True
1204793281,,,,,,,10,0,True
1204793322,,,,,,,10,0,True
1204793401,,,,,,,7,0,True
1204793407,,,,,,,10,0,True
1204793469,,,,,,,10,0,True
1204793620,,,,,,,10,0,True
1204793727,,,,,,,10,0,True
1204793730,,,,,,,10,0,True
1204793851,1.0,1.0,1.0,1.0,2018-04-26 16:00:00+00:00,2018-04-26 16:00:00+00:00,10,5,True
1204793887,,,,,,,8,0,True
1204793891,,,,,,,10,0,True
1204793945,1.0,1.0,1.0,1.0,2018-04-26 16:00:00+00:00,2018-04-26 16:00:00+00:00,10,10,True
1204793980,,,,,,,10,0,True
1204794107,,,,,,,10,10,True
1204794250,,,,,,,10,10,True
1204794287,,,,,,,8,0,True
1204794347,,,,,,,10,10,True
1204794350,,,,,,,6,5,True
1204794397,,,,,,,10,0,True
1204794478,,,,,,,10,0,True
1204794509,,,,,,,8,0,True
1204794514,,,,,,,10,0,True
1204794548,,,,,,,8,0,True
1204794587,,,,,,,10,0,True
1204794624,,,,,,,10,10,True
1204794654,,,,,,,10,0,True
1204794675,,,,,,,10,0,True
1204794676,,,,,,,10,0,True
1204794680,,,,,,,10,0,True
1204794762,,,,,,,10,10,True
1204794820,,,,,,,10,0,True
1204794837,,,,,,,10,0,True
1204795078,,,,,,,10,0,True
1204795177,,,,,,,10,0,True
1204795206,,,,,,,10,0,True
1204795256,,,,,,,10,0,True
1204795332,,,,,,,5,5,True
1204795454,,,,,,,10,0,True
1204795462,,,,,,,9,9,True
1204795527,,,,,,,9,0,True
1204795728,,,,,,,10,0,True
1204797130,1.0,1.0,1.0,1.0,2018-04-26 16:00:00+00:00,2018-04-26 16:00:00+00:00,10,10,True
1204797183,,,,,,,5,0,True
1204797224,,,,,,,5,5,True
1204799365,,,,,,,10,0,True
1204799401,,,,,,,6,0,True
1204799427,,,,,,,5,0,True
1204799500,1.0,1.0,1.0,1.0,2018-04-27 16:00:00+00:00,2018-04-27 16:00:00+00:00,8,8,True
1204799583,,,,,,,10,0,True
1204799716,,,,,,,10,10,True
1204799928,,,,,,,10,0,True
1204799952,,,,,,,4,4,True
1204800124,,,,,,,10,0,True
1204800197,,,,,,,10,0,True
1204800231,,,,,,,10,10,True
1204800238,,,,,,,5,0,True
1204800320,,,,,,,5,0,True
1204800404,,,,,,,10,0,True
1204800529,,,,,,,10,0,True
1204800549,,,,,,,10,0,True
1204800839,,,,,,,10,10,True
1204800904,,,,,,,10,0,True
1204801175,,,,,,,10,0,True
1204801177,,,,,,,10,0,True
1204801726,,,,,,,10,0,True
1204801785,,,,,,,10,0,True
1204801790,,,,,,,10,0,True
1204801925,,,,,,,10,0,True
1204801962,,,,,,,10,0,True
1204801986,,,,,,,10,6,True
1204801998,,,,,,,10,0,True
1204802064,,,,,,,10,0,True
1204802101,,,,,,,10,0,True
1204802289,,,,,,,7,0,True
1204802369,,,,,,,10,0,True
1204802375,,,,,,,10,0,True
1204802498,,,,,,,10,0,True
1204802544,,,,,,,10,0,True
1204802580,,,,,,,10,0,True
1204802619,,,,,,,8,1,True
1204802667,,,,,,,10,0,True
1204802776,,,,,,,10,0,True
1204802884,,,,,,,10,0,True
1204802911,,,,,,,10,0,True
1204802936,,,,,,,7,0,True
1204802996,,,,,,,10,0,True
1204803114,,,,,,,9,9,True
1204803130,,,,,,,10,0,True
1204803181,,,,,,,6,0,True
1204803256,,,,,,,10,10,True
1204803282,,,,,,,10,0,True
1204803311,,,,,,,8,0,True
1204803377,,,,,,,10,10,True
1204803406,,,,,,,10,0,True
1204803407,,,,,,,10,0,True
1204803433,,,,,,,8,0,True
1204803534,,,,,,,10,0,True
1204803585,,,,,,,8,0,True
1204803625,,,,,,,9,0,True
1204803649,,,,,,,10,0,True
1204803886,,,,,,,10,0,True
1204803913,,,,,,,10,0,True
1204803957,,,,,,,10,10,True
1204803988,,,,,,,10,0,True
1204804021,,,,,,,10,0,True
1204804054,,,,,,,6,0,True
1204804118,,,,,,,10,0,True
1204804178,,,,,,,5,0,True
1204804200,,,,,,,10,0,True
1204804274,,,,,,,10,0,True
1204804293,,,,,,,10,0,True
1204804341,,,,,,,10,0,True
1204804378,,,,,,,10,0,True
1204804452,,,,,,,10,0,True
1204804485,,,,,,,6,6,True
1204804652,,,,,,,10,0,True
1204804775,,,,,,,6,6,True
1204804883,,,,,,,10,0,True
1204804908,,,,,,,10,0,True
1204804998,,,,,,,10,0,True
1204805041,,,,,,,10,0,True
1204805057,,,,,,,7,0,True
1204805112,,,,,,,6,0,True
1204805141,,,,,,,9,0,True
1204805193,,,,,,,10,0,True
1204805229,,,,,,,10,0,True
1204805279,,,,,,,5,5,True
1204805412,,,,,,,10,0,True
1204805433,,,,,,,8,8,True
1204805516,,,,,,,10,0,True
1204805550,,,,,,,8,0,True
1204805583,,,,,,,7,0,True
1204805604,,,,,,,5,5,True
1204805613,,,,,,,10,0,True
1204805714,,,,,,,7,0,True
1204805770,,,,,,,6,6,True
1204805797,,,,,,,8,0,True
1204805806,,,,,,,10,0,True
1204805907,,,,,,,10,0,True
1204805938,,,,,,,10,10,True
1204805976,,,,,,,10,0,True
1204806084,,,,,,,10,10,True
1204806086,,,,,,,10,0,True
1204806149,,,,,,,10,0,True
1204806195,,,,,,,10,10,True
1204806197,,,,,,,6,0,True
1204806255,,,,,,,10,0,True
1204806258,,,,,,,7,0,True
1204806317,,,,,,,10,0,True
1204806433,,,,,,,9,9,True
1204806468,,,,,,,6,0,True
1204806471,,,,,,,7,0,True
1204806592,,,,,,,10,0,True
1204806727,,,,,,,7,0,True
1204806849,,,,,,,10,0,True
1204806893,,,,,,,2,1,True
1204807108,,,,,,,10,0,True
1204807262,,,,,,,5,0,True
1204807360,,,,,,,10,0,True
1204807639,,,,,,,5,5,True
1204807706,,,,,,,10,0,True
1204807739,,,,,,,10,10,True
1204807753,,,,,,,5,0,True
1204807880,,,,,,,5,0,True
1204808027,,,,,,,1,1,True
1204808138,,,,,,,10,0,True
1204808165,,,,,,,3,3,True
1204808403,,,,,,,10,10,True
1204808479,,,,,,,2,2,True
1204808534,,,,,,,5,5,True
1204808562,,,,,,,10,10,True
1204808729,,,,,,,10,8,True
1204821227,,,,,,,9,0,True
1204821338,,,,,,,10,10,True
1204821471,,,,,,,10,0,True
1204821548,,,,,,,10,0,True
1204821619,,,,,,,5,0,True
1204821751,1.0,1.0,1.0,1.0,2018-04-28 16:00:00+00:00,2018-04-28 16:00:00+00:00,10,10,True
1204821768,,,,,,,10,0,True
1204821855,,,,,,,10,10,True
1204821873,,,,,,,10,0,True
1204821956,,,,,,,10,0,True
1204821987,,,,,,,10,0,True
1204822187,1.0,1.0,1.0,1.0,2018-04-28 16:00:00+00:00,2018-04-28 16:00:00+00:00,10,8,True
1204822270,,,,,,,10,10,True
1204822347,,,,,,,10,0,True
1204822359,,,,,,,10,0,True
1204822421,,,,,,,7,0,True
1204822527,,,,,,,10,0,True
1204822576,,,,,,,10,0,True
1204822611,,,,,,,10,1,True
1204822646,,,,,,,6,6,True
1204822698,,,,,,,10,10,True
1204822803,,,,,,,10,5,True
1204823034,,,,,,,10,10,True
1204823213,,,,,,,8,8,True
1204823365,,,,,,,10,0,True
1204823793,,,,,,,6,6,True
1204823878,,,,,,,10,0,True
1204823940,,,,,,,10,0,True
1204823953,,,,,,,10,0,True
1204824070,,,,,,,10,10,True
1204824126,,,,,,,5,0,True
1204824384,,,,,,,10,0,True
1204824500,,,,,,,10,0,True
1204824554,,,,,,,3,3,True
1204824584,,,,,,,10,0,True
1204824607,,,,,,,10,0,True
1204824705,,,,,,,10,0,True
1204824969,,,,,,,10,0,True
1204825061,,,,,,,5,0,True
1204825173,,,,,,,10,0,True
1204825203,,,,,,,8,0,True
1204825236,,,,,,,10,0,True
1204825263,1.0,1.0,1.0,1.0,2018-04-28 16:00:00+00:00,2018-04-28 16:00:00+00:00,10,10,True
1204825303,,,,,,,9,0,True
1204825306,,,,,,,9,0,True
1204825727,,,,,,,10,10,True
1204825759,1.0,1.0,1.0,1.0,2018-04-28 16:00:00+00:00,2018-04-28 16:00:00+00:00,10,10,True
1204825800,,,,,,,10,0,True
1204825892,,,,,,,5,5,True
1204825909,,,,,,,5,5,True
1204825960,,,,,,,8,1,True
1204826005,,,,,,,10,0,True
1204826046,,,,,,,10,10,True
1204826107,,,,,,,10,0,True
1204826180,,,,,,,10,0,True
1204826216,,,,,,,10,0,True
1204826276,,,,,,,6,0,True
1204826438,,,,,,,10,10,True
1204826596,,,,,,,10,10,True
1204826690,,,,,,,10,0,True
1204826709,,,,,,,10,0,True
1204826865,,,,,,,5,5,True
1204826923,,,,,,,10,0,True
1204827031,,,,,,,14,4,True
1204827098,,,,,,,10,0,True
1204827253,,,,,,,10,0,True
1204827303,,,,,,,9,0,True
1204827349,,,,,,,10,0,True
1204827372,,,,,,,10,0,True
1204827422,,,,,,,7,2,True
1204827522,,,,,,,10,10,True
1204827569,,,,,,,10,0,True
1204827591,,,,,,,10,10,True
1204827619,,,,,,,10,0,True
1204827663,,,,,,,10,0,True
1204827698,,,,,,,10,0,True
1204827732,,,,,,,10,0,True
1204827853,,,,,,,10,0,True
1204827943,,,,,,,10,0,True
1204827963,,,,,,,10,0,True
1204828127,,,,,,,6,6,True
1204828496,1.0,1.0,1.0,1.0,2018-04-28 16:00:00+00:00,2018-04-28 16:00:00+00:00,10,10,True
1204828621,,,,,,,10,0,True
1204828695,,,,,,,4,4,True
1204828852,,,,,,,5,5,True
1204828999,,,,,,,10,0,True
1204829025,,,,,,,10,0,True
1204829079,,,,,,,8,8,True
1204829136,,,,,,,5,5,True
1204829160,,,,,,,10,0,True
1204829273,,,,,,,10,0,True
1204829350,,,,,,,10,0,True
1204829622,,,,,,,8,8,True
1204829716,,,,,,,5,0,True
1204829822,,,,,,,5,0,True
1204830189,,,,,,,5,5,True
1204830490,,,,,,,5,0,True
1204830625,,,,,,,10,0,True
1204830996,,,,,,,5,5,True
1204831223,,,,,,,5,0,True
1204831290,,,,,,,5,0,True
1204831404,,,,,,,10,0,True
1204831697,,,,,,,8,8,True
1204831769,,,,,,,5,0,True
1204831826,,,,,,,7,7,True
1204831889,,,,,,,5,5,True
1204831942,,,,,,,5,1,True
1204831953,,,,,,,2,2,True
1204832070,,,,,,,10,0,True
1204832245,3.0,3.0,3.0,1.0,2018-04-28 16:00:00+00:00,2018-04-28 16:00:00+00:00,10,10,True
1204832329,,,,,,,10,10,True
1204872762,,,,,,,10,0,True
1204887380,,,,,,,8,8,True
1204887489,1.0,1.0,1.0,1.0,2018-05-03 16:00:00+00:00,2018-05-03 16:00:00+00:00,10,10,True
1204887635,,,,,,,10,0,True
1204888113,,,,,,,10,10,True
1204888156,,,,,,,10,0,True
1204902903,,,,,,,10,0,True
1204905086,,,,,,,2,2,True
1204905351,,,,,,,10,0,True
1204905656,,,,,,,9,0,True
1204906009,,,,,,,10,0,True
1204906965,,,,,,,10,0,True
1204908870,,,,,,,7,0,True
1204909031,,,,,,,6,0,True
1204909242,,,,,,,10,0,True
1204910314,,,,,,,5,0,True
1204910429,,,,,,,8,8,True
1204910587,,,,,,,10,0,True
1204910676,1.0,1.0,1.0,1.0,2018-05-07 16:00:00+00:00,2018-05-07 16:00:00+00:00,10,10,True
1204910791,,,,,,,9,0,True
1204910856,,,,,,,10,5,True
1204911069,,,,,,,7,0,True
1204911106,,,,,,,10,0,True
1204911782,,,,,,,9,9,True
1204917371,,,,,,,9,0,True
1204920336,,,,,,,15,1,True
1204920512,,,,,,,10,0,True
1204920549,,,,,,,8,8,True
1204921232,,,,,,,10,0,True
1204921254,,,,,,,10,0,True
1204921790,,,,,,,10,0,True
1204926782,,,,,,,10,0,True
1204926980,,,,,,,10,0,True
1204927049,,,,,,,10,0,True
1204927287,,,,,,,10,0,True
1204927390,,,,,,,10,0,True
1204927414,,,,,,,10,0,True
1204927685,,,,,,,9,0,True
1204927770,,,,,,,5,0,True
1204928053,,,,,,,5,0,True
1204928848,,,,,,,10,0,True
1204929007,,,,,,,10,0,True
1204929075,,,,,,,8,0,True
1204929102,,,,,,,7,0,True
1204929322,,,,,,,5,0,True
1204929643,,,,,,,8,0,True
1204930106,,,,,,,11,1,True
1204930287,,,,,,,9,0,True
1204930508,,,,,,,10,10,True
1204931966,,,,,,,10,0,True
1204932081,,,,,,,5,0,True
1204932100,,,,,,,5,5,True
1204932146,,,,,,,5,0,True
1204932178,,,,,,,10,0,True
1204932480,,,,,,,10,0,True
1204932571,,,,,,,10,0,True
1204933511,,,,,,,10,0,True
1204933807,,,,,,,11,2,True
1204941710,,,,,,,5,0,True
1204941715,,,,,,,6,0,True
1204942400,2.0,2.0,1.0,2.0,2018-05-15 16:00:00+00:00,2018-05-15 16:00:00+00:00,9,9,True
1204942856,,,,,,,9,9,True
1204942963,,,,,,,10,5,True
1204943205,,,,,,,6,0,True
1204943651,,,,,,,10,0,True
1204944833,,,,,,,10,0,True
1204944893,,,,,,,10,0,True
1204944908,,,,,,,8,0,True
1204947905,,,,,,,5,0,True
1204948122,,,,,,,3,3,True
1204948292,,,,,,,6,0,True
1204948469,1.0,1.0,1.0,1.0,2018-05-17 16:00:00+00:00,2018-05-17 16:00:00+00:00,8,8,True
1204948998,,,,,,,10,0,True
1204952680,,,,,,,10,1,True
1204952856,,,,,,,10,0,True
1204952915,,,,,,,10,0,True
1204953333,,,,,,,5,0,True
1204953450,,,,,,,10,0,True
1204953475,,,,,,,10,0,True
1204953688,,,,,,,10,0,True
1204963859,,,,,,,10,0,True
1204974282,,,,,,,6,0,True
1204974472,,,,,,,5,5,True
1204975186,,,,,,,10,10,True
1204975454,,,,,,,5,0,True
1204979376,,,,,,,10,0,True
1204980094,,,,,,,5,0,True
1204980190,,,,,,,10,10,True
1204980857,,,,,,,10,0,True
1204980993,,,,,,,10,0,True
1204981819,,,,,,,5,0,True
1204981829,,,,,,,10,5,True
1204982017,,,,,,,9,9,True
1204982895,,,,,,,10,0,True
1204997568,,,,,,,10,1,True
1204997779,,,,,,,10,0,True
1204997840,,,,,,,10,0,True
1204998289,,,,,,,10,0,True
1204998464,,,,,,,10,10,True
1204998806,,,,,,,5,5,True
1204999777,,,,,,,10,10,True
1204999896,,,,,,,5,5,True
1205000302,,,,,,,10,0,True
1205000515,,,,,,,5,5,True
1205004558,,,,,,,10,0,True
1205004793,,,,,,,9,0,True
1205005049,,,,,,,10,10,True
1205005062,,,,,,,9,0,True
1205006519,,,,,,,6,0,True
1205006640,,,,,,,10,0,True
1205007124,,,,,,,10,10,True
1205007136,,,,,,,10,0,True
1205007282,,,,,,,10,0,True
1205007664,,,,,,,30,30,True
1205009319,,,,,,,9,1,True
1205010314,,,,,,,7,0,True
1205010444,,,,,,,10,0,True
1205012888,,,,,,,10,0,True
1205013033,,,,,,,7,0,True
1205013083,,,,,,,10,10,True
1205013213,,,,,,,6,0,True
1205013233,,,,,,,10,0,True
1205013235,,,,,,,6,0,True
1205013280,,,,,,,8,0,True
1205013646,,,,,,,7,0,True
1205017181,,,,,,,9,9,True
1205017338,,,,,,,10,10,True
1205017497,,,,,,,1,1,True
1205017599,,,,,,,10,0,True
1205017668,,,,,,,10,0,True
1205017755,,,,,,,9,0,True
1205017913,,,,,,,10,0,True
1205021064,,,,,,,10,0,True
1205021223,,,,,,,10,0,True
1205021645,,,,,,,10,0,True
1205021791,,,,,,,10,0,True
1205021824,,,,,,,11,11,True
1205021944,,,,,,,5,5,True
1205027737,,,,,,,13,0,True
1205028597,,,,,,,6,0,True
1205028653,,,,,,,10,0,True
1205029074,,,,,,,10,0,True
1205029076,,,,,,,7,0,True
1205030089,,,,,,,9,0,True
1205030326,,,,,,,10,0,True
1205030441,,,,,,,7,0,True
1205030480,,,,,,,6,0,True
1205030756,,,,,,,1,1,True
1205032543,,,,,,,10,0,True
1205032565,,,,,,,10,10,True
1205032775,,,,,,,9,0,True
1205032964,,,,,,,5,0,True
1205033736,,,,,,,9,9,True
1205033782,,,,,,,10,0,True
1205033863,,,,,,,10,0,True
1205033905,,,,,,,6,6,True
1205033932,,,,,,,10,0,True
1205037308,,,,,,,8,0,True
1205037372,,,,,,,10,0,True
1205037961,,,,,,,10,0,True
1205038185,,,,,,,10,0,True
1205040676,,,,,,,10,0,True
1205040883,,,,,,,10,0,True
1205041243,1.0,1.0,1.0,1.0,2018-06-07 16:00:00+00:00,2018-06-07 16:00:00+00:00,10,10,True
1205041846,,,,,,,10,10,True
1205041876,,,,,,,8,0,True
1205042304,,,,,,,10,0,True
1205042394,,,,,,,6,0,True
1205042588,,,,,,,10,5,True
1205042655,,,,,,,7,7,True
1205042688,,,,,,,5,5,True
1205042699,,,,,,,10,0,True
1205043430,,,,,,,10,0,True
1205043710,,,,,,,8,3,True
1205043759,,,,,,,10,10,True
1205043807,,,,,,,9,0,True
1205043960,,,,,,,10,0,True
1205044264,,,,,,,10,0,True
1205044768,,,,,,,9,0,True
1205049505,,,,,,,13,3,True
1205050135,,,,,,,10,0,True
1205050596,,,,,,,6,0,True
1205050797,,,,,,,14,0,True
1205051473,,,,,,,10,10,True
1205052468,,,,,,,10,0,True
1205053013,,,,,,,10,0,True
1205053370,,,,,,,10,0,True
1205054276,,,,,,,15,5,True
1205054479,,,,,,,10,0,True
1205056108,,,,,,,10,10,True
1205056300,,,,,,,10,10,True
1205056490,,,,,,,10,0,True
1205056758,,,,,,,10,0,True
1205056777,,,,,,,7,0,True
1205056960,,,,,,,10,0,True
1205058056,,,,,,,8,8,True
1205058058,1.0,1.0,1.0,1.0,2018-06-14 16:00:00+00:00,2018-06-14 16:00:00+00:00,7,7,True
1205058238,,,,,,,7,7,True
1205058432,,,,,,,6,0,True
1205058656,,,,,,,7,0,True
1205058799,,,,,,,11,11,True
1205060335,,,,,,,10,0,True
1205061333,,,,,,,10,5,True
1205062974,,,,,,,10,8,True
1205063140,,,,,,,10,0,True
1205063250,,,,,,,10,10,True
1205063329,,,,,,,6,0,True
1205063462,,,,,,,9,0,True
1205063963,,,,,,,10,0,True
1205063973,,,,,,,9,0,True
1205064029,,,,,,,10,0,True
1205064138,,,,,,,10,0,True
1205064463,,,,,,,5,0,True
1205065798,,,,,,,10,0,True
1205066093,,,,,,,10,0,True
1205066329,1.0,1.0,1.0,1.0,2018-06-20 16:00:00+00:00,2018-06-20 16:00:00+00:00,5,5,True
1205067213,,,,,,,9,9,True
1205077140,,,,,,,10,10,True
1205078297,,,,,,,10,0,True
1205079598,,,,,,,4,4,True
1205080196,,,,,,,7,2,True
1205080426,,,,,,,10,0,True
1205080614,,,,,,,9,0,True
1205085158,,,,,,,10,0,True
1205085211,,,,,,,10,10,True
1205085329,,,,,,,13,0,True
1205085588,,,,,,,10,1,True
1205086407,,,,,,,10,10,True
1205086567,,,,,,,8,0,True
1205086600,,,,,,,8,5,True
1205089538,,,,,,,10,0,True
1205089687,1.0,1.0,1.0,1.0,2018-06-26 16:00:00+00:00,2018-06-26 16:00:00+00:00,9,9,True
1205090184,,,,,,,10,0,True
1205090397,,,,,,,10,10,True
1205094510,,,,,,,7,7,True
1205095457,,,,,,,5,0,True
1205095459,,,,,,,5,0,True
1205099878,,,,,,,6,1,True
1205100412,,,,,,,6,6,True
1205103316,,,,,,,10,10,True
1205103408,,,,,,,10,0,True
1205104845,,,,,,,10,0,True
1205104896,,,,,,,10,10,True
1205105058,1.0,1.0,1.0,1.0,2018-06-29 16:00:00+00:00,2018-06-29 16:00:00+00:00,10,10,True
1205109081,,,,,,,8,5,True
1205109351,,,,,,,10,0,True
1205109699,,,,,,,5,0,True
1205109827,,,,,,,10,2,True
1205112547,,,,,,,10,0,True
1205113494,,,,,,,7,0,True
1205113805,,,,,,,10,0,True
1205119806,,,,,,,8,0,True
1205122968,,,,,,,8,1,True
1205135722,,,,,,,10,0,True
1205138437,,,,,,,10,0,True
1205139442,,,,,,,7,0,True
1205141486,,,,,,,9,0,True
1205147217,,,,,,,6,0,True
1205156311,,,,,,,10,0,True
1205195258,,,,,,,10,0,True
1205218319,,,,,,,10,5,True
1205219034,,,,,,,10,10,True
1205231919,,,,,,,10,10,True
1205231921,,,,,,,7,7,True
1205231923,,,,,,,10,10,True
1205237107,,,,,,,10,0,True
1205239813,,,,,,,9,0,True
1205243567,,,,,,,6,1,True
1205248641,,,,,,,6,0,True
1205255220,,,,,,,10,0,True
1205255840,,,,,,,10,0,True
1205257264,,,,,,,10,0,True
1205282538,,,,,,,10,10,True
1205282964,,,,,,,10,0,True
1205283096,,,,,,,8,0,True
1205283100,,,,,,,10,7,True
1205287478,1.0,1.0,1.0,1.0,2018-08-15 16:00:00+00:00,2018-08-15 16:00:00+00:00,5,5,True
1205288145,,,,,,,6,0,True
1205290102,,,,,,,8,8,True
1205298096,,,,,,,10,0,True
1205298440,,,,,,,5,0,True
1205303879,,,,,,,9,0,True
1205317622,,,,,,,10,0,True
1205326844,,,,,,,10,0,True
1205349555,,,,,,,10,10,True
1205363827,,,,,,,10,10,True
1205367357,,,,,,,10,0,True
1205370683,,,,,,,10,0,True
1205434677,,,,,,,8,8,True
1205510038,,,,,,,10,0,True
1205537505,,,,,,,10,0,True
1205537507,,,,,,,7,0,True
1205537511,,,,,,,10,0,True
1205586600,,,,,,,9,9,True
1205588682,,,,,,,7,0,True
1205619656,1.0,1.0,1.0,1.0,2018-11-21 16:00:00+00:00,2018-11-21 16:00:00+00:00,10,10,True
1205629234,,,,,,,9,0,True
1205653592,,,,,,,6,0,True
1205711558,,,,,,,7,7,True
1205773661,,,,,,,8,0,True
1205786266,,,,,,,10,0,True
1205803988,,,,,,,10,0,True
1205805919,,,,,,,9,0,True
1205811591,,,,,,,8,0,True
1205815296,,,,,,,6,0,True
1205817173,,,,,,,10,0,True
1205817229,1.0,1.0,1.0,1.0,2019-02-01 16:00:00+00:00,2019-02-01 16:00:00+00:00,7,7,True
1205817596,,,,,,,10,0,True
1205817882,,,,,,,10,0,True
1205818270,,,,,,,10,0,True
1205818312,,,,,,,10,10,True
1205818545,,,,,,,10,0,True
1205818645,,,,,,,8,0,True
1205818686,,,,,,,10,0,True
1205818736,,,,,,,6,0,True
1205818819,,,,,,,6,0,True
1205833211,,,,,,,8,0,True
1205834691,,,,,,,10,0,True
1205836509,,,,,,,10,0,True
1205836564,,,,,,,8,0,True
1205841075,,,,,,,8,0,True
1205842282,,,,,,,10,0,True
1205843844,,,,,,,10,0,True
1205846780,,,,,,,10,0,True
1205848805,,,,,,,10,0,True
1205848961,,,,,,,10,0,True
1205849373,,,,,,,10,10,True
1205849589,,,,,,,7,0,True
1205849687,,,,,,,10,0,True
1205849937,,,,,,,9,0,True
1205849942,,,,,,,10,0,True
1205850012,,,,,,,10,0,True
1205851117,,,,,,,10,0,True
1205851238,,,,,,,10,0,True
1205852046,,,,,,,10,0,True
1205852140,,,,,,,10,0,True
1205853237,,,,,,,10,0,True
1205853372,,,,,,,10,0,True
1205853433,,,,,,,10,0,True
1205853484,,,,,,,10,0,True
1205853801,,,,,,,10,0,True
1205854443,,,,,,,10,0,True
1205854530,,,,,,,6,0,True
1205855379,,,,,,,7,0,True
1205855399,,,,,,,10,0,True
1205855624,,,,,,,6,0,True
1205855924,,,,,,,10,0,True
1205855993,,,,,,,10,0,True
1205856084,,,,,,,10,0,True
1205856188,,,,,,,6,0,True
1205856261,,,,,,,3,0,True
1205856313,,,,,,,10,0,True
1205856424,,,,,,,10,0,True
1205858273,,,,,,,9,9,True
1205870024,,,,,,,6,6,True
1205870902,,,,,,,5,0,True
1205870954,,,,,,,10,0,True
1205873653,,,,,,,8,0,True
1205873914,,,,,,,10,0,True
1205874191,,,,,,,7,0,True
1205874319,,,,,,,10,0,True
1205874488,,,,,,,10,0,True
1205874756,,,,,,,10,0,True
1205876068,,,,,,,10,0,True
1205876648,,,,,,,4,4,True
1205877015,,,,,,,10,10,True
1205877076,,,,,,,6,0,True
1205877158,,,,,,,9,9,True
1205877218,,,,,,,10,0,True
1205881082,,,,,,,10,0,True
1205881252,,,,,,,10,0,True
1205884840,,,,,,,10,0,True
1205885023,1.0,1.0,1.0,1.0,2019-03-08 16:00:00+00:00,2019-03-08 16:00:00+00:00,7,7,True
1205885234,,,,,,,10,0,True
1205885339,,,,,,,10,0,True
1205885455,,,,,,,10,0,True
1205885681,1.0,1.0,1.0,1.0,2019-03-08 16:00:00+00:00,2019-03-08 16:00:00+00:00,10,10,True
1205885789,,,,,,,8,0,True
1205885892,,,,,,,10,0,True
1205887746,,,,,,,10,0,True
1205887929,,,,,,,10,0,True
1205887983,,,,,,,6,1,True
1205888090,,,,,,,7,0,True
1205888106,,,,,,,8,5,True
1205888793,,,,,,,10,10,True
1205889279,,,,,,,10,0,True
1205889348,,,,,,,10,0,True
1205891941,,,,,,,7,6,True
1205892096,,,,,,,10,0,True
1205892375,,,,,,,10,0,True
1205892625,,,,,,,10,0,True
1205892750,,,,,,,5,0,True
1205892826,,,,,,,7,0,True
1205892888,,,,,,,10,0,True
1205893002,,,,,,,6,0,True
1205893141,,,,,,,10,0,True
1205893226,1.0,1.0,1.0,1.0,2019-03-12 16:00:00+00:00,2019-03-12 16:00:00+00:00,10,10,True
1205893285,,,,,,,6,0,True
1205893416,,,,,,,10,0,True
1205893466,,,,,,,10,0,True
1205893526,,,,,,,2,0,True
1205894404,,,,,,,8,0,True
1205894506,,,,,,,16,16,True
1205894938,,,,,,,10,0,True
1205895067,,,,,,,10,0,True
1205895437,,,,,,,10,0,True
1205895667,,,,,,,10,0,True
1205895703,,,,,,,10,0,True
1205896698,,,,,,,5,5,True
1205897737,,,,,,,10,0,True
1205897816,,,,,,,9,0,True
1205898775,,,,,,,10,0,True
1205898849,1.0,1.0,1.0,1.0,2019-03-15 16:00:00+00:00,2019-03-15 16:00:00+00:00,10,10,True
1205899067,,,,,,,10,0,True
1205899331,,,,,,,9,0,True
1205899381,1.0,1.0,1.0,1.0,2019-03-15 16:00:00+00:00,2019-03-15 16:00:00+00:00,8,8,True
1205899665,1.0,1.0,1.0,1.0,2019-03-15 16:00:00+00:00,2019-03-15 16:00:00+00:00,10,10,True
1205899794,,,,,,,10,0,True
1205899879,,,,,,,10,0,True
1205900042,,,,,,,9,0,True
1205900257,,,,,,,7,0,True
1205900295,,,,,,,10,0,True
1205900366,,,,,,,8,0,True
1205900421,,,,,,,10,0,True
1205900490,,,,,,,10,10,True
1205900536,,,,,,,9,0,True
1205900580,,,,,,,9,0,True
1205900619,,,,,,,10,0,True
1205900681,,,,,,,9,0,True
1205901258,,,,,,,10,0,True
1205901318,,,,,,,10,2,True
1205901540,,,,,,,6,1,True
1205901607,,,,,,,10,0,True
1205901679,,,,,,,10,0,True
1205901765,,,,,,,6,2,True
1205901797,,,,,,,10,0,True
1205901998,,,,,,,6,6,True
1205902036,,,,,,,10,0,True
1205902083,,,,,,,8,0,True
1205902350,,,,,,,10,0,True
1205902489,,,,,,,10,0,True
1205902774,,,,,,,10,0,True
1205902817,,,,,,,10,0,True
1205902875,,,,,,,10,0,True
1205902916,,,,,,,10,0,True
1205902988,,,,,,,10,0,True
1205903018,,,,,,,10,0,True
1205903161,,,,,,,2,1,True
1205903220,,,,,,,10,0,True
1205903265,,,,,,,10,0,True
1205903793,,,,,,,10,10,True
1205903840,,,,,,,7,2,True
1205905123,,,,,,,13,0,True
1205912395,,,,,,,10,0,True
1205912432,,,,,,,8,8,True
1205912481,,,,,,,10,0,True
1205912515,,,,,,,8,0,True
1205912747,,,,,,,10,0,True
1205912856,,,,,,,10,10,True
1205912857,,,,,,,7,7,True
1205912979,,,,,,,10,0,True
1205913083,,,,,,,8,0,True
1205913149,,,,,,,5,0,True
1205913159,,,,,,,10,0,True
1205913252,,,,,,,10,0,True
1205913396,,,,,,,10,0,True
1205913549,,,,,,,10,0,True
1205913728,,,,,,,10,0,True
1205913786,,,,,,,10,0,True
1205913832,,,,,,,10,10,True
1205913872,,,,,,,10,0,True
1205913916,,,,,,,6,0,True
1205913979,,,,,,,10,0,True
1205914067,,,,,,,10,0,True
1205916826,,,,,,,8,8,True
1205916870,,,,,,,8,0,True
1205917160,,,,,,,10,10,True
1205917192,,,,,,,10,0,True
1205917349,,,,,,,10,0,True
1205917534,,,,,,,10,0,True
1205917626,,,,,,,5,5,True
1205917834,,,,,,,10,0,True
1205917928,,,,,,,10,0,True
1205918248,,,,,,,6,0,True
1205918346,,,,,,,15,5,True
1205918398,,,,,,,8,8,True
1205918430,,,,,,,5,1,True
1205918611,,,,,,,10,0,True
1205918626,,,,,,,10,0,True
1205918737,,,,,,,10,0,True
1205918778,,,,,,,10,0,True
1205918833,,,,,,,10,0,True
1205918864,,,,,,,1,1,True
1205918906,,,,,,,10,10,True
1205918956,,,,,,,6,6,True
1205919065,,,,,,,10,0,True
1205920138,,,,,,,10,3,True
1205920192,,,,,,,10,0,True
1205920527,1.0,1.0,1.0,1.0,2019-03-21 16:00:00+00:00,2019-03-21 16:00:00+00:00,8,8,True
1205920763,,,,,,,10,0,True
1205920917,,,,,,,7,0,True
1205921024,,,,,,,10,0,True
1205921079,,,,,,,10,0,True
1205921114,,,,,,,9,0,True
1205921233,,,,,,,10,0,True
1205921358,,,,,,,9,9,True
1205921596,,,,,,,7,0,True
1205921715,,,,,,,10,0,True
1205921805,,,,,,,10,0,True
1205921881,,,,,,,10,0,True
1205921897,,,,,,,10,0,True
1205921946,,,,,,,8,0,True
1205921993,,,,,,,5,5,True
1205922052,,,,,,,10,10,True
1205922074,,,,,,,6,6,True
1205922966,,,,,,,9,0,True
1205923029,,,,,,,10,10,True
1205923059,,,,,,,6,0,True
1205923158,,,,,,,10,0,True
1205923339,,,,,,,1,1,True
1205923431,,,,,,,8,8,True
1205923472,,,,,,,10,10,True
1205923513,,,,,,,9,9,True
1205923613,,,,,,,10,0,True
1205923720,,,,,,,7,4,True
1205923778,,,,,,,10,0,True
1205923850,,,,,,,3,3,True
1205923892,,,,,,,10,0,True
1205923946,,,,,,,10,10,True
1205924047,,,,,,,10,0,True
1205924118,,,,,,,5,5,True
1205924166,,,,,,,1,0,True
1205924235,,,,,,,10,0,True
1205924292,,,,,,,10,0,True
1205924338,,,,,,,10,0,True
1205924489,,,,,,,10,0,True
1205924564,,,,,,,8,0,True
1205924887,,,,,,,10,0,True
1205924936,,,,,,,10,0,True
1205924986,,,,,,,1,0,True
1205925083,,,,,,,10,0,True
1205925136,,,,,,,10,2,True
1205925251,,,,,,,10,0,True
1205925284,,,,,,,10,0,True
1205925339,,,,,,,10,0,True
1205925356,,,,,,,5,0,True
1205925391,1.0,1.0,1.0,1.0,2019-03-22 16:00:00+00:00,2019-03-22 16:00:00+00:00,5,5,True
1205925542,,,,,,,9,0,True
1205929830,,,,,,,10,0,True
1205929877,,,,,,,4,4,True
1205930176,,,,,,,10,0,True
1205930231,,,,,,,10,10,True
1205930274,,,,,,,11,1,True
1205930350,1.0,1.0,1.0,1.0,2019-03-25 16:00:00+00:00,2019-03-25 16:00:00+00:00,11,11,True
1205930580,,,,,,,10,0,True
1205930624,,,,,,,10,0,True
1205930762,,,,,,,10,0,True
1205930782,,,,,,,10,0,True
1205930863,,,,,,,10,10,True
1205930888,,,,,,,10,0,True
1205930992,,,,,,,10,0,True
1205931040,,,,,,,7,0,True
1205931097,,,,,,,10,0,True
1205931191,,,,,,,10,0,True
1205931398,,,,,,,10,0,True
1205931545,,,,,,,10,0,True
1205931601,,,,,,,10,0,True
1205931633,,,,,,,10,0,True
1205931744,,,,,,,10,0,True
1205931783,,,,,,,10,0,True
1205931793,,,,,,,10,10,True
1205931902,,,,,,,6,0,True
1205931941,,,,,,,10,0,True
1205931961,,,,,,,7,2,True
1205932191,,,,,,,10,0,True
1205932234,,,,,,,10,0,True
1205932269,,,,,,,5,5,True
1205932369,,,,,,,10,0,True
1205932398,,,,,,,7,0,True
1205932417,,,,,,,10,0,True
1205932463,,,,,,,6,0,True
1205932489,,,,,,,10,0,True
1205932553,,,,,,,5,5,True
1205932625,,,,,,,10,5,True
1205932684,,,,,,,10,0,True
1205935104,,,,,,,10,0,True
1205935158,,,,,,,6,0,True
1205935181,,,,,,,10,0,True
1205935278,,,,,,,10,0,True
1205935395,,,,,,,10,0,True
1205935463,,,,,,,10,0,True
1205935492,,,,,,,8,0,True
1205935592,,,,,,,10,0,True
1205935642,,,,,,,7,7,True
1205935717,,,,,,,10,10,True
1205935868,,,,,,,5,5,True
1205935932,,,,,,,9,0,True
1205935951,,,,,,,10,0,True
1205936056,,,,,,,10,10,True
1205936091,,,,,,,5,5,True
1205936199,,,,,,,10,0,True
1205936224,,,,,,,6,0,True
1205936281,,,,,,,8,0,True
1205936418,,,,,,,10,5,True
1205936450,,,,,,,8,8,True
1205936540,,,,,,,5,0,True
1205936601,,,,,,,10,0,True
1205936673,,,,,,,10,0,True
1205936715,,,,,,,7,0,True
1205936774,,,,,,,10,8,True
1205936814,,,,,,,10,0,True
1205936843,,,,,,,10,10,True
1205936896,,,,,,,10,0,True
1205936959,,,,,,,10,0,True
1205936982,,,,,,,2,2,True
1205937007,,,,,,,9,0,True
1205937158,,,,,,,10,0,True
1205937202,,,,,,,10,0,True
1205937313,,,,,,,10,0,True
1205937349,,,,,,,8,2,True
1205937510,,,,,,,10,0,True
1205937536,,,,,,,10,4,True
1205937552,,,,,,,6,0,True
1205937623,,,,,,,10,0,True
1205937687,,,,,,,10,0,True
1205937750,,,,,,,10,0,True
1205937849,,,,,,,6,0,True
1205937869,,,,,,,5,5,True
1205937878,,,,,,,5,0,True
1205937939,,,,,,,10,0,True
1205938000,,,,,,,6,0,True
1205938182,,,,,,,10,0,True
1205938205,,,,,,,10,0,True
1205938213,,,,,,,10,0,True
1205938323,,,,,,,10,0,True
1205938432,,,,,,,6,0,True
1205938441,,,,,,,10,0,True
1205938640,,,,,,,10,10,True
1205938766,,,,,,,5,0,True
1205938904,,,,,,,10,0,True
1205940913,,,,,,,10,0,True
1205941353,,,,,,,10,0,True
1205941639,,,,,,,10,0,True
1205941673,,,,,,,7,5,True
1205941790,,,,,,,6,0,True
1205941981,,,,,,,10,0,True
1205942127,,,,,,,7,1,True
1205942163,,,,,,,10,0,True
1205942184,,,,,,,6,0,True
1205942252,,,,,,,10,0,True
1205942261,,,,,,,10,10,True
1205942421,,,,,,,10,0,True
1205942543,,,,,,,8,0,True
1205942591,,,,,,,10,0,True
1205942637,,,,,,,10,0,True
1205942694,,,,,,,6,0,True
1205942697,,,,,,,10,0,True
1205942772,,,,,,,9,0,True
1205942804,,,,,,,10,0,True
1205946317,,,,,,,7,7,True
1205946341,,,,,,,2,2,True
1205946522,,,,,,,10,10,True
1205946570,,,,,,,10,10,True
1205946601,,,,,,,10,0,True
1205946626,,,,,,,10,2,True
1205946816,,,,,,,10,0,True
1205946858,,,,,,,8,0,True
1205946882,,,,,,,10,0,True
1205946958,,,,,,,10,0,True
1205947029,,,,,,,10,0,True
1205947087,,,,,,,8,8,True
1205947183,,,,,,,10,10,True
1205947318,,,,,,,10,0,True
1205947379,,,,,,,10,0,True
1205947575,,,,,,,8,0,True
1205947591,,,,,,,10,0,True
1205947601,,,,,,,10,10,True
1205947662,,,,,,,10,0,True
1205947974,,,,,,,10,0,True
1205948008,,,,,,,5,5,True
1205948026,,,,,,,10,0,True
1205948111,,,,,,,10,0,True
1205948144,,,,,,,1,1,True
1205948179,,,,,,,10,0,True
1205948268,,,,,,,10,10,True
1205948353,,,,,,,10,0,True
1205948388,,,,,,,10,10,True
1205948453,,,,,,,10,0,True
1205948515,,,,,,,10,10,True
1205948860,,,,,,,10,0,True
1205948923,,,,,,,10,0,True
1205948939,,,,,,,10,5,True
1205949021,,,,,,,10,10,True
1205949037,,,,,,,10,1,True
1205949080,,,,,,,9,0,True
1205949133,,,,,,,10,0,True
1205949160,,,,,,,10,0,True
1205949191,,,,,,,10,0,True
1205949227,,,,,,,10,0,True
1205949257,,,,,,,10,0,True
1205949320,,,,,,,10,10,True
1205949356,,,,,,,10,10,True
1205949400,,,,,,,10,2,True
1205949421,,,,,,,10,0,True
1205949442,,,,,,,10,0,True
1205949471,1.0,1.0,1.0,1.0,2019-03-28 16:00:00+00:00,2019-03-28 16:00:00+00:00,5,5,True
1205949511,,,,,,,8,0,True
1205949532,,,,,,,10,0,True
1205949558,,,,,,,10,0,True
1205949622,,,,,,,10,0,True
1205949711,,,,,,,8,0,True
1205950160,,,,,,,10,10,True
1205950186,,,,,,,10,0,True
1205950514,,,,,,,10,0,True
1205953301,,,,,,,9,9,True
1205953568,,,,,,,1,1,True
1205953618,1.0,1.0,1.0,1.0,2019-03-29 16:00:00+00:00,2019-03-29 16:00:00+00:00,10,10,True
1205953645,1.0,1.0,1.0,1.0,2019-03-29 16:00:00+00:00,2019-03-29 16:00:00+00:00,10,10,True
1205953728,,,,,,,10,10,True
1205953915,,,,,,,8,0,True
1205953944,,,,,,,10,0,True
1205954008,,,,,,,6,0,True
1205954182,,,,,,,11,1,True
1205954263,,,,,,,8,0,True
1205954327,,,,,,,7,0,True
1205954348,,,,,,,10,0,True
1205954485,,,,,,,10,10,True
1205954637,,,,,,,10,0,True
1205954659,,,,,,,10,0,True
1205954697,,,,,,,10,0,True
1205954719,,,,,,,10,0,True
1205954754,,,,,,,10,0,True
1205954808,,,,,,,10,0,True
1205954842,,,,,,,10,0,True
1205954885,,,,,,,8,8,True
1205954913,,,,,,,10,0,True
1205954926,,,,,,,10,0,True
1205954957,,,,,,,4,2,True
1205954985,,,,,,,10,0,True
1205955036,,,,,,,10,0,True
1205955069,,,,,,,6,6,True
1205955097,,,,,,,10,0,True
1205955119,,,,,,,10,2,True
1205955127,1.0,1.0,1.0,1.0,2019-03-29 16:00:00+00:00,2019-03-29 16:00:00+00:00,8,8,True
1205955181,,,,,,,10,0,True
1205955194,,,,,,,9,4,True
1205955246,,,,,,,10,0,True
1205955282,,,,,,,10,1,True
1205955328,,,,,,,8,8,True
1205955389,,,,,,,9,0,True
1205955463,,,,,,,10,0,True
1205955520,,,,,,,10,0,True
1205955546,,,,,,,10,0,True
1205955592,,,,,,,6,0,True
1205955611,,,,,,,5,0,True
1205955668,,,,,,,9,9,True
1205955686,,,,,,,10,0,True
1205955738,,,,,,,10,0,True
1205955800,,,,,,,10,0,True
1205955850,,,,,,,15,15,True
1205955864,,,,,,,10,0,True
1205955955,,,,,,,10,0,True
1205955960,,,,,,,10,0,True
1205956058,,,,,,,9,0,True
1205956080,,,,,,,8,8,True
1205956163,,,,,,,8,0,True
1205956197,,,,,,,15,1,True
1205956224,,,,,,,10,0,True
1205956330,1.0,1.0,1.0,1.0,2019-03-29 16:00:00+00:00,2019-03-29 16:00:00+00:00,5,5,True
1205956389,,,,,,,10,0,True
1205956434,,,,,,,10,0,True
1205956455,,,,,,,7,0,True
1205956546,,,,,,,7,0,True
1205956573,,,,,,,10,0,True
1205956605,,,,,,,10,0,True
1205956636,,,,,,,8,3,True
1205956800,,,,,,,10,0,True
1205956850,,,,,,,10,0,True
1205956894,,,,,,,10,0,True
1205956926,,,,,,,10,0,True
1205956951,,,,,,,6,0,True
1205957038,,,,,,,10,0,True
1205957057,,,,,,,1,1,True
1205957102,,,,,,,10,0,True
1205957138,,,,,,,10,0,True
1205957189,2.0,2.0,1.0,2.0,2019-03-29 16:00:00+00:00,2019-03-29 16:00:00+00:00,13,13,True
1205957234,,,,,,,10,0,True
1205957236,,,,,,,10,0,True
1205957293,,,,,,,6,6,True
1205957318,,,,,,,11,0,True
1205957353,,,,,,,7,0,True
1205957374,,,,,,,10,0,True
1205957429,,,,,,,10,0,True
1205957460,,,,,,,7,0,True
1205957599,,,,,,,8,0,True
1205957628,,,,,,,10,0,True
1205957640,,,,,,,8,8,True
1205957724,,,,,,,10,0,True
1205957771,,,,,,,6,0,True
1205957830,,,,,,,10,0,True
1205957969,,,,,,,10,10,True
1205958028,,,,,,,11,11,True
1205958353,1.0,1.0,1.0,1.0,2019-03-29 16:00:00+00:00,2019-03-29 16:00:00+00:00,10,10,True
1205958465,,,,,,,5,0,True
1205958938,,,,,,,1,1,True
1205959054,,,,,,,1,1,True
1205959190,,,,,,,5,5,True
1205959215,,,,,,,5,5,True
1205959239,,,,,,,5,0,True
1205959319,,,,,,,5,0,True
1205959361,,,,,,,5,0,True
1205963196,,,,,,,10,0,True
1205963245,,,,,,,10,0,True
1205963284,,,,,,,9,0,True
1205963408,,,,,,,6,0,True
1205963476,,,,,,,6,5,True
1205963489,,,,,,,10,0,True
1205963520,,,,,,,9,9,True
1205963561,,,,,,,7,0,True
1205963603,,,,,,,9,8,True
1205963733,,,,,,,5,0,True
1205963941,,,,,,,9,0,True
1205963991,,,,,,,10,0,True
1205964149,,,,,,,10,0,True
1205964179,,,,,,,10,0,True
1205964204,,,,,,,5,5,True
1205964213,,,,,,,10,0,True
1205964323,,,,,,,9,0,True
1205964327,,,,,,,10,0,True
1205964397,,,,,,,10,10,True
1205964456,,,,,,,5,5,True
1205964516,,,,,,,10,1,True
1205964691,,,,,,,7,0,True
1205964762,,,,,,,10,0,True
1205964952,,,,,,,10,10,True
1205964990,,,,,,,9,9,True
1205965020,,,,,,,10,0,True
1205965051,,,,,,,10,0,True
1205965093,,,,,,,8,0,True
1205965137,,,,,,,7,6,True
1205965170,,,,,,,10,0,True
1205965364,,,,,,,10,0,True
1205965413,,,,,,,10,0,True
1205965454,,,,,,,10,0,True
1205965483,,,,,,,8,0,True
1205965888,,,,,,,10,0,True
1205966025,,,,,,,10,0,True
1205966041,,,,,,,10,10,True
1205966091,,,,,,,10,10,True
1205966150,,,,,,,10,0,True
1205966192,,,,,,,10,0,True
1205966206,,,,,,,10,0,True
1205966224,1.0,1.0,1.0,1.0,2019-03-30 16:00:00+00:00,2019-03-30 16:00:00+00:00,10,10,True
1205966326,,,,,,,9,0,True
1205966363,,,,,,,10,0,True
1205966395,,,,,,,10,0,True
1205966454,,,,,,,8,0,True
1205966479,,,,,,,10,10,True
1205966531,,,,,,,10,0,True
1205966594,,,,,,,10,0,True
1205966612,,,,,,,10,0,True
1205966677,1.0,1.0,1.0,1.0,2019-03-30 16:00:00+00:00,2019-03-30 16:00:00+00:00,10,10,True
1205966718,,,,,,,10,0,True
1205966801,,,,,,,10,0,True
1205966881,,,,,,,9,0,True
1205966891,,,,,,,7,0,True
1205966937,,,,,,,10,0,True
1205966962,,,,,,,6,0,True
1205967012,,,,,,,9,0,True
1205967028,,,,,,,10,0,True
1205967067,,,,,,,10,0,True
1205967098,,,,,,,10,0,True
1205967138,,,,,,,4,4,True
1205967167,,,,,,,10,1,True
1205967201,,,,,,,7,0,True
1205967213,,,,,,,10,0,True
1205967267,,,,,,,9,0,True
1205967278,,,,,,,10,0,True
1205967336,,,,,,,6,0,True
1205967370,,,,,,,10,0,True
1205967373,,,,,,,10,0,True
1205967458,,,,,,,10,10,True
1205967466,,,,,,,10,0,True
1205967514,,,,,,,6,1,True
1205967707,,,,,,,10,0,True
1205967768,,,,,,,7,0,True
1205967798,,,,,,,10,0,True
1205967837,,,,,,,10,0,True
1205967951,,,,,,,10,0,True
1205968098,,,,,,,10,0,True
1205968201,,,,,,,10,0,True
1205968284,2.0,2.0,1.0,2.0,2019-03-30 16:00:00+00:00,2019-03-30 16:00:00+00:00,9,9,True
1205968383,,,,,,,10,5,True
1205968439,,,,,,,10,10,True
1205968474,,,,,,,10,10,True
1205968536,,,,,,,10,10,True
1205968714,,,,,,,5,0,True
1205968901,,,,,,,10,0,True
1205969012,,,,,,,5,0,True
1205969396,,,,,,,5,0,True
1205969562,,,,,,,10,0,True
1205969633,,,,,,,9,0,True
1205969993,,,,,,,5,5,True
1205970059,,,,,,,5,5,True
1205976506,,,,,,,10,0,True
1205978035,,,,,,,10,10,True
1205978048,,,,,,,7,7,True
1205980777,,,,,,,10,10,True
1205980967,,,,,,,10,0,True
1205981149,,,,,,,9,0,True
1205981281,,,,,,,5,0,True
1205981360,1.0,1.0,1.0,1.0,2019-04-02 16:00:00+00:00,2019-04-02 16:00:00+00:00,10,10,True
1205981404,,,,,,,10,0,True
1205981549,,,,,,,10,0,True
1205981583,,,,,,,10,10,True
1205981861,,,,,,,6,0,True
1205981962,,,,,,,10,0,True
1205981990,,,,,,,6,0,True
1205982136,,,,,,,7,1,True
1205982165,,,,,,,10,0,True
1205982204,,,,,,,10,0,True
1205982309,,,,,,,10,0,True
1205982362,,,,,,,6,6,True
1205982467,,,,,,,7,7,True
1205982501,,,,,,,10,0,True
1205982539,,,,,,,10,0,True
1205982565,,,,,,,9,0,True
1205982624,,,,,,,10,10,True
1205982694,,,,,,,2,2,True
1205982719,,,,,,,10,0,True
1205982804,,,,,,,6,0,True
1205982935,,,,,,,10,0,True
1205982977,,,,,,,7,0,True
1205983015,,,,,,,10,10,True
1205983044,,,,,,,10,0,True
1205983178,,,,,,,10,10,True
1205983231,,,,,,,10,0,True
1205983243,,,,,,,10,0,True
1205983294,,,,,,,10,0,True
1205983333,1.0,1.0,1.0,1.0,2019-04-02 16:00:00+00:00,2019-04-02 16:00:00+00:00,10,10,True
1205983381,,,,,,,10,0,True
1205986933,,,,,,,10,0,True
1205986952,2.0,2.0,1.0,2.0,2019-04-03 16:00:00+00:00,2019-04-03 16:00:00+00:00,10,10,True
1205987063,,,,,,,1,1,True
1205987242,,,,,,,5,0,True
1205987317,,,,,,,10,10,True
1205987429,,,,,,,8,0,True
1205987498,1.0,1.0,1.0,1.0,2019-04-03 16:00:00+00:00,2019-04-03 16:00:00+00:00,6,6,True
1205987530,,,,,,,7,7,True
1205987607,1.0,1.0,1.0,1.0,2019-04-03 16:00:00+00:00,2019-04-03 16:00:00+00:00,6,6,True
1205987616,,,,,,,10,0,True
1205987834,,,,,,,10,0,True
1205987888,,,,,,,7,7,True
1205987929,,,,,,,10,0,True
1205987957,,,,,,,10,0,True
1205988008,,,,,,,6,0,True
1205988206,,,,,,,8,8,True
1205988289,,,,,,,10,0,True
1205988315,,,,,,,8,0,True
1205988347,,,,,,,5,0,True
1205988385,,,,,,,10,5,True
1205988410,,,,,,,10,0,True
1205988545,,,,,,,5,0,True
1205988606,,,,,,,10,0,True
1205988667,,,,,,,5,0,True
1205988702,,,,,,,9,0,True
1205988719,,,,,,,10,0,True
1205988859,,,,,,,10,0,True
1205988879,,,,,,,10,0,True
1205988939,,,,,,,10,0,True
1205988950,,,,,,,10,0,True
1205989014,,,,,,,10,0,True
1205989061,,,,,,,10,0,True
1205989109,,,,,,,7,0,True
1205989253,,,,,,,9,9,True
1205991687,,,,,,,10,0,True
1205991724,,,,,,,10,0,True
1205992124,,,,,,,7,0,True
1205992321,,,,,,,6,6,True
1205992403,,,,,,,5,5,True
1205992587,,,,,,,10,10,True
1205992663,,,,,,,10,0,True
1205992714,,,,,,,10,0,True
1205992823,,,,,,,10,0,True
1205992856,,,,,,,10,0,True
1205993127,,,,,,,10,0,True
1205993217,,,,,,,10,0,True
1205993254,,,,,,,9,0,True
1205993309,,,,,,,10,0,True
1205993484,,,,,,,10,10,True
1205993603,,,,,,,10,0,True
1205993658,,,,,,,10,0,True
1205995246,,,,,,,15,0,True
1205995779,,,,,,,10,3,True
1205995868,,,,,,,7,0,True
1205996486,,,,,,,9,9,True
1205996520,,,,,,,10,0,True
1205996656,,,,,,,10,10,True
1205996780,,,,,,,10,0,True
1205997992,,,,,,,8,0,True
1205998210,,,,,,,10,0,True
1205998631,,,,,,,10,0,True
1205998715,,,,,,,10,10,True
1205998723,,,,,,,6,0,True
1205998852,,,,,,,10,0,True
1205999073,,,,,,,5,5,True
1205999179,,,,,,,10,0,True
1205999269,,,,,,,10,0,True
1205999434,,,,,,,10,0,True
1205999467,,,,,,,5,5,True
1205999527,1.0,1.0,1.0,1.0,2019-04-09 16:00:00+00:00,2019-04-09 16:00:00+00:00,10,10,True
1205999599,,,,,,,10,0,True
1205999683,,,,,,,6,0,True
1205999717,,,,,,,10,0,True
1205999740,,,,,,,10,10,True
1205999782,,,,,,,10,0,True
1205999925,,,,,,,10,0,True
1205999949,,,,,,,10,0,True
1206000022,,,,,,,10,0,True
1206000116,,,,,,,10,0,True
1206000122,,,,,,,10,0,True
1206000218,,,,,,,10,0,True
1206000260,,,,,,,10,0,True
1206001615,1.0,1.0,1.0,1.0,2019-04-10 16:00:00+00:00,2019-04-10 16:00:00+00:00,7,7,True
1206001762,,,,,,,10,0,True
1206001948,,,,,,,5,5,True
1206002029,,,,,,,10,0,True
1206002309,,,,,,,2,2,True
1206002359,,,,,,,10,0,True
1206002439,,,,,,,10,5,True
1206002448,,,,,,,10,0,True
1206002568,1.0,1.0,1.0,1.0,2019-04-10 16:00:00+00:00,2019-04-10 16:00:00+00:00,10,10,True
1206002633,,,,,,,10,0,True
1206002655,,,,,,,10,0,True
1206002693,,,,,,,10,0,True
1206002759,,,,,,,10,0,True
1206002877,,,,,,,10,5,True
1206002996,,,,,,,10,0,True
1206003283,,,,,,,7,0,True
1206003378,,,,,,,9,0,True
1206003438,,,,,,,10,10,True
1206003455,,,,,,,9,9,True
1206003513,,,,,,,10,0,True
1206003620,,,,,,,10,10,True
1206003628,,,,,,,10,0,True
1206003688,,,,,,,10,0,True
1206003718,,,,,,,10,0,True
1206003769,,,,,,,8,0,True
1206003782,,,,,,,8,0,True
1206003868,,,,,,,10,0,True
1206003922,,,,,,,10,0,True
1206003957,,,,,,,10,0,True
1206003980,,,,,,,10,0,True
1206004093,,,,,,,10,0,True
1206004136,,,,,,,10,10,True
1206004205,,,,,,,10,0,True
1206004241,,,,,,,10,0,True
1206004253,,,,,,,7,0,True
1206004328,2.0,2.0,1.0,2.0,2019-04-10 16:00:00+00:00,2019-04-10 16:00:00+00:00,7,7,True
1206004331,,,,,,,10,0,True
1206004368,,,,,,,10,0,True
1206004609,,,,,,,10,0,True
1206004651,,,,,,,5,5,True
1206005211,,,,,,,10,0,True
1206005753,,,,,,,10,0,True
1206005785,,,,,,,10,0,True
1206006018,,,,,,,5,0,True
1206006257,,,,,,,10,0,True
1206006414,,,,,,,10,0,True
1206006541,,,,,,,10,0,True
1206006565,,,,,,,10,0,True
1206006665,,,,,,,10,0,True
1206006811,,,,,,,10,0,True
1206006887,,,,,,,8,0,True
1206006927,,,,,,,10,0,True
1206006956,,,,,,,6,0,True
1206006964,,,,,,,10,0,True
1206007035,,,,,,,8,0,True
1206007062,,,,,,,6,0,True
1206007074,,,,,,,10,0,True
1206007110,,,,,,,10,0,True
1206008538,,,,,,,8,0,True
1206008558,,,,,,,10,0,True
1206008613,,,,,,,10,0,True
1206008814,,,,,,,10,0,True
1206008846,,,,,,,7,0,True
1206009073,1.0,1.0,1.0,1.0,2019-04-12 16:00:00+00:00,2019-04-12 16:00:00+00:00,10,10,True
1206009109,,,,,,,5,0,True
1206009152,,,,,,,10,0,True
1206009191,,,,,,,9,0,True
1206009270,,,,,,,10,10,True
1206009320,,,,,,,10,0,True
1206009354,,,,,,,10,0,True
1206009619,,,,,,,10,2,True
1206009638,,,,,,,9,0,True
1206009751,,,,,,,9,0,True
1206009770,,,,,,,10,0,True
1206009855,,,,,,,10,0,True
1206009971,,,,,,,10,10,True
1206010036,,,,,,,9,9,True
1206010071,,,,,,,10,0,True
1206010137,,,,,,,10,0,True
1206010173,,,,,,,10,0,True
1206010214,,,,,,,10,0,True
1206010406,,,,,,,10,0,True
1206010489,1.0,1.0,1.0,1.0,2019-04-12 16:00:00+00:00,2019-04-12 16:00:00+00:00,10,5,True
1206010789,,,,,,,11,11,True
1206010862,,,,,,,8,0,True
1206010905,,,,,,,9,9,True
1206011041,,,,,,,9,0,True
1206011077,,,,,,,10,0,True
1206011082,,,,,,,10,2,True
1206011114,,,,,,,10,0,True
1206011151,,,,,,,10,0,True
1206011199,,,,,,,9,4,True
1206011225,,,,,,,10,0,True
1206011267,,,,,,,9,9,True
1206011273,,,,,,,4,4,True
1206011312,,,,,,,10,0,True
1206011373,,,,,,,10,1,True
1206011583,,,,,,,10,0,True
1206011623,,,,,,,6,6,True
1206011628,,,,,,,15,0,True
1206011695,,,,,,,10,0,True
1206011722,,,,,,,10,0,True
1206011762,,,,,,,9,0,True
1206011777,,,,,,,5,5,True
1206011807,,,,,,,10,0,True
1206011836,,,,,,,10,0,True
1206012005,,,,,,,10,0,True
1206012035,,,,,,,10,0,True
1206013556,,,,,,,10,10,True
1206013595,,,,,,,5,5,True
1206013780,,,,,,,10,10,True
1206013805,,,,,,,10,2,True
1206013815,,,,,,,2,2,True
1206013974,,,,,,,8,0,True
1206014080,,,,,,,8,3,True
1206014230,,,,,,,10,0,True
1206014279,,,,,,,3,0,True
1206014359,,,,,,,5,5,True
1206014459,,,,,,,10,0,True
1206014616,,,,,,,10,0,True
1206014751,,,,,,,9,0,True
1206014799,,,,,,,10,0,True
1206014820,,,,,,,10,0,True
1206014851,,,,,,,10,0,True
1206014896,,,,,,,9,0,True
1206015033,,,,,,,10,0,True
1206015064,,,,,,,10,10,True
1206015217,,,,,,,5,5,True
1206015325,,,,,,,10,10,True
1206015346,,,,,,,10,0,True
1206015424,,,,,,,5,0,True
1206015457,,,,,,,10,0,True
1206015485,,,,,,,6,6,True
1206015704,,,,,,,10,0,True
1206015744,,,,,,,10,0,True
1206015802,,,,,,,10,0,True
1206015828,,,,,,,10,0,True
1206016010,,,,,,,10,0,True
1206016051,,,,,,,10,0,True
1206016212,,,,,,,6,6,True
1206016248,,,,,,,6,0,True
1206016272,,,,,,,10,0,True
1206016364,,,,,,,6,0,True
1206016389,,,,,,,6,0,True
1206016403,,,,,,,10,0,True
1206016474,,,,,,,10,1,True
1206016661,,,,,,,10,0,True
1206016841,,,,,,,5,5,True
1206019033,,,,,,,5,0,True
1206019144,,,,,,,8,0,True
1206019413,,,,,,,3,3,True
1206019577,,,,,,,10,0,True
1206019719,,,,,,,9,0,True
1206019744,,,,,,,6,6,True
1206019780,,,,,,,3,3,True
1206019995,,,,,,,5,5,True
1206020037,,,,,,,10,0,True
1206020104,,,,,,,10,0,True
1206020159,,,,,,,10,0,True
1206020238,,,,,,,10,0,True
1206020334,,,,,,,10,0,True
1206020361,,,,,,,10,0,True
1206020411,,,,,,,10,0,True
1206020457,,,,,,,10,0,True
1206020477,,,,,,,10,0,True
1206020527,,,,,,,10,0,True
1206020625,,,,,,,6,1,True
1206020682,,,,,,,7,0,True
1206020773,,,,,,,8,0,True
1206020799,,,,,,,10,5,True
1206020899,,,,,,,5,5,True
1206020988,,,,,,,10,0,True
1206021011,,,,,,,10,0,True
1206021043,,,,,,,5,5,True
1206021127,,,,,,,7,7,True
1206021182,,,,,,,5,5,True
1206021188,,,,,,,10,0,True
1206021284,,,,,,,8,0,True
1206021301,,,,,,,10,0,True
1206021316,,,,,,,9,9,True
1206021365,,,,,,,10,0,True
1206021518,,,,,,,10,0,True
1206021535,,,,,,,10,0,True
1206021572,,,,,,,10,0,True
1206021679,,,,,,,10,10,True
1206021742,1.0,1.0,1.0,1.0,2019-04-16 16:00:00+00:00,2019-04-16 16:00:00+00:00,5,5,True
1206021844,,,,,,,10,0,True
1206021881,,,,,,,6,0,True
1206021931,,,,,,,8,0,True
1206021937,,,,,,,10,10,True
1206021963,,,,,,,10,10,True
1206022034,,,,,,,10,0,True
1206022077,,,,,,,10,0,True
1206022102,,,,,,,6,0,True
1206022142,,,,,,,10,0,True
1206022201,,,,,,,10,0,True
1206022259,1.0,1.0,1.0,1.0,2019-04-16 16:00:00+00:00,2019-04-16 16:00:00+00:00,10,10,True
1206022312,,,,,,,10,0,True
1206022424,,,,,,,10,0,True
1206022487,,,,,,,10,0,True
1206022544,,,,,,,10,0,True
1206022580,,,,,,,10,0,True
1206022588,,,,,,,10,10,True
1206022892,,,,,,,5,0,True
1206022922,,,,,,,7,1,True
1206022974,,,,,,,10,10,True
1206040475,,,,,,,10,0,True
1206040514,,,,,,,9,9,True
1206040618,,,,,,,9,0,True
1206040782,,,,,,,10,0,True
1206040930,,,,,,,8,0,True
1206040984,,,,,,,10,0,True
1206041045,,,,,,,9,0,True
1206041107,,,,,,,10,0,True
1206041301,,,,,,,10,10,True
1206041336,,,,,,,10,0,True
1206041410,,,,,,,10,0,True
1206041524,,,,,,,5,5,True
1206041640,,,,,,,10,0,True
1206041668,,,,,,,10,0,True
1206041673,,,,,,,6,0,True
1206041793,,,,,,,5,0,True
1206042127,,,,,,,10,0,True
1206042169,,,,,,,5,0,True
1206042181,,,,,,,10,0,True
1206042240,,,,,,,10,1,True
1206042342,,,,,,,10,0,True
1206042459,,,,,,,10,0,True
1206043091,,,,,,,6,0,True
1206044037,,,,,,,10,0,True
1206044103,,,,,,,10,0,True
1206044124,,,,,,,10,0,True
1206044136,,,,,,,10,10,True
1206045803,,,,,,,10,0,True
1206045844,,,,,,,10,0,True
1206045944,,,,,,,5,0,True
1206046112,,,,,,,9,0,True
1206046289,,,,,,,6,0,True
1206046475,1.0,1.0,1.0,1.0,2019-04-18 16:00:00+00:00,2019-04-18 16:00:00+00:00,10,10,True
1206046513,,,,,,,6,0,True
1206046579,,,,,,,10,0,True
1206046623,,,,,,,8,8,True
1206046639,,,,,,,6,6,True
1206046693,,,,,,,10,10,True
1206046723,,,,,,,10,0,True
1206046817,,,,,,,9,0,True
1206046897,,,,,,,10,0,True
1206047018,,,,,,,10,0,True
1206047093,,,,,,,10,0,True
1206047190,,,,,,,10,0,True
1206047310,,,,,,,10,0,True
1206047687,,,,,,,10,0,True
1206047697,,,,,,,10,10,True
1206047742,,,,,,,10,0,True
1206047843,,,,,,,10,0,True
1206047983,,,,,,,10,0,True
1206048077,,,,,,,10,0,True
1206048117,,,,,,,10,0,True
1206048157,,,,,,,7,2,True
1206048236,,,,,,,5,5,True
1206048295,,,,,,,9,9,True
1206048398,,,,,,,10,0,True
1206048469,,,,,,,10,0,True
1206048547,,,,,,,10,1,True
1206048586,,,,,,,10,0,True
1206048656,,,,,,,10,0,True
1206048744,,,,,,,9,9,True
1206048768,,,,,,,10,0,True
1206048795,,,,,,,7,0,True
1206048845,,,,,,,9,0,True
1206048900,,,,,,,10,10,True
1206048938,,,,,,,10,0,True
1206048945,,,,,,,6,6,True
1206049113,,,,,,,5,0,True
1206051325,,,,,,,10,0,True
1206051368,,,,,,,10,10,True
1206051436,,,,,,,6,0,True
1206051499,2.0,2.0,1.0,2.0,2019-04-19 16:00:00+00:00,2019-04-19 16:00:00+00:00,8,8,True
1206051510,,,,,,,10,0,True
1206051570,,,,,,,7,0,True
1206051699,,,,,,,5,0,True
1206051748,,,,,,,6,0,True
1206051783,,,,,,,7,7,True
1206051836,,,,,,,10,0,True
1206051927,,,,,,,10,0,True
1206052101,,,,,,,4,4,True
1206052120,,,,,,,5,5,True
1206052274,,,,,,,10,0,True
1206052282,2.0,2.0,1.0,2.0,2019-04-19 16:00:00+00:00,2019-04-19 16:00:00+00:00,10,5,True
1206052325,,,,,,,10,10,True
1206052374,,,,,,,11,11,True
1206052492,1.0,1.0,1.0,1.0,2019-04-19 16:00:00+00:00,2019-04-19 16:00:00+00:00,10,5,True
1206052519,,,,,,,8,8,True
1206052551,,,,,,,10,0,True
1206052619,,,,,,,5,0,True
1206052675,,,,,,,10,0,True
1206052873,,,,,,,10,0,True
1206052938,,,,,,,7,0,True
1206052955,2.0,2.0,2.0,2.0,2019-04-19 16:00:00+00:00,2019-04-19 16:00:00+00:00,8,8,True
1206053012,,,,,,,10,0,True
1206053188,,,,,,,6,0,True
1206053203,,,,,,,10,0,True
1206053266,,,,,,,8,8,True
1206053380,,,,,,,10,10,True
1206053386,,,,,,,10,0,True
1206053447,,,,,,,10,0,True
1206053680,,,,,,,5,5,True
1206053930,,,,,,,10,0,True
1206053967,,,,,,,10,1,True
1206054105,,,,,,,10,0,True
1206054150,,,,,,,6,0,True
1206054209,,,,,,,10,0,True
1206054285,,,,,,,10,0,True
1206054469,,,,,,,5,0,True
1206054637,,,,,,,10,0,True
1206054643,,,,,,,10,0,True
1206054708,,,,,,,10,0,True
1206054906,,,,,,,8,0,True
1206054919,,,,,,,6,0,True
1206054964,,,,,,,10,0,True
1206054994,,,,,,,10,7,True
1206055031,,,,,,,10,0,True
1206055087,,,,,,,10,0,True
1206055100,,,,,,,10,0,True
1206055119,,,,,,,10,0,True
1206055148,,,,,,,10,0,True
1206055250,,,,,,,10,0,True
1206055326,,,,,,,8,0,True
1206055356,,,,,,,10,0,True
1206055399,,,,,,,10,0,True
1206057667,,,,,,,10,0,True
1206057706,,,,,,,10,0,True
1206057745,,,,,,,9,0,True
1206057752,,,,,,,10,0,True
1206057791,,,,,,,10,0,True
1206057800,,,,,,,10,0,True
1206057882,,,,,,,10,10,True
1206057894,,,,,,,10,0,True
1206058023,,,,,,,10,0,True
1206058044,,,,,,,10,0,True
1206058184,,,,,,,6,0,True
1206058349,,,,,,,10,10,True
1206058402,,,,,,,10,0,True
1206058425,,,,,,,10,0,True
1206058598,,,,,,,8,0,True
1206058622,,,,,,,10,0,True
1206058684,,,,,,,10,0,True
1206058706,,,,,,,6,6,True
1206058790,,,,,,,5,5,True
1206058973,,,,,,,10,0,True
1206059061,,,,,,,10,10,True
1206059104,,,,,,,6,0,True
1206059124,,,,,,,10,0,True
1206059202,,,,,,,7,0,True
1206059249,,,,,,,5,0,True
1206059346,,,,,,,10,0,True
1206059355,,,,,,,10,0,True
1206059424,1.0,1.0,1.0,1.0,2019-04-20 16:00:00+00:00,2019-04-20 16:00:00+00:00,10,10,True
1206059535,,,,,,,5,5,True
1206059564,,,,,,,3,2,True
1206059642,,,,,,,10,10,True
1206059677,,,,,,,7,0,True
1206059753,,,,,,,10,0,True
1206059799,,,,,,,10,0,True
1206059819,,,,,,,10,0,True
1206059863,,,,,,,10,0,True
1206059876,,,,,,,9,2,True
1206059901,,,,,,,10,0,True
1206059938,,,,,,,10,10,True
1206059971,,,,,,,6,0,True
1206060070,,,,,,,10,0,True
1206060098,,,,,,,10,6,True
1206060204,,,,,,,10,0,True
1206060408,,,,,,,10,0,True
1206060432,,,,,,,10,0,True
1206060436,,,,,,,9,9,True
1206060476,,,,,,,10,10,True
1206060480,,,,,,,6,0,True
1206060544,,,,,,,10,0,True
1206060573,,,,,,,10,0,True
1206060642,,,,,,,7,0,True
1206060657,,,,,,,6,0,True
1206060741,,,,,,,10,0,True
1206060771,,,,,,,10,0,True
1206060785,,,,,,,10,0,True
1206060812,,,,,,,10,10,True
1206060855,,,,,,,7,7,True
1206060917,,,,,,,10,0,True
1206060947,,,,,,,10,0,True
1206061047,,,,,,,10,1,True
1206061094,,,,,,,10,0,True
1206061116,,,,,,,10,0,True
1206061195,,,,,,,10,0,True
1206061225,,,,,,,10,0,True
1206061252,,,,,,,5,5,True
1206061269,,,,,,,10,0,True
1206061319,,,,,,,10,0,True
1206061371,,,,,,,7,0,True
1206061408,,,,,,,10,0,True
1206061430,,,,,,,10,0,True
1206061520,,,,,,,5,0,True
1206061540,,,,,,,5,5,True
1206061626,,,,,,,10,0,True
1206061703,,,,,,,10,5,True
1206062041,,,,,,,10,0,True
1206062093,,,,,,,6,0,True
1206062179,,,,,,,10,0,True
1206062267,,,,,,,10,0,True
1206062305,,,,,,,10,0,True
1206062309,,,,,,,9,0,True
1206062384,,,,,,,10,10,True
1206062423,,,,,,,10,0,True
1206062445,,,,,,,8,0,True
1206062469,,,,,,,10,0,True
1206062504,,,,,,,10,10,True
1206062533,,,,,,,7,2,True
1206062559,,,,,,,10,10,True
1206062600,,,,,,,10,0,True
1206062620,,,,,,,7,7,True
1206062724,,,,,,,10,0,True
1206062759,,,,,,,10,0,True
1206062906,,,,,,,10,6,True
1206062934,,,,,,,10,0,True
1206062972,,,,,,,10,0,True
1206063076,1.0,1.0,1.0,1.0,2019-04-20 16:00:00+00:00,2019-04-20 16:00:00+00:00,5,5,True
1206063403,,,,,,,5,0,True
1206063524,,,,,,,10,0,True
1206063912,,,,,,,11,1,True
1206063965,,,,,,,5,0,True
1206064030,,,,,,,5,0,True
1206064042,,,,,,,10,0,True
1206064323,,,,,,,5,0,True
1206066024,,,,,,,10,0,True
1206066058,2.0,2.0,1.0,2.0,2019-04-23 16:00:00+00:00,2019-04-23 16:00:00+00:00,9,9,True
1206066180,,,,,,,9,1,True
1206066379,,,,,,,10,0,True
1206066386,,,,,,,8,4,True
1206066435,,,,,,,10,0,True
1206066462,,,,,,,8,0,True
1206066568,,,,,,,10,0,True
1206066579,,,,,,,10,0,True
1206066645,,,,,,,10,0,True
1206066685,1.0,1.0,1.0,1.0,2019-04-23 16:00:00+00:00,2019-04-23 16:00:00+00:00,7,7,True
1206066704,,,,,,,10,0,True
1206066754,,,,,,,5,1,True
1206066773,,,,,,,5,0,True
1206066849,,,,,,,5,0,True
1206066900,,,,,,,10,0,True
1206066951,,,,,,,10,0,True
1206067146,,,,,,,10,0,True
1206067342,,,,,,,10,0,True
1206067361,,,,,,,10,0,True
1206067416,,,,,,,10,2,True
1206067454,,,,,,,7,0,True
1206067548,,,,,,,8,0,True
1206067723,,,,,,,10,0,True
1206067745,,,,,,,10,10,True
1206067790,,,,,,,15,5,True
1206067828,,,,,,,10,0,True
1206067852,,,,,,,10,0,True
1206067911,,,,,,,10,0,True
1206067931,1.0,1.0,1.0,1.0,2019-04-23 16:00:00+00:00,2019-04-23 16:00:00+00:00,10,10,True
1206068032,,,,,,,8,0,True
1206068039,,,,,,,10,0,True
1206068075,,,,,,,10,0,True
1206068128,,,,,,,10,0,True
1206068201,,,,,,,10,0,True
1206068266,,,,,,,14,14,True
1206068349,,,,,,,10,0,True
1206068393,,,,,,,10,0,True
1206068470,,,,,,,6,0,True
1206068703,,,,,,,10,0,True
1206068850,,,,,,,10,0,True
1206068865,,,,,,,10,0,True
1206068887,,,,,,,10,0,True
1206068944,,,,,,,6,0,True
1206068996,,,,,,,8,0,True
1206069024,,,,,,,10,0,True
1206069071,,,,,,,10,0,True
1206069138,,,,,,,10,0,True
1206069160,,,,,,,10,0,True
1206069231,,,,,,,7,0,True
1206069252,,,,,,,10,10,True
1206069307,,,,,,,10,0,True
1206069320,,,,,,,7,0,True
1206069383,,,,,,,10,0,True
1206069412,,,,,,,10,0,True
1206069489,,,,,,,10,0,True
1206069574,,,,,,,10,0,True
1206069671,,,,,,,8,0,True
1206069689,,,,,,,10,0,True
1206069795,,,,,,,10,0,True
1206069836,,,,,,,5,0,True
1206069869,,,,,,,5,0,True
1206069913,,,,,,,11,1,True
1206069916,,,,,,,6,0,True
1206069965,,,,,,,4,4,True
1206069986,,,,,,,10,0,True
1206070048,,,,,,,10,0,True
1206070062,,,,,,,10,0,True
1206070112,,,,,,,10,10,True
1206070141,,,,,,,9,0,True
1206070171,,,,,,,10,0,True
1206070193,,,,,,,10,0,True
1206070231,,,,,,,9,0,True
1206070301,,,,,,,6,0,True
1206070405,,,,,,,10,0,True
1206070486,,,,,,,10,0,True
1206070521,,,,,,,10,0,True
1206070558,,,,,,,9,9,True
1206070617,,,,,,,10,0,True
1206070649,,,,,,,10,0,True
1206070677,,,,,,,10,0,True
1206070731,,,,,,,10,0,True
1206070782,,,,,,,10,0,True
1206070785,1.0,1.0,1.0,1.0,2019-04-23 16:00:00+00:00,2019-04-23 16:00:00+00:00,6,6,True
1206070856,,,,,,,10,0,True
1206070926,,,,,,,10,0,True
1206070985,,,,,,,9,0,True
1206071008,,,,,,,5,5,True
1206071062,,,,,,,10,0,True
1206071094,,,,,,,10,0,True
1206071149,,,,,,,10,0,True
1206071177,,,,,,,10,0,True
1206071202,,,,,,,10,0,True
1206071243,,,,,,,10,0,True
1206071297,,,,,,,10,0,True
1206071374,,,,,,,10,0,True
1206071415,,,,,,,10,0,True
1206071447,,,,,,,10,0,True
1206071450,,,,,,,7,0,True
1206071521,,,,,,,5,5,True
1206071531,,,,,,,2,2,True
1206071588,,,,,,,9,0,True
1206071613,,,,,,,10,0,True
1206071659,,,,,,,10,0,True
1206071689,,,,,,,8,0,True
1206071726,,,,,,,10,0,True
1206071766,,,,,,,10,5,True
1206071793,,,,,,,10,0,True
1206071828,,,,,,,10,0,True
1206071856,,,,,,,10,0,True
1206071925,,,,,,,10,0,True
1206071986,,,,,,,10,0,True
1206072012,,,,,,,10,0,True
1206072063,,,,,,,10,0,True
1206072093,,,,,,,8,0,True
1206072124,,,,,,,10,0,True
1206072134,,,,,,,10,0,True
1206072175,,,,,,,9,0,True
1206072208,,,,,,,10,0,True
1206072236,,,,,,,6,6,True
1206072256,,,,,,,10,0,True
1206072287,,,,,,,10,0,True
1206072316,,,,,,,9,0,True
1206072359,,,,,,,7,7,True
1206072459,,,,,,,10,0,True
1206072492,1.0,1.0,1.0,1.0,2019-04-23 16:00:00+00:00,2019-04-23 16:00:00+00:00,9,9,True
1206072500,,,,,,,10,0,True
1206072567,,,,,,,8,0,True
1206072615,,,,,,,10,0,True
1206072767,,,,,,,10,10,True
1206072785,,,,,,,10,0,True
1206072952,,,,,,,6,0,True
1206073154,,,,,,,5,0,True
1206073271,,,,,,,5,5,True
1206073710,,,,,,,10,10,True
1206073832,,,,,,,10,1,True
1206073954,,,,,,,9,9,True
1206074053,,,,,,,5,0,True
1206076269,,,,,,,10,0,True
1206076408,,,,,,,5,0,True
1206076590,,,,,,,9,0,True
1206076652,,,,,,,9,0,True
1206076654,,,,,,,10,10,True
1206076691,,,,,,,10,0,True
1206076749,,,,,,,7,0,True
1206076816,,,,,,,10,0,True
1206076964,,,,,,,10,0,True
1206076988,,,,,,,9,9,True
1206077153,,,,,,,10,0,True
1206077295,,,,,,,10,0,True
1206077320,,,,,,,9,0,True
1206077392,,,,,,,7,0,True
1206077415,,,,,,,8,0,True
1206077494,,,,,,,10,0,True
1206077543,,,,,,,10,0,True
1206077613,,,,,,,10,0,True
1206077618,,,,,,,10,0,True
1206077705,,,,,,,10,0,True
1206077755,,,,,,,10,0,True
1206077791,,,,,,,10,0,True
1206078019,,,,,,,10,0,True
1206078142,,,,,,,10,0,True
1206078157,,,,,,,8,0,True
1206078184,,,,,,,10,0,True
1206078359,,,,,,,10,0,True
1206078425,,,,,,,9,0,True
1206078532,,,,,,,10,0,True
1206078561,3.0,3.0,3.0,2.0,2019-04-24 16:00:00+00:00,2019-04-24 16:00:00+00:00,10,10,True
1206078587,,,,,,,9,9,True
1206078666,,,,,,,5,0,True
1206078840,,,,,,,10,10,True
1206078870,,,,,,,10,0,True
1206079001,,,,,,,9,9,True
1206079086,,,,,,,10,0,True
1206079095,,,,,,,10,0,True
1206079196,,,,,,,1,1,True
1206079255,,,,,,,10,0,True
1206079271,,,,,,,10,0,True
1206079375,,,,,,,10,0,True
1206079485,,,,,,,9,0,True
1206079639,,,,,,,7,0,True
1206079715,,,,,,,6,0,True
1206079770,,,,,,,10,0,True
1206079798,,,,,,,10,0,True
1206079834,,,,,,,6,0,True
1206079881,,,,,,,10,0,True
1206079886,,,,,,,10,0,True
1206079970,,,,,,,10,0,True
1206079994,,,,,,,10,0,True
1206080051,,,,,,,10,0,True
1206080062,,,,,,,10,10,True
1206080129,,,,,,,10,0,True
1206080139,,,,,,,8,5,True
1206080197,,,,,,,10,10,True
1206080221,,,,,,,10,0,True
1206080245,,,,,,,10,0,True
1206080323,,,,,,,10,0,True
1206080362,,,,,,,10,0,True
1206080456,,,,,,,7,0,True
1206080501,,,,,,,10,0,True
1206080556,,,,,,,10,0,True
1206085354,,,,,,,8,0,True
1206085368,,,,,,,10,0,True
1206085425,,,,,,,10,0,True
1206085486,,,,,,,8,0,True
1206085573,,,,,,,4,4,True
1206085693,,,,,,,7,0,True
1206085816,,,,,,,10,0,True
1206085862,,,,,,,5,0,True
1206085936,,,,,,,10,0,True
1206086235,,,,,,,10,0,True
1206086357,,,,,,,10,10,True
1206086391,,,,,,,10,0,True
1206086412,,,,,,,10,0,True
1206086512,,,,,,,10,0,True
1206086676,,,,,,,5,0,True
1206086775,,,,,,,10,0,True
1206086822,,,,,,,8,0,True
1206086892,,,,,,,10,0,True
1206087099,,,,,,,7,7,True
1206087109,,,,,,,10,0,True
1206087225,1.0,1.0,1.0,1.0,2019-04-25 16:00:00+00:00,2019-04-25 16:00:00+00:00,10,10,True
1206087246,,,,,,,7,0,True
1206087332,,,,,,,10,0,True
1206087394,,,,,,,10,0,True
1206087416,,,,,,,8,0,True
1206087581,,,,,,,6,0,True
1206087651,,,,,,,10,0,True
1206087717,,,,,,,5,5,True
1206087737,,,,,,,8,0,True
1206087813,,,,,,,10,0,True
1206087924,,,,,,,10,0,True
1206087958,,,,,,,10,10,True
1206087997,,,,,,,8,0,True
1206088102,,,,,,,9,0,True
1206088234,,,,,,,10,0,True
1206088340,,,,,,,10,0,True
1206088374,,,,,,,10,5,True
1206088393,,,,,,,9,0,True
1206088441,,,,,,,15,0,True
1206088492,,,,,,,7,0,True
1206088550,,,,,,,10,0,True
1206088571,,,,,,,10,0,True
1206088618,,,,,,,6,0,True
1206088678,,,,,,,6,0,True
1206088732,,,,,,,6,6,True
1206088820,,,,,,,9,0,True
1206088844,,,,,,,10,5,True
1206088853,,,,,,,10,10,True
1206088856,,,,,,,10,10,True
1206088938,,,,,,,10,0,True
1206088961,,,,,,,10,0,True
1206088991,,,,,,,10,0,True
1206089027,,,,,,,10,0,True
1206089090,,,,,,,10,0,True
1206089131,,,,,,,6,0,True
1206089144,,,,,,,8,0,True
1206089199,,,,,,,10,0,True
1206089248,,,,,,,10,0,True
1206089276,,,,,,,10,0,True
1206089416,,,,,,,10,0,True
1206089459,,,,,,,9,9,True
1206089474,,,,,,,10,0,True
1206089588,3.0,3.0,1.0,3.0,2019-04-25 16:00:00+00:00,2019-04-25 16:00:00+00:00,8,8,True
1206089595,,,,,,,10,0,True
1206089633,,,,,,,10,10,True
1206089676,,,,,,,10,0,True
1206089755,,,,,,,8,0,True
1206089769,,,,,,,6,0,True
1206089816,,,,,,,10,0,True
1206089893,,,,,,,10,0,True
1206089956,,,,,,,10,0,True
1206090001,,,,,,,2,0,True
1206090106,,,,,,,9,0,True
1206090149,,,,,,,10,0,True
1206090187,,,,,,,7,5,True
1206090234,,,,,,,10,0,True
1206090264,,,,,,,10,0,True
1206090268,1.0,1.0,1.0,1.0,2019-04-25 16:00:00+00:00,2019-04-25 16:00:00+00:00,9,9,True
1206090300,,,,,,,10,0,True
1206090346,,,,,,,10,0,True
1206090391,,,,,,,10,0,True
1206090415,,,,,,,10,10,True
1206090431,,,,,,,10,10,True
1206090455,,,,,,,10,0,True
1206090469,,,,,,,6,0,True
1206090540,,,,,,,10,0,True
1206090546,,,,,,,10,0,True
1206090592,,,,,,,10,0,True
1206090601,,,,,,,10,0,True
1206090671,,,,,,,6,0,True
1206090704,,,,,,,10,10,True
1206090725,,,,,,,10,0,True
1206090805,,,,,,,9,0,True
1206090923,,,,,,,10,0,True
1206090950,,,,,,,10,0,True
1206090981,,,,,,,10,0,True
1206091043,,,,,,,10,10,True
1206091075,,,,,,,9,0,True
1206091102,,,,,,,10,0,True
1206091178,,,,,,,10,0,True
1206091248,,,,,,,10,0,True
1206091258,,,,,,,10,10,True
1206091262,,,,,,,6,0,True
1206091323,,,,,,,10,0,True
1206091330,,,,,,,10,0,True
1206091379,,,,,,,8,0,True
1206091454,,,,,,,10,0,True
1206091471,,,,,,,10,0,True
1206091504,,,,,,,10,10,True
1206091537,,,,,,,10,0,True
1206091575,,,,,,,10,0,True
1206091616,,,,,,,8,8,True
1206091656,,,,,,,10,10,True
1206091679,,,,,,,10,0,True
1206091694,,,,,,,10,0,True
1206091730,,,,,,,4,2,True
1206091780,,,,,,,10,0,True
1206091807,,,,,,,10,0,True
1206091830,,,,,,,10,10,True
1206091860,,,,,,,9,0,True
1206091892,,,,,,,10,0,True
1206091961,,,,,,,8,0,True
1206091995,,,,,,,10,0,True
1206092036,,,,,,,10,0,True
1206092042,,,,,,,10,10,True
1206092119,,,,,,,10,0,True
1206092159,,,,,,,10,0,True
1206092187,,,,,,,8,0,True
1206092263,,,,,,,6,0,True
1206092286,,,,,,,10,0,True
1206092339,,,,,,,10,0,True
1206092400,,,,,,,10,0,True
1206092438,,,,,,,10,0,True
1206092442,,,,,,,10,0,True
1206092482,,,,,,,10,0,True
1206092601,,,,,,,10,0,True
1206092617,,,,,,,10,10,True
1206092676,,,,,,,10,10,True
1206092706,,,,,,,10,0,True
1206092740,,,,,,,10,0,True
1206092781,,,,,,,10,0,True
1206092817,,,,,,,10,0,True
1206092833,,,,,,,6,1,True
1206092860,,,,,,,7,0,True
1206092885,,,,,,,9,0,True
1206092913,,,,,,,7,0,True
1206092991,,,,,,,10,0,True
1206093043,,,,,,,8,0,True
1206093083,,,,,,,8,0,True
1206093157,,,,,,,10,0,True
1206093191,,,,,,,1,0,True
1206093223,,,,,,,10,4,True
1206093259,,,,,,,10,0,True
1206093300,,,,,,,10,0,True
1206093329,,,,,,,10,0,True
1206093360,,,,,,,10,0,True
1206093388,,,,,,,10,0,True
1206093458,,,,,,,10,0,True
1206093488,,,,,,,10,0,True
1206093511,,,,,,,10,0,True
1206093536,,,,,,,10,0,True
1206093542,,,,,,,10,10,True
1206093613,,,,,,,10,0,True
1206093734,,,,,,,10,0,True
1206093771,,,,,,,10,0,True
1206093871,,,,,,,10,0,True
1206093907,,,,,,,10,0,True
1206093942,1.0,1.0,1.0,1.0,2019-04-25 16:00:00+00:00,2019-04-25 16:00:00+00:00,10,10,True
1206094024,,,,,,,10,0,True
1206094080,,,,,,,10,0,True
1206094124,,,,,,,5,0,True
1206094144,,,,,,,10,0,True
1206094192,,,,,,,9,0,True
1206094197,,,,,,,10,0,True
1206094253,,,,,,,10,0,True
1206094289,,,,,,,10,0,True
1206094325,,,,,,,5,5,True
1206094343,,,,,,,10,0,True
1206094462,,,,,,,10,10,True
1206095009,,,,,,,9,9,True
1206095417,,,,,,,5,0,True
1206096944,,,,,,,6,0,True
1206096983,,,,,,,10,5,True
1206097044,,,,,,,10,0,True
1206097273,,,,,,,10,0,True
1206097361,,,,,,,9,0,True
1206097399,,,,,,,10,0,True
1206097475,,,,,,,10,0,True
1206097546,,,,,,,10,10,True
1206097592,,,,,,,10,10,True
1206097607,,,,,,,10,0,True
1206097638,,,,,,,10,0,True
1206097744,,,,,,,5,0,True
1206097804,,,,,,,10,0,True
1206097854,,,,,,,10,1,True
1206097898,,,,,,,10,0,True
1206098064,,,,,,,10,10,True
1206098077,,,,,,,9,0,True
1206098150,,,,,,,10,0,True
1206098272,,,,,,,10,0,True
1206098325,,,,,,,10,0,True
1206098417,,,,,,,10,0,True
1206098443,,,,,,,5,5,True
1206098564,,,,,,,11,1,True
1206098609,,,,,,,7,7,True
1206098696,,,,,,,10,0,True
1206098722,,,,,,,10,0,True
1206098911,,,,,,,7,0,True
1206099034,,,,,,,9,4,True
1206099132,,,,,,,10,10,True
1206099290,,,,,,,10,0,True
1206099331,,,,,,,10,0,True
1206099379,,,,,,,10,0,True
1206099501,,,,,,,10,0,True
1206099534,,,,,,,7,0,True
1206099565,,,,,,,10,0,True
1206099622,,,,,,,10,0,True
1206099655,,,,,,,5,0,True
1206099768,,,,,,,9,0,True
1206099787,,,,,,,10,0,True
1206099857,,,,,,,6,0,True
1206099912,,,,,,,7,0,True
1206099950,,,,,,,15,0,True
1206100135,,,,,,,10,0,True
1206100220,,,,,,,10,0,True
1206100266,,,,,,,10,0,True
1206100310,,,,,,,9,0,True
1206100348,,,,,,,10,0,True
1206100423,,,,,,,10,0,True
1206100455,,,,,,,2,2,True
1206100522,,,,,,,10,0,True
1206100595,,,,,,,10,0,True
1206100624,,,,,,,10,0,True
1206100659,,,,,,,10,0,True
1206100692,,,,,,,10,10,True
1206100768,,,,,,,10,0,True
1206100804,,,,,,,10,0,True
1206100965,,,,,,,10,0,True
1206101015,,,,,,,10,0,True
1206101025,,,,,,,10,5,True
1206101062,,,,,,,10,0,True
1206101104,,,,,,,10,0,True
1206101151,,,,,,,10,10,True
1206101185,,,,,,,3,3,True
1206101197,,,,,,,10,10,True
1206101237,,,,,,,8,0,True
1206101283,,,,,,,10,0,True
1206101391,,,,,,,10,10,True
1206101453,,,,,,,10,0,True
1206101489,,,,,,,6,6,True
1206101523,,,,,,,10,0,True
1206101574,,,,,,,6,0,True
1206101625,,,,,,,15,0,True
1206101655,,,,,,,10,0,True
1206101679,,,,,,,10,0,True
1206101698,,,,,,,10,0,True
1206101790,,,,,,,10,0,True
1206101899,,,,,,,10,0,True
1206101929,,,,,,,10,0,True
1206101941,,,,,,,10,10,True
1206102127,,,,,,,10,0,True
1206102154,,,,,,,10,0,True
1206102199,,,,,,,9,9,True
1206102233,,,,,,,10,10,True
1206102324,,,,,,,10,0,True
1206102332,,,,,,,9,9,True
1206102394,,,,,,,10,0,True
1206102465,,,,,,,6,0,True
1206102506,,,,,,,10,10,True
1206102750,,,,,,,10,0,True
1206102757,,,,,,,10,0,True
1206102818,,,,,,,7,0,True
1206102870,,,,,,,10,0,True
1206102890,,,,,,,6,0,True
1206102922,,,,,,,10,0,True
1206102972,,,,,,,6,6,True
1206103027,,,,,,,10,0,True
1206103074,,,,,,,10,5,True
1206103101,,,,,,,10,0,True
1206103112,,,,,,,10,0,True
1206103147,,,,,,,10,0,True
1206103273,,,,,,,10,10,True
1206103322,1.0,1.0,1.0,1.0,2019-04-26 16:00:00+00:00,2019-04-26 16:00:00+00:00,10,10,True
1206103410,,,,,,,10,0,True
1206103470,,,,,,,10,0,True
1206103504,,,,,,,10,0,True
1206103591,,,,,,,10,0,True
1206103629,,,,,,,10,0,True
1206103677,,,,,,,10,0,True
1206103727,,,,,,,10,0,True
1206103758,,,,,,,10,0,True
1206103841,1.0,1.0,1.0,1.0,2019-04-26 16:00:00+00:00,2019-04-26 16:00:00+00:00,10,10,True
1206103859,1.0,1.0,1.0,1.0,2019-04-26 16:00:00+00:00,2019-04-26 16:00:00+00:00,9,9,True
1206104003,,,,,,,10,10,True
1206104224,,,,,,,10,10,True
1206104229,,,,,,,10,0,True
1206104284,,,,,,,7,7,True
1206104296,,,,,,,10,0,True
1206104334,,,,,,,10,0,True
1206104392,,,,,,,10,10,True
1206104437,,,,,,,7,0,True
1206104460,,,,,,,10,10,True
1206104473,,,,,,,10,0,True
1206104516,,,,,,,10,0,True
1206104534,,,,,,,10,0,True
1206104575,,,,,,,10,0,True
1206104605,,,,,,,6,0,True
1206104631,,,,,,,10,0,True
1206104637,,,,,,,10,0,True
1206104689,,,,,,,10,0,True
1206104796,,,,,,,10,0,True
1206105057,,,,,,,10,0,True
1206105082,,,,,,,10,0,True
1206105131,,,,,,,10,0,True
1206105146,,,,,,,10,10,True
1206105218,,,,,,,10,10,True
1206105288,,,,,,,10,0,True
1206105343,,,,,,,10,5,True
1206105364,,,,,,,10,0,True
1206105425,,,,,,,9,0,True
1206105471,,,,,,,7,0,True
1206105496,,,,,,,10,5,True
1206105526,,,,,,,9,0,True
1206105569,,,,,,,10,0,True
1206105821,,,,,,,10,0,True
1206105882,,,,,,,10,0,True
1206105909,,,,,,,10,0,True
1206105999,,,,,,,3,0,True
1206106027,,,,,,,7,0,True
1206106105,,,,,,,10,0,True
1206106138,,,,,,,10,0,True
1206106213,,,,,,,10,0,True
1206106248,,,,,,,8,0,True
1206106290,,,,,,,8,0,True
1206106327,,,,,,,10,0,True
1206106366,,,,,,,10,0,True
1206106374,,,,,,,10,0,True
1206106414,,,,,,,10,0,True
1206106457,,,,,,,10,0,True
1206106461,,,,,,,8,0,True
1206106510,,,,,,,10,0,True
1206106521,,,,,,,10,0,True
1206106590,,,,,,,10,0,True
1206106714,,,,,,,8,0,True
1206106776,,,,,,,10,10,True
1206106813,,,,,,,10,0,True
1206106842,,,,,,,10,0,True
1206106865,,,,,,,9,0,True
1206106907,,,,,,,7,0,True
1206106984,,,,,,,10,0,True
1206107086,,,,,,,10,0,True
1206107154,,,,,,,10,0,True
1206107207,,,,,,,10,0,True
1206107209,,,,,,,10,0,True
1206107269,,,,,,,8,0,True
1206107348,,,,,,,10,0,True
1206107388,,,,,,,10,5,True
1206107647,,,,,,,10,0,True
1206107776,,,,,,,10,0,True
1206107829,,,,,,,5,0,True
1206107944,,,,,,,9,0,True
1206107996,,,,,,,10,0,True
1206108100,,,,,,,10,0,True
1206108134,,,,,,,9,9,True
1206108169,,,,,,,10,0,True
1206108208,,,,,,,10,0,True
1206108222,,,,,,,10,0,True
1206108282,,,,,,,6,6,True
1206108296,,,,,,,10,0,True
1206108369,,,,,,,10,0,True
1206108409,,,,,,,10,0,True
1206108481,,,,,,,10,0,True
1206108517,,,,,,,9,0,True
1206108544,,,,,,,10,0,True
1206108575,,,,,,,10,0,True
1206108579,,,,,,,6,0,True
1206108712,,,,,,,9,0,True
1206108801,,,,,,,10,0,True
1206108947,,,,,,,8,0,True
1206108988,,,,,,,10,0,True
1206109009,,,,,,,10,10,True
1206109052,,,,,,,10,0,True
1206109127,,,,,,,10,0,True
1206109163,,,,,,,10,0,True
1206109185,,,,,,,10,0,True
1206109323,1.0,1.0,1.0,1.0,2019-04-26 16:00:00+00:00,2019-04-26 16:00:00+00:00,10,10,True
1206109407,,,,,,,7,7,True
1206109515,,,,,,,9,9,True
1206109603,,,,,,,10,0,True
1206109853,,,,,,,10,0,True
1206109867,,,,,,,10,0,True
1206109921,,,,,,,10,0,True
1206110274,,,,,,,10,10,True
1206110377,,,,,,,29,29,True
1206110425,,,,,,,10,0,True
1206110924,,,,,,,5,0,True
1206111051,,,,,,,10,0,True
1206112422,,,,,,,10,0,True
1206113187,,,,,,,10,0,True
1206113232,,,,,,,10,0,True
1206113260,,,,,,,10,0,True
1206113298,,,,,,,10,0,True
1206113357,,,,,,,10,0,True
1206113574,,,,,,,6,0,True
1206113632,,,,,,,10,0,True
1206113736,,,,,,,7,0,True
1206113866,,,,,,,10,0,True
1206113924,,,,,,,9,0,True
1206113986,,,,,,,10,0,True
1206114065,,,,,,,10,10,True
1206114359,,,,,,,8,0,True
1206114449,,,,,,,7,7,True
1206114490,,,,,,,10,0,True
1206114501,,,,,,,10,0,True
1206114580,,,,,,,10,0,True
1206114690,,,,,,,10,0,True
1206114701,,,,,,,7,0,True
1206114838,1.0,1.0,1.0,1.0,2019-04-29 16:00:00+00:00,2019-04-29 16:00:00+00:00,10,10,True
1206114969,,,,,,,10,0,True
1206115031,1.0,1.0,1.0,1.0,2019-04-29 16:00:00+00:00,2019-04-29 16:00:00+00:00,10,10,True
1206115071,,,,,,,10,0,True
1206115124,,,,,,,8,0,True
1206115151,,,,,,,10,10,True
1206115379,,,,,,,7,0,True
1206115420,,,,,,,10,0,True
1206115446,,,,,,,10,10,True
1206115530,,,,,,,10,0,True
1206115742,,,,,,,6,0,True
1206115830,,,,,,,10,0,True
1206115881,,,,,,,10,0,True
1206115915,,,,,,,9,1,True
1206116120,,,,,,,8,0,True
1206116195,,,,,,,5,5,True
1206116249,,,,,,,9,0,True
1206116296,,,,,,,7,0,True
1206116366,,,,,,,6,0,True
1206116450,,,,,,,8,0,True
1206116479,,,,,,,7,0,True
1206116506,,,,,,,10,0,True
1206116617,,,,,,,10,0,True
1206116683,,,,,,,10,0,True
1206116721,,,,,,,10,0,True
1206116734,,,,,,,10,0,True
1206116839,,,,,,,10,0,True
1206116943,,,,,,,10,10,True
1206116998,,,,,,,10,0,True
1206117024,,,,,,,10,10,True
1206117067,,,,,,,10,0,True
1206117096,,,,,,,10,0,True
1206117192,,,,,,,10,0,True
1206117310,,,,,,,10,0,True
1206117323,,,,,,,3,2,True
1206117408,,,,,,,10,10,True
1206117445,,,,,,,2,0,True
1206117468,,,,,,,10,10,True
1206117491,,,,,,,10,0,True
1206117505,,,,,,,9,0,True
1206117648,,,,,,,10,0,True
1206117688,,,,,,,6,0,True
1206117730,,,,,,,10,0,True
1206117805,,,,,,,10,8,True
1206117887,,,,,,,10,0,True
1206117889,,,,,,,6,0,True
1206117991,,,,,,,9,9,True
1206118019,,,,,,,10,10,True
1206118115,,,,,,,10,0,True
1206118144,1.0,1.0,1.0,1.0,2019-04-27 16:00:00+00:00,2019-04-27 16:00:00+00:00,10,10,True
1206118177,,,,,,,9,0,True
1206118208,,,,,,,10,0,True
1206118246,,,,,,,10,10,True
1206118298,,,,,,,10,0,True
1206118366,,,,,,,10,0,True
1206118550,,,,,,,6,6,True
1206118624,,,,,,,10,0,True
1206118691,,,,,,,10,0,True
1206118736,,,,,,,7,0,True
1206118782,,,,,,,8,0,True
1206118850,,,,,,,6,0,True
1206118879,,,,,,,10,0,True
1206118904,,,,,,,10,0,True
1206118935,,,,,,,5,5,True
1206118998,,,,,,,10,0,True
1206119063,,,,,,,10,0,True
1206119255,,,,,,,10,0,True
1206119286,,,,,,,10,0,True
1206119339,,,,,,,10,0,True
1206119426,,,,,,,10,0,True
1206119485,,,,,,,6,0,True
1206119528,,,,,,,5,0,True
1206119585,,,,,,,10,0,True
1206119659,,,,,,,10,0,True
1206119701,,,,,,,10,0,True
1206119805,,,,,,,10,8,True
1206119852,,,,,,,11,10,True
1206119854,,,,,,,10,0,True
1206119915,,,,,,,10,0,True
1206119985,,,,,,,10,0,True
1206120041,,,,,,,10,0,True
1206120101,,,,,,,10,10,True
1206120198,,,,,,,10,0,True
1206120247,,,,,,,10,0,True
1206120441,,,,,,,10,0,True
1206120554,,,,,,,10,0,True
1206120559,,,,,,,8,0,True
1206120605,,,,,,,7,1,True
1206120640,,,,,,,10,0,True
1206120658,,,,,,,8,0,True
1206120698,,,,,,,10,0,True
1206120713,,,,,,,10,0,True
1206120869,,,,,,,10,0,True
1206120890,,,,,,,8,0,True
1206120907,,,,,,,10,0,True
1206120952,,,,,,,8,0,True
1206121011,,,,,,,9,0,True
1206121110,,,,,,,10,0,True
1206121115,,,,,,,7,0,True
1206121364,,,,,,,7,0,True
1206121391,,,,,,,5,0,True
1206121462,,,,,,,10,0,True
1206121499,,,,,,,10,0,True
1206121524,,,,,,,10,10,True
1206121598,,,,,,,10,0,True
1206121719,,,,,,,10,0,True
1206121746,1.0,1.0,1.0,1.0,2019-04-29 16:00:00+00:00,2019-04-29 16:00:00+00:00,10,5,True
1206121765,,,,,,,10,0,True
1206121828,,,,,,,10,0,True
1206121867,,,,,,,9,0,True
1206121910,,,,,,,10,0,True
1206121952,,,,,,,9,0,True
1206122044,,,,,,,10,0,True
1206122069,,,,,,,10,0,True
1206122093,1.0,1.0,1.0,1.0,2019-04-27 16:00:00+00:00,2019-04-27 16:00:00+00:00,8,8,True
1206122141,,,,,,,7,0,True
1206122177,,,,,,,10,0,True
1206122229,,,,,,,10,0,True
1206122309,,,,,,,10,0,True
1206122402,,,,,,,10,0,True
1206122467,,,,,,,10,0,True
1206122546,,,,,,,10,0,True
1206122588,,,,,,,5,0,True
1206122651,,,,,,,10,0,True
1206122672,,,,,,,10,0,True
1206122701,,,,,,,10,0,True
1206122739,,,,,,,10,10,True
1206122788,,,,,,,10,10,True
1206122946,,,,,,,10,0,True
1206122970,,,,,,,10,10,True
1206123038,,,,,,,10,0,True
1206123117,,,,,,,10,10,True
1206123144,,,,,,,10,10,True
1206123153,,,,,,,10,0,True
1206123187,,,,,,,9,0,True
1206123248,,,,,,,10,0,True
1206123291,,,,,,,10,0,True
1206123330,,,,,,,10,0,True
1206123364,,,,,,,10,10,True
1206123382,,,,,,,10,0,True
1206123429,,,,,,,10,10,True
1206123439,,,,,,,7,7,True
1206123632,,,,,,,10,0,True
1206123709,,,,,,,10,0,True
1206123752,,,,,,,5,0,True
1206123822,,,,,,,10,0,True
1206123870,,,,,,,10,0,True
1206123925,,,,,,,10,0,True
1206123955,,,,,,,10,0,True
1206123983,,,,,,,6,0,True
1206124029,,,,,,,10,0,True
1206124219,,,,,,,10,0,True
1206124264,,,,,,,10,0,True
1206124275,,,,,,,10,0,True
1206124317,,,,,,,7,7,True
1206124334,,,,,,,10,0,True
1206124375,,,,,,,10,0,True
1206124395,,,,,,,10,0,True
1206124435,,,,,,,10,0,True
1206124458,,,,,,,10,0,True
1206124485,,,,,,,6,0,True
1206124537,,,,,,,10,0,True
1206124558,,,,,,,10,10,True
1206124578,,,,,,,1,1,True
1206124631,,,,,,,7,2,True
1206124662,,,,,,,9,9,True
1206124679,,,,,,,6,6,True
1206124697,,,,,,,10,0,True
1206124772,,,,,,,6,0,True
1206124799,,,,,,,7,2,True
1206124895,,,,,,,10,0,True
1206124924,,,,,,,10,0,True
1206125045,,,,,,,5,5,True
1206125065,,,,,,,10,10,True
1206125136,,,,,,,10,0,True
1206125302,,,,,,,10,0,True
1206125365,,,,,,,10,0,True
1206125408,,,,,,,10,0,True
1206125466,,,,,,,8,0,True
1206125809,,,,,,,5,0,True
1206125875,,,,,,,8,0,True
1206126045,,,,,,,5,0,True
1206126388,,,,,,,1,1,True
1206126414,,,,,,,5,5,True
1206128527,,,,,,,9,9,True
1206128590,,,,,,,5,0,True
1206128755,,,,,,,10,10,True
1206133703,,,,,,,5,0,True
1206133704,,,,,,,5,5,True
1206133786,,,,,,,10,0,True
1206133816,,,,,,,10,10,True
1206133944,,,,,,,5,0,True
1206134446,,,,,,,10,0,True
1206134609,,,,,,,5,0,True
1206134891,,,,,,,6,0,True
1206158023,1.0,1.0,1.0,1.0,2019-04-30 16:00:00+00:00,2019-04-30 16:00:00+00:00,7,7,True
1206158099,,,,,,,6,0,True
1206158287,,,,,,,10,0,True
1206158451,,,,,,,10,0,True
1206158475,,,,,,,10,0,True
1206158613,,,,,,,5,0,True
1206158692,,,,,,,5,5,True
1206158731,,,,,,,10,0,True
1206159181,1.0,1.0,1.0,1.0,2019-04-30 16:00:00+00:00,2019-04-30 16:00:00+00:00,10,10,True
1206159384,,,,,,,10,0,True
1206159441,,,,,,,10,0,True
1206159468,,,,,,,10,9,True
1206159559,,,,,,,10,0,True
1206159571,,,,,,,10,0,True
1206159664,,,,,,,9,2,True
1206159796,,,,,,,15,5,True
1206159825,,,,,,,10,5,True
1206159898,,,,,,,10,0,True
1206159924,,,,,,,10,5,True
1206159985,,,,,,,10,0,True
1206160025,,,,,,,10,0,True
1206160074,,,,,,,10,0,True
1206160180,,,,,,,9,0,True
1206160361,,,,,,,5,0,True
1206160568,,,,,,,6,6,True
1206160638,,,,,,,10,0,True
1206160767,,,,,,,10,0,True
1206160811,,,,,,,7,0,True
1206160947,,,,,,,9,0,True
1206160987,,,,,,,10,0,True
1206161037,,,,,,,10,0,True
1206161161,,,,,,,10,0,True
1206161172,2.0,2.0,2.0,1.0,2019-04-30 16:00:00+00:00,2019-04-30 16:00:00+00:00,10,10,True
1206161281,,,,,,,10,10,True
1206161385,,,,,,,10,6,True
1206161406,,,,,,,10,10,True
1206161459,,,,,,,10,0,True
1206161523,,,,,,,10,0,True
1206161548,,,,,,,8,0,True
1206161606,,,,,,,6,0,True
1206161642,,,,,,,9,0,True
1206161712,,,,,,,8,8,True
1206161822,,,,,,,10,0,True
1206161843,,,,,,,10,0,True
1206161856,,,,,,,10,10,True
1206161922,,,,,,,10,0,True
1206161962,,,,,,,10,0,True
1206162079,,,,,,,10,5,True
1206162146,,,,,,,10,0,True
1206162173,,,,,,,10,0,True
1206162245,,,,,,,10,0,True
1206162264,,,,,,,4,4,True
1206162321,,,,,,,10,0,True
1206162329,,,,,,,10,0,True
1206162368,,,,,,,10,0,True
1206162480,,,,,,,10,0,True
1206162499,,,,,,,7,0,True
1206162610,,,,,,,10,0,True
1206162732,,,,,,,7,5,True
1206162744,,,,,,,5,5,True
1206162746,,,,,,,10,0,True
1206162848,,,,,,,10,0,True
1206162879,,,,,,,10,0,True
1206162936,,,,,,,10,0,True
1206163000,,,,,,,6,6,True
1206163038,,,,,,,10,0,True
1206163165,,,,,,,8,0,True
1206163302,,,,,,,10,0,True
1206163339,,,,,,,10,0,True
1206163376,,,,,,,10,10,True
1206163434,,,,,,,10,0,True
1206163558,,,,,,,10,0,True
1206163637,,,,,,,10,0,True
1206163741,,,,,,,10,0,True
1206163768,,,,,,,10,0,True
1206163948,,,,,,,8,0,True
1206163973,,,,,,,10,0,True
1206164031,,,,,,,10,10,True
1206164043,,,,,,,10,0,True
1206164100,,,,,,,10,0,True
1206164115,,,,,,,10,0,True
1206164151,,,,,,,10,0,True
1206164176,,,,,,,10,0,True
1206164209,,,,,,,10,0,True
1206164215,,,,,,,10,0,True
1206164294,,,,,,,10,0,True
1206164324,,,,,,,10,10,True
1206164346,,,,,,,10,0,True
1206164393,,,,,,,10,0,True
1206164488,,,,,,,5,5,True
1206164728,,,,,,,10,10,True
1206164751,,,,,,,10,0,True
1206164770,,,,,,,10,0,True
1206164845,,,,,,,10,10,True
1206164920,,,,,,,10,10,True
1206165094,,,,,,,10,0,True
1206165101,,,,,,,10,0,True
1206165254,,,,,,,10,0,True
1206165294,,,,,,,5,0,True
1206165361,,,,,,,8,0,True
1206165384,,,,,,,10,0,True
1206165405,,,,,,,10,0,True
1206165556,,,,,,,9,9,True
1206165605,,,,,,,10,10,True
1206165654,,,,,,,9,0,True
1206165715,,,,,,,6,0,True
1206165855,,,,,,,5,2,True
1206165965,,,,,,,10,0,True
1206166047,,,,,,,10,0,True
1206166057,,,,,,,5,0,True
1206166166,,,,,,,8,0,True
1206166266,,,,,,,10,0,True
1206166332,,,,,,,6,6,True
1206166471,,,,,,,5,0,True
1206166612,,,,,,,10,0,True
1206166691,,,,,,,10,0,True
1206166713,,,,,,,10,0,True
1206166807,,,,,,,9,9,True
1206166821,,,,,,,10,0,True
1206166879,,,,,,,10,0,True
1206166912,,,,,,,10,0,True
1206167113,,,,,,,1,0,True
1206167262,,,,,,,10,0,True
1206167533,,,,,,,10,0,True
1206167598,,,,,,,10,0,True
1206167643,,,,,,,3,3,True
1206167898,,,,,,,1,1,True
1206167975,,,,,,,4,0,True
1206168416,1.0,1.0,1.0,1.0,2019-04-30 16:00:00+00:00,2019-04-30 16:00:00+00:00,10,10,True
1206168454,,,,,,,10,0,True
1206168470,,,,,,,5,5,True
1206168951,,,,,,,10,0,True
1206169095,,,,,,,5,5,True
1206170173,,,,,,,10,0,True
1206178511,,,,,,,10,10,True
1206198734,,,,,,,10,0,True
1206198735,,,,,,,10,0,True
1206200120,,,,,,,10,0,True
1206200234,,,,,,,10,0,True
1206200365,1.0,1.0,1.0,1.0,2019-05-01 16:00:00+00:00,2019-05-01 16:00:00+00:00,10,10,True
1206200719,,,,,,,10,1,True
1206200775,,,,,,,10,0,True
1206200918,,,,,,,10,0,True
1206200966,,,,,,,10,0,True
1206201075,,,,,,,10,10,True
1206201320,,,,,,,8,8,True
1206201324,,,,,,,10,0,True
1206237079,,,,,,,10,0,True
1206239360,,,,,,,10,10,True
1206243095,,,,,,,10,0,True
1206243307,,,,,,,10,10,True
1206243706,,,,,,,6,6,True
1206244092,,,,,,,5,0,True
1206253341,,,,,,,5,5,True
1206253468,,,,,,,6,0,True
1206253620,,,,,,,10,0,True
1206253625,,,,,,,10,0,True
1206253811,,,,,,,7,0,True
1206253852,,,,,,,3,0,True
1206254240,,,,,,,10,10,True
1206257592,,,,,,,10,0,True
1206257670,,,,,,,10,0,True
1206257728,,,,,,,10,0,True
1206257759,,,,,,,7,0,True
1206258172,,,,,,,7,0,True
1206258384,,,,,,,10,0,True
1206263683,,,,,,,20,0,True
1206263820,,,,,,,10,0,True
1206264041,,,,,,,10,0,True
1206264415,,,,,,,10,0,True
1206264464,,,,,,,10,5,True
1206264643,,,,,,,10,0,True
1206264680,,,,,,,10,0,True
1206264799,,,,,,,10,0,True
1206264800,,,,,,,10,0,True
1206264957,,,,,,,10,0,True
1206266188,,,,,,,10,0,True
1206266288,,,,,,,10,10,True
1206266456,,,,,,,10,0,True
1206266976,,,,,,,10,0,True
1206267207,,,,,,,10,10,True
1206271726,,,,,,,10,0,True
1206272719,,,,,,,10,0,True
1206273382,,,,,,,9,0,True
1206273664,,,,,,,10,0,True
1206273682,,,,,,,10,10,True
1206273771,,,,,,,6,1,True
1206273828,,,,,,,6,0,True
1206276812,,,,,,,10,0,True
1206276987,,,,,,,10,0,True
1206277413,,,,,,,10,0,True
1206282312,,,,,,,9,0,True
1206283019,,,,,,,5,5,True
1206283452,,,,,,,7,0,True
1206284961,,,,,,,10,0,True
1206285187,,,,,,,7,7,True
1206285583,,,,,,,10,0,True
1206286010,,,,,,,6,6,True
1206286266,,,,,,,10,0,True
1206286384,,,,,,,10,0,True
1206286668,,,,,,,10,0,True
1206288837,,,,,,,10,10,True
1206289438,,,,,,,30,30,True
1206289468,,,,,,,9,0,True
1206295592,,,,,,,10,0,True
1206295727,,,,,,,10,0,True
1206300716,,,,,,,10,10,True
1206300962,,,,,,,10,0,True
1206300990,,,,,,,4,0,True
1206303596,,,,,,,6,6,True
1206304050,,,,,,,10,0,True
1206304933,,,,,,,5,5,True
1206306659,,,,,,,10,0,True
1206306720,,,,,,,10,0,True
1206308298,,,,,,,8,0,True
1206309187,,,,,,,5,5,True
1206310731,,,,,,,8,0,True
1206311660,,,,,,,10,0,True
1206312818,,,,,,,10,0,True
1206313046,,,,,,,7,0,True
1206313147,,,,,,,10,0,True
1206313231,,,,,,,11,1,True
1206313417,,,,,,,10,0,True
1206314026,,,,,,,10,0,True
1206314295,,,,,,,10,0,True
1206319002,,,,,,,10,0,True
1206320066,,,,,,,10,0,True
1206320345,,,,,,,1,1,True
1206321387,,,,,,,10,0,True
1206321982,,,,,,,10,0,True
1206322434,,,,,,,10,0,True
1206325806,1.0,1.0,1.0,1.0,2019-06-04 16:00:00+00:00,2019-06-04 16:00:00+00:00,8,8,True
1206326073,,,,,,,9,9,True
1206326729,,,,,,,9,0,True
1206326931,,,,,,,10,0,True
1206332037,,,,,,,9,0,True
1206332285,,,,,,,10,10,True
1206332422,,,,,,,10,0,True
1206333562,,,,,,,5,0,True
1206336829,,,,,,,8,0,True
1206336842,2.0,2.0,1.0,2.0,2019-06-05 09:50:05+00:00,2019-06-05 09:50:05+00:00,10,5,True
1206337255,,,,,,,5,5,True
1206337303,,,,,,,10,0,True
1206337372,,,,,,,10,0,True
1206340167,,,,,,,10,0,True
1206340728,,,,,,,14,14,True
1206341049,,,,,,,10,0,True
1206341478,,,,,,,10,0,True
1206341863,,,,,,,10,0,True
1206341932,,,,,,,10,0,True
1206342639,,,,,,,10,0,True
1206344657,,,,,,,11,2,True
1206345294,,,,,,,10,10,True
1206345489,,,,,,,10,0,True
1206349359,,,,,,,10,0,True
1206349768,,,,,,,8,0,True
1206350262,,,,,,,10,10,True
1206350550,,,,,,,6,0,True
1206350629,,,,,,,10,0,True
1206351688,,,,,,,10,0,True
1206352290,,,,,,,10,0,True
1206354688,,,,,,,10,0,True
1206354927,,,,,,,10,2,True
1206355136,,,,,,,6,5,True
1206361356,,,,,,,7,0,True
1206361435,1.0,1.0,1.0,1.0,2019-06-18 16:00:00+00:00,2019-06-18 16:00:00+00:00,5,5,True
1206361459,,,,,,,10,0,True
1206364047,,,,,,,10,10,True
1206367858,,,,,,,10,0,True
1206368282,,,,,,,10,10,True
1206368347,,,,,,,10,10,True
1206374596,,,,,,,3,3,True
1206374821,,,,,,,10,0,True
1206375429,,,,,,,10,0,True
1206379571,,,,,,,10,0,True
1206379955,,,,,,,10,0,True
1206380127,,,,,,,10,0,True
1206380130,,,,,,,10,0,True
1206384276,,,,,,,10,10,True
1206384521,,,,,,,10,0,True
1206395016,,,,,,,10,10,True
1206395542,,,,,,,9,9,True
1206399859,,,,,,,9,0,True
1206400061,,,,,,,2,2,True
1206400486,,,,,,,10,10,True
1206403090,,,,,,,10,0,True
1206403470,,,,,,,10,0,True
1206407097,,,,,,,10,0,True
1206408082,,,,,,,10,0,True
1206408711,,,,,,,6,0,True
1206414935,,,,,,,10,0,True
1206415831,,,,,,,18,13,True
1206425239,,,,,,,10,10,True
1206425240,,,,,,,10,10,True
1206425377,,,,,,,10,0,True
1206427044,,,,,,,10,0,True
1206427101,,,,,,,5,5,True
1206427675,,,,,,,10,0,True
1206430289,1.0,1.0,1.0,1.0,2019-07-06 16:00:00+00:00,2019-07-06 16:00:00+00:00,10,10,True
1206430317,,,,,,,10,0,True
1206432656,,,,,,,6,0,True
1206434427,1.0,1.0,1.0,1.0,2019-07-10 16:00:00+00:00,2019-07-10 16:00:00+00:00,10,10,True
1206440431,,,,,,,10,0,True
1206443995,,,,,,,8,8,True
1206443996,,,,,,,6,6,True
1206465301,,,,,,,10,0,True
1206468167,,,,,,,10,10,True
1206475803,,,,,,,10,0,True
1206484664,1.0,1.0,1.0,1.0,2019-07-31 16:00:00+00:00,2019-07-31 16:00:00+00:00,10,10,True
1206497869,,,,,,,10,0,True
1206497874,,,,,,,10,0,True
1206497878,,,,,,,10,0,True
1206497886,,,,,,,10,0,True
1206577526,,,,,,,4,4,True
1206653143,,,,,,,10,0,True
1206728785,,,,,,,9,0,True
1206730312,,,,,,,6,6,True
1206889223,,,,,,,10,0,True
1206889224,,,,,,,9,0,True
1206914755,,,,,,,10,10,True
1206914756,,,,,,,10,0,True
1206946744,,,,,,,10,10,True
1206961937,,,,,,,10,0,True
1206998435,,,,,,,10,0,True
1207009294,,,,,,,10,0,True
1207021153,,,,,,,10,0,True
1207022197,,,,,,,10,0,True
1207028772,,,,,,,9,9,True
1207028773,,,,,,,7,7,True
1207028778,,,,,,,10,10,True
1207063775,,,,,,,9,9,True
1207096828,,,,,,,9,0,True
1207137952,,,,,,,10,10,True
1207140991,,,,,,,10,0,True
1207140993,,,,,,,10,0,True
1207176640,,,,,,,10,0,True
1207214576,,,,,,,7,0,True
1207214577,,,,,,,10,0,True
1207221055,,,,,,,10,0,True
1207221056,,,,,,,7,0,True
1207233013,,,,,,,10,0,True
1207233014,,,,,,,10,0,True
1207233015,,,,,,,10,0,True
1207233016,,,,,,,8,0,True
1207241387,,,,,,,10,0,True
1207277424,,,,,,,7,0,True
1207280406,,,,,,,8,0,True
1207281431,,,,,,,10,0,True
1207297935,,,,,,,10,0,True
1207314355,,,,,,,10,0,True
1207320558,,,,,,,7,0,True
1207323161,,,,,,,10,0,True
1207325910,,,,,,,10,0,True
1207326235,,,,,,,10,0,True
1207327738,,,,,,,10,0,True
1207328777,,,,,,,8,0,True
1207329382,,,,,,,6,0,True
1207329553,,,,,,,10,0,True
1207329585,,,,,,,10,10,True
1207331935,,,,,,,8,1,True
1207332010,1.0,1.0,1.0,1.0,2020-02-29 16:00:00+00:00,2020-02-29 16:00:00+00:00,10,10,True
1207332608,,,,,,,10,0,True
1207332733,,,,,,,10,0,True
1207333205,,,,,,,6,0,True
1207333445,,,,,,,6,1,True
1207333989,,,,,,,10,0,True
1207334037,,,,,,,10,0,True
1207334871,,,,,,,6,0,True
1207335175,,,,,,,10,0,True
1207337555,,,,,,,10,0,True
1207344697,,,,,,,10,10,True
1207344908,,,,,,,10,0,True
1207345162,,,,,,,5,0,True
1207348052,,,,,,,10,0,True
1207348269,,,,,,,10,0,True
1207348313,,,,,,,8,0,True
1207350506,,,,,,,9,9,True
1207350907,,,,,,,10,10,True
1207351223,,,,,,,10,0,True
1207351378,,,,,,,10,0,True
1207351517,,,,,,,10,0,True
1207351860,,,,,,,10,10,True
1207355124,,,,,,,10,0,True
1207356133,,,,,,,10,0,True
1207356448,,,,,,,9,0,True
1207356500,,,,,,,10,0,True
1207356609,,,,,,,10,0,True
1207359954,,,,,,,5,0,True
1207360762,,,,,,,10,10,True
1207364118,,,,,,,6,0,True
1207364300,,,,,,,10,0,True
1207364828,,,,,,,15,5,True
1207364945,,,,,,,10,0,True
1207365080,,,,,,,10,0,True
1207365382,,,,,,,1,0,True
1207367323,,,,,,,10,0,True
1207368136,,,,,,,10,10,True
1207368148,,,,,,,10,10,True
1207368426,,,,,,,10,0,True
1207368482,,,,,,,10,0,True
1207368762,,,,,,,6,0,True
1207368875,,,,,,,10,0,True
1207369113,,,,,,,2,2,True
1207371548,,,,,,,10,0,True
1207371713,,,,,,,10,0,True
1207371977,,,,,,,10,0,True
1207372811,,,,,,,10,0,True
1207373293,,,,,,,7,0,True
1207373521,,,,,,,8,0,True
1207374346,,,,,,,5,1,True
1207374399,,,,,,,10,5,True
1207376900,,,,,,,10,0,True
1207377267,,,,,,,10,0,True
1207377493,,,,,,,5,5,True
1207377601,,,,,,,10,10,True
1207377743,,,,,,,10,0,True
1207377848,,,,,,,6,0,True
1207377889,,,,,,,9,0,True
1207378050,,,,,,,10,0,True
1207378065,,,,,,,10,0,True
1207378161,,,,,,,6,0,True
1207378377,,,,,,,10,0,True
1207378405,,,,,,,1,1,True
1207378484,1.0,1.0,1.0,1.0,2020-03-17 16:00:00+00:00,2020-03-17 16:00:00+00:00,9,9,True
1207379975,,,,,,,7,0,True
1207380441,2.0,2.0,2.0,1.0,2020-03-18 16:00:00+00:00,2020-03-18 16:00:00+00:00,10,9,True
1207380710,,,,,,,10,0,True
1207380729,,,,,,,10,0,True
1207381100,,,,,,,10,0,True
1207381196,,,,,,,10,0,True
1207381245,,,,,,,10,0,True
1207381338,,,,,,,10,0,True
1207381352,,,,,,,5,0,True
1207381473,,,,,,,10,0,True
1207382984,,,,,,,10,0,True
1207383367,,,,,,,10,0,True
1207383918,,,,,,,10,0,True
1207383919,,,,,,,10,0,True
1207383920,,,,,,,8,0,True
1207383940,,,,,,,6,5,True
1207385513,,,,,,,7,0,True
1207385560,,,,,,,10,10,True
1207385749,,,,,,,10,0,True
1207385933,,,,,,,10,0,True
1207385949,,,,,,,10,0,True
1207386082,,,,,,,10,0,True
1207386090,,,,,,,10,0,True
1207386190,,,,,,,8,7,True
1207386306,,,,,,,8,8,True
1207386444,,,,,,,7,7,True
1207386799,,,,,,,10,0,True
1207386986,,,,,,,10,0,True
1207387061,,,,,,,10,1,True
1207387142,,,,,,,10,0,True
1207387185,,,,,,,10,0,True
1207387290,,,,,,,10,0,True
1207387388,,,,,,,6,1,True
1207387418,,,,,,,8,0,True
1207387522,,,,,,,10,0,True
1207387542,,,,,,,10,0,True
1207387573,,,,,,,10,0,True
1207387592,,,,,,,10,0,True
1207387694,,,,,,,10,0,True
1207389258,,,,,,,7,7,True
1207389423,,,,,,,10,10,True
1207389561,,,,,,,10,10,True
1207389760,,,,,,,10,0,True
1207389776,,,,,,,10,10,True
1207389894,,,,,,,10,0,True
1207389942,,,,,,,5,0,True
1207389994,,,,,,,10,0,True
1207390205,,,,,,,10,0,True
1207390442,,,,,,,10,0,True
1207390546,,,,,,,10,0,True
1207390792,,,,,,,7,0,True
1207390933,,,,,,,10,0,True
1207390982,,,,,,,9,0,True
1207391049,,,,,,,10,0,True
1207391167,,,,,,,9,0,True
1207391207,,,,,,,10,0,True
1207393259,,,,,,,8,8,True
1207393304,,,,,,,10,0,True
1207393369,,,,,,,7,7,True
1207393609,,,,,,,10,0,True
1207393905,,,,,,,10,0,True
1207394024,1.0,1.0,1.0,1.0,2020-03-24 16:00:00+00:00,2020-03-24 16:00:00+00:00,10,10,True
1207394080,,,,,,,10,0,True
1207394238,,,,,,,10,0,True
1207394278,,,,,,,8,0,True
1207394659,,,,,,,6,6,True
1207394853,,,,,,,10,0,True
1207395018,,,,,,,9,0,True
1207395042,,,,,,,9,1,True
1207395081,,,,,,,7,0,True
1207395127,,,,,,,10,0,True
1207395267,,,,,,,10,10,True
1207395344,,,,,,,10,0,True
1207395369,,,,,,,10,0,True
1207395450,,,,,,,10,0,True
1207395478,,,,,,,7,0,True
1207397792,,,,,,,6,1,True
1207398266,,,,,,,10,0,True
1207398373,,,,,,,10,4,True
1207398651,,,,,,,10,1,True
1207398766,,,,,,,5,5,True
1207398830,,,,,,,7,0,True
1207398868,,,,,,,10,0,True
1207398889,,,,,,,5,5,True
1207399114,,,,,,,10,10,True
1207399342,,,,,,,10,0,True
1207399501,,,,,,,10,0,True
1207399625,,,,,,,10,10,True
1207399635,,,,,,,10,0,True
1207399701,,,,,,,10,0,True
1207399752,,,,,,,10,0,True
1207399833,,,,,,,10,0,True
1207403241,,,,,,,2,2,True
1207403347,,,,,,,10,0,True
1207403683,,,,,,,10,0,True
1207403918,,,,,,,10,0,True
1207403977,,,,,,,10,10,True
1207404008,,,,,,,10,0,True
1207404092,,,,,,,10,10,True
1207404198,,,,,,,10,10,True
1207404233,,,,,,,10,10,True
1207404344,,,,,,,9,0,True
1207404396,,,,,,,9,0,True
1207404449,,,,,,,6,0,True
1207404472,,,,,,,10,10,True
1207404486,,,,,,,10,0,True
1207404545,,,,,,,10,0,True
1207404638,,,,,,,10,0,True
1207404642,,,,,,,10,0,True
1207404747,,,,,,,10,10,True
1207404769,,,,,,,10,10,True
1207404836,,,,,,,10,0,True
1207404884,,,,,,,7,1,True
1207405043,,,,,,,6,0,True
1207405064,,,,,,,10,0,True
1207405117,,,,,,,10,0,True
1207405169,2.0,2.0,2.0,1.0,2020-03-26 16:00:00+00:00,2020-03-26 16:00:00+00:00,10,10,True
1207405187,,,,,,,10,0,True
1207405217,,,,,,,10,0,True
1207409080,,,,,,,10,0,True
1207409117,,,,,,,10,0,True
1207409725,1.0,1.0,1.0,1.0,2020-03-27 16:00:00+00:00,2020-03-27 16:00:00+00:00,10,10,True
1207409805,,,,,,,10,0,True
1207409910,,,,,,,6,5,True
1207409937,,,,,,,9,0,True
1207410014,,,,,,,8,0,True
1207410210,2.0,2.0,1.0,2.0,2020-03-27 16:00:00+00:00,2020-03-27 16:00:00+00:00,10,10,True
1207410256,,,,,,,5,5,True
1207410434,,,,,,,5,0,True
1207410516,,,,,,,1,1,True
1207410680,1.0,1.0,1.0,1.0,2020-03-27 16:00:00+00:00,2020-03-27 16:00:00+00:00,15,4,True
1207410698,,,,,,,8,0,True
1207410745,,,,,,,10,0,True
1207410795,,,,,,,10,0,True
1207410828,,,,,,,10,0,True
1207410896,,,,,,,8,8,True
1207410956,,,,,,,5,5,True
1207411007,,,,,,,10,0,True
1207411031,,,,,,,10,0,True
1207411080,,,,,,,10,0,True
1207411102,,,,,,,10,0,True
1207411193,,,,,,,10,0,True
1207411208,,,,,,,10,0,True
1207411230,,,,,,,5,5,True
1207411307,,,,,,,10,0,True
1207411615,,,,,,,7,0,True
1207415733,,,,,,,8,8,True
1207415800,,,,,,,10,0,True
1207415830,,,,,,,10,10,True
1207415975,,,,,,,10,0,True
1207416018,,,,,,,10,0,True
1207416259,,,,,,,10,0,True
1207416295,,,,,,,10,0,True
1207416391,,,,,,,6,6,True
1207416497,,,,,,,11,1,True
1207416639,,,,,,,10,0,True
1207416645,,,,,,,10,10,True
1207416685,1.0,1.0,1.0,1.0,2020-03-28 16:00:00+00:00,2020-03-28 16:00:00+00:00,7,7,True
1207416776,,,,,,,5,5,True
1207416856,,,,,,,10,0,True
1207416921,,,,,,,10,5,True
1207416928,,,,,,,10,0,True
1207416992,,,,,,,10,10,True
1207417028,,,,,,,10,0,True
1207417048,,,,,,,10,0,True
1207417096,,,,,,,10,0,True
1207417143,,,,,,,10,0,True
1207417181,,,,,,,10,0,True
1207417276,,,,,,,5,5,True
1207417298,,,,,,,10,0,True
1207417319,,,,,,,10,0,True
1207417378,,,,,,,8,0,True
1207417400,,,,,,,10,0,True
1207417455,,,,,,,7,2,True
1207417494,,,,,,,10,0,True
1207417529,,,,,,,10,0,True
1207417584,,,,,,,10,0,True
1207417614,,,,,,,7,7,True
1207417650,,,,,,,10,0,True
1207417994,,,,,,,10,0,True
1207418145,,,,,,,10,0,True
1207418330,,,,,,,10,0,True
1207418368,,,,,,,10,6,True
1207418426,,,,,,,10,0,True
1207418483,,,,,,,10,0,True
1207418564,,,,,,,10,0,True
1207418639,,,,,,,10,0,True
1207418663,1.0,1.0,1.0,1.0,2020-03-28 16:00:00+00:00,2020-03-28 16:00:00+00:00,6,5,True
1207418702,,,,,,,10,10,True
1207418708,,,,,,,10,0,True
1207418930,,,,,,,6,0,True
1207418971,,,,,,,10,0,True
1207419026,,,,,,,10,0,True
1207419175,,,,,,,10,0,True
1207419253,,,,,,,8,0,True
1207419292,,,,,,,9,0,True
1207419430,,,,,,,10,10,True
1207419502,,,,,,,10,0,True
1207419687,,,,,,,10,0,True
1207419691,,,,,,,10,0,True
1207419754,,,,,,,10,0,True
1207419958,,,,,,,10,0,True
1207423443,,,,,,,5,0,True
1207423476,,,,,,,10,0,True
1207423495,,,,,,,8,0,True
1207423665,,,,,,,1,1,True
1207423764,,,,,,,10,10,True
1207426852,,,,,,,10,0,True
1207426933,,,,,,,5,5,True
1207426984,,,,,,,10,0,True
1207427052,,,,,,,10,0,True
1207427094,,,,,,,10,10,True
1207427164,,,,,,,10,0,True
1207427168,,,,,,,10,10,True
1207427333,,,,,,,10,0,True
1207427363,,,,,,,10,0,True
1207427513,,,,,,,10,0,True
1207427568,,,,,,,10,0,True
1207427623,,,,,,,10,0,True
1207427990,,,,,,,10,0,True
1207428004,2.0,2.0,1.0,2.0,2020-03-31 16:00:00+00:00,2020-03-31 16:00:00+00:00,10,10,True
1207428112,,,,,,,10,0,True
1207428213,,,,,,,10,0,True
1207428337,,,,,,,8,0,True
1207428374,,,,,,,10,0,True
1207428391,,,,,,,10,10,True
1207428447,,,,,,,10,0,True
1207428513,,,,,,,10,0,True
1207428625,,,,,,,10,9,True
1207428683,,,,,,,6,0,True
1207428709,,,,,,,10,0,True
1207428734,,,,,,,10,0,True
1207428852,,,,,,,10,0,True
1207428895,,,,,,,10,1,True
1207428914,,,,,,,10,10,True
1207428951,,,,,,,6,0,True
1207428990,,,,,,,7,0,True
1207429051,,,,,,,10,0,True
1207429176,,,,,,,10,0,True
1207429212,,,,,,,10,0,True
1207429242,,,,,,,7,7,True
1207429318,,,,,,,10,0,True
1207429366,,,,,,,8,5,True
1207429404,,,,,,,15,15,True
1207429436,,,,,,,10,0,True
1207429472,,,,,,,6,0,True
1207429528,,,,,,,10,0,True
1207429583,,,,,,,8,0,True
1207429665,,,,,,,10,0,True
1207429758,,,,,,,2,2,True
1207429802,,,,,,,10,0,True
1207429820,,,,,,,10,1,True
1207429850,,,,,,,6,0,True
1207429908,,,,,,,10,0,True
1207429957,,,,,,,10,0,True
1207430016,,,,,,,10,0,True
1207430220,3.0,3.0,1.0,3.0,2020-03-31 16:00:00+00:00,2020-03-31 16:00:00+00:00,10,10,True
1207430228,,,,,,,9,0,True
1207430297,,,,,,,10,0,True
1207430336,,,,,,,10,0,True
1207430426,,,,,,,7,0,True
1207430499,,,,,,,10,0,True
1207430521,,,,,,,10,0,True
1207430596,,,,,,,10,0,True
1207430630,,,,,,,5,4,True
1207430634,,,,,,,10,10,True
1207430714,,,,,,,10,0,True
1207430764,,,,,,,9,0,True
1207430785,,,,,,,10,0,True
1207430863,,,,,,,10,10,True
1207430902,,,,,,,8,0,True
1207430905,,,,,,,9,0,True
1207430970,,,,,,,10,0,True
1207430997,,,,,,,10,5,True
1207431065,,,,,,,10,0,True
1207431112,,,,,,,6,0,True
1207431143,,,,,,,10,0,True
1207431182,,,,,,,9,0,True
1207431270,,,,,,,10,10,True
1207431288,,,,,,,6,0,True
1207431316,,,,,,,14,14,True
1207431493,,,,,,,10,0,True
1207431561,,,,,,,10,0,True
1207431599,,,,,,,10,0,True
1207431668,,,,,,,10,0,True
1207431725,,,,,,,6,0,True
1207431755,,,,,,,6,0,True
1207431920,,,,,,,8,8,True
1207432021,,,,,,,5,5,True
1207432379,,,,,,,10,0,True
1207432403,,,,,,,10,5,True
1207432412,,,,,,,5,5,True
1207432697,,,,,,,6,1,True
1207432713,,,,,,,10,0,True
1207432775,,,,,,,10,0,True
1207432812,,,,,,,10,0,True
1207432824,,,,,,,10,0,True
1207432875,,,,,,,10,0,True
1207432885,,,,,,,10,0,True
1207432933,,,,,,,10,10,True
1207433108,,,,,,,5,5,True
1207437423,,,,,,,10,0,True
1207438007,,,,,,,10,0,True
1207440132,,,,,,,8,0,True
1207440179,,,,,,,10,10,True
1207440563,,,,,,,7,7,True
1207440697,,,,,,,10,0,True
1207440813,,,,,,,10,5,True
1207440866,,,,,,,5,5,True
1207441052,,,,,,,10,0,True
1207441101,,,,,,,7,0,True
1207441139,,,,,,,10,0,True
1207441212,,,,,,,7,0,True
1207441353,,,,,,,10,1,True
1207441480,,,,,,,5,0,True
1207441512,,,,,,,10,2,True
1207441536,,,,,,,10,10,True
1207446139,,,,,,,10,0,True
1207446211,,,,,,,10,0,True
1207447279,,,,,,,7,0,True
1207447356,,,,,,,9,0,True
1207447609,,,,,,,10,0,True
1207447767,,,,,,,10,0,True
1207447863,,,,,,,10,0,True
1207448105,,,,,,,10,2,True
1207448233,2.0,2.0,2.0,2.0,2020-04-02 16:00:00+00:00,2020-04-02 16:00:00+00:00,10,10,True
1207448672,,,,,,,10,0,True
1207448748,,,,,,,10,0,True
1207448766,,,,,,,10,0,True
1207448810,,,,,,,10,0,True
1207448949,,,,,,,10,2,True
1207448969,1.0,1.0,1.0,1.0,2020-04-02 16:00:00+00:00,2020-04-02 16:00:00+00:00,10,10,True
1207448993,,,,,,,5,0,True
1207451071,,,,,,,10,10,True
1207451252,,,,,,,10,0,True
1207451325,,,,,,,10,0,True
1207451382,,,,,,,10,0,True
1207451612,,,,,,,10,0,True
1207451765,,,,,,,10,0,True
1207451838,1.0,1.0,1.0,1.0,2020-04-03 16:00:00+00:00,2020-04-03 16:00:00+00:00,10,10,True
1207451884,,,,,,,10,0,True
1207452107,,,,,,,10,0,True
1207452187,,,,,,,5,0,True
1207452317,,,,,,,6,1,True
1207452350,,,,,,,8,0,True
1207452649,,,,,,,10,0,True
1207452729,,,,,,,10,0,True
1207452976,,,,,,,10,0,True
1207453056,,,,,,,9,0,True
1207453140,,,,,,,10,0,True
1207453170,,,,,,,10,0,True
1207453225,,,,,,,9,0,True
1207453818,,,,,,,10,0,True
1207457216,,,,,,,10,0,True
1207457697,,,,,,,10,0,True
1207457913,,,,,,,9,0,True
1207458048,,,,,,,10,0,True
1207458622,,,,,,,10,0,True
1207458677,,,,,,,10,0,True
1207458707,,,,,,,10,0,True
1207458735,,,,,,,10,0,True
1207461093,,,,,,,5,5,True
1207461532,,,,,,,10,0,True
1207461604,,,,,,,8,0,True
1207461695,,,,,,,10,0,True
1207461869,,,,,,,10,0,True
1207461962,,,,,,,10,0,True
1207462419,,,,,,,10,0,True
1207462458,,,,,,,10,0,True
1207462725,,,,,,,15,0,True
1207462868,,,,,,,10,0,True
1207462891,,,,,,,10,0,True
1207462932,,,,,,,9,0,True
1207463027,,,,,,,10,0,True
1207463158,,,,,,,10,10,True
1207463189,,,,,,,10,0,True
1207463222,,,,,,,10,0,True
1207466920,,,,,,,10,0,True
1207467139,1.0,1.0,1.0,1.0,2020-04-09 16:00:00+00:00,2020-04-09 16:00:00+00:00,6,6,True
1207467167,,,,,,,8,8,True
1207467261,,,,,,,10,0,True
1207467321,,,,,,,10,0,True
1207467441,,,,,,,10,0,True
1207467499,,,,,,,5,5,True
1207467581,,,,,,,9,8,True
1207467701,,,,,,,10,0,True
1207467805,,,,,,,10,0,True
1207468181,,,,,,,10,0,True
1207468340,,,,,,,10,0,True
1207468393,,,,,,,10,0,True
1207468483,,,,,,,10,0,True
1207468519,,,,,,,10,0,True
1207468535,,,,,,,8,8,True
1207468587,,,,,,,10,0,True
1207468597,,,,,,,8,0,True
1207468686,,,,,,,6,0,True
1207468742,,,,,,,10,0,True
1207468747,,,,,,,7,7,True
1207468978,,,,,,,10,0,True
1207469045,,,,,,,9,0,True
1207470685,,,,,,,10,0,True
1207470737,2.0,2.0,1.0,2.0,2020-04-10 16:00:00+00:00,2020-04-10 16:00:00+00:00,9,9,True
1207470829,,,,,,,8,8,True
1207470989,,,,,,,6,0,True
1207471098,,,,,,,10,0,True
1207471375,,,,,,,10,10,True
1207471420,,,,,,,8,0,True
1207471532,,,,,,,10,0,True
1207471563,,,,,,,10,0,True
1207471688,,,,,,,10,0,True
1207471741,,,,,,,10,0,True
1207471844,,,,,,,10,1,True
1207472001,,,,,,,10,0,True
1207472145,,,,,,,9,0,True
1207472202,,,,,,,10,0,True
1207472270,,,,,,,10,10,True
1207472304,,,,,,,10,0,True
1207472332,1.0,1.0,1.0,1.0,2020-04-10 16:00:00+00:00,2020-04-10 16:00:00+00:00,10,10,True
1207472368,,,,,,,10,0,True
1207472527,,,,,,,10,0,True
1207472566,1.0,1.0,1.0,1.0,2020-04-10 16:00:00+00:00,2020-04-10 16:00:00+00:00,10,10,True
1207472821,,,,,,,10,2,True
1207472826,,,,,,,10,0,True
1207472897,,,,,,,10,5,True
1207472992,,,,,,,8,0,True
1207473033,,,,,,,9,0,True
1207473136,,,,,,,10,0,True
1207473158,,,,,,,10,10,True
1207473306,,,,,,,10,1,True
1207473351,,,,,,,10,0,True
1207473399,,,,,,,10,0,True
1207473436,,,,,,,10,0,True
1207473469,,,,,,,10,1,True
1207473633,1.0,1.0,1.0,1.0,2020-04-10 16:00:00+00:00,2020-04-10 16:00:00+00:00,10,10,True
1207473670,,,,,,,10,0,True
1207473796,,,,,,,10,10,True
1207474031,,,,,,,5,0,True
1207474128,,,,,,,10,0,True
1207474268,,,,,,,4,2,True
1207474332,,,,,,,6,3,True
1207474422,,,,,,,10,0,True
1207474447,,,,,,,10,0,True
1207474500,,,,,,,10,0,True
1207474545,,,,,,,10,0,True
1207474552,,,,,,,10,0,True
1207474770,,,,,,,10,0,True
1207474792,,,,,,,8,8,True
1207474875,,,,,,,6,0,True
1207474879,,,,,,,10,0,True
1207474910,,,,,,,10,0,True
1207474965,,,,,,,9,0,True
1207474971,,,,,,,10,0,True
1207475051,,,,,,,10,0,True
1207475080,,,,,,,10,0,True
1207475125,,,,,,,5,5,True
1207480454,,,,,,,10,0,True
1207480610,,,,,,,10,0,True
1207480705,,,,,,,10,0,True
1207481039,,,,,,,15,0,True
1207481239,,,,,,,9,3,True
1207481295,,,,,,,9,9,True
1207481354,,,,,,,10,0,True
1207481479,,,,,,,10,0,True
1207481528,,,,,,,10,0,True
1207481619,,,,,,,5,0,True
1207481697,,,,,,,7,0,True
1207482054,,,,,,,9,4,True
1207482141,,,,,,,10,0,True
1207482312,,,,,,,6,0,True
1207482393,,,,,,,9,9,True
1207482493,,,,,,,10,0,True
1207482535,,,,,,,10,0,True
1207482561,,,,,,,10,0,True
1207482614,,,,,,,9,0,True
1207482621,,,,,,,10,10,True
1207482673,,,,,,,2,0,True
1207482761,,,,,,,10,10,True
1207482893,,,,,,,10,0,True
1207482903,,,,,,,10,5,True
1207482977,,,,,,,9,0,True
1207483051,,,,,,,10,0,True
1207483100,,,,,,,10,10,True
1207483132,,,,,,,10,0,True
1207483173,,,,,,,5,0,True
1207483238,,,,,,,2,2,True
1207488162,,,,,,,10,0,True
1207489969,,,,,,,10,0,True
1207490233,,,,,,,10,0,True
1207490381,,,,,,,10,0,True
1207490425,,,,,,,10,0,True
1207490656,,,,,,,10,0,True
1207490729,,,,,,,10,0,True
1207490793,,,,,,,6,0,True
1207490893,,,,,,,10,0,True
1207491124,,,,,,,5,0,True
1207491190,,,,,,,10,0,True
1207491226,,,,,,,10,0,True
1207491272,,,,,,,10,0,True
1207491408,,,,,,,9,0,True
1207491514,,,,,,,6,0,True
1207491524,,,,,,,10,0,True
1207491596,,,,,,,10,0,True
1207491604,,,,,,,10,0,True
1207491733,,,,,,,10,0,True
1207491774,,,,,,,9,9,True
1207491914,,,,,,,5,0,True
1207492054,,,,,,,6,0,True
1207492095,,,,,,,7,0,True
1207492127,,,,,,,10,0,True
1207492174,,,,,,,10,0,True
1207492327,,,,,,,10,5,True
1207492382,,,,,,,6,0,True
1207492460,,,,,,,8,0,True
1207496796,,,,,,,10,0,True
1207497571,,,,,,,10,0,True
1207497621,1.0,1.0,1.0,1.0,2020-04-15 16:00:00+00:00,2020-04-15 16:00:00+00:00,10,10,True
1207497649,,,,,,,10,0,True
1207497703,,,,,,,10,10,True
1207497774,,,,,,,10,0,True
1207498059,,,,,,,10,0,True
1207498170,,,,,,,10,10,True
1207498199,,,,,,,10,0,True
1207498253,,,,,,,10,0,True
1207498289,1.0,1.0,1.0,1.0,2020-04-15 16:00:00+00:00,2020-04-15 16:00:00+00:00,10,10,True
1207498318,,,,,,,10,0,True
1207498364,,,,,,,10,0,True
1207498377,,,,,,,10,10,True
1207498393,,,,,,,10,0,True
1207498456,,,,,,,10,0,True
1207498503,,,,,,,10,0,True
1207498643,,,,,,,10,0,True
1207498667,,,,,,,10,0,True
1207498701,,,,,,,10,0,True
1207498718,,,,,,,10,0,True
1207498733,,,,,,,10,0,True
1207498759,,,,,,,10,0,True
1207498808,,,,,,,10,0,True
1207498827,,,,,,,10,10,True
1207498888,,,,,,,10,0,True
1207498968,,,,,,,10,10,True
1207499064,,,,,,,10,0,True
1207499144,,,,,,,10,10,True
1207499194,,,,,,,10,0,True
1207499285,,,,,,,9,0,True
1207499308,,,,,,,2,0,True
1207499429,,,,,,,10,10,True
1207499436,,,,,,,10,0,True
1207499588,,,,,,,7,0,True
1207499634,,,,,,,6,0,True
1207499677,,,,,,,10,0,True
1207499711,,,,,,,10,0,True
1207499762,,,,,,,10,0,True
1207499820,,,,,,,10,0,True
1207500156,2.0,2.0,1.0,2.0,2020-04-15 16:00:00+00:00,2020-04-15 16:00:00+00:00,10,10,True
1207500311,,,,,,,5,5,True
1207500336,,,,,,,10,0,True
1207500442,,,,,,,10,0,True
1207500522,,,,,,,10,0,True
1207500684,,,,,,,10,0,True
1207500711,,,,,,,4,3,True
1207500837,,,,,,,8,0,True
1207501037,,,,,,,10,1,True
1207501052,,,,,,,9,9,True
1207501105,,,,,,,10,0,True
1207501163,,,,,,,10,0,True
1207501269,,,,,,,10,0,True
1207501350,,,,,,,10,0,True
1207505408,,,,,,,10,0,True
1207505432,,,,,,,10,3,True
1207505494,,,,,,,10,0,True
1207505610,,,,,,,5,0,True
1207505726,,,,,,,7,7,True
1207505756,,,,,,,10,5,True
1207505800,,,,,,,10,0,True
1207505912,,,,,,,10,0,True
1207506184,,,,,,,10,0,True
1207506238,,,,,,,10,0,True
1207506511,,,,,,,10,0,True
1207506521,,,,,,,10,0,True
1207506649,,,,,,,9,0,True
1207506698,,,,,,,10,0,True
1207506728,,,,,,,5,0,True
1207506844,,,,,,,10,0,True
1207506943,,,,,,,10,0,True
1207506972,,,,,,,7,0,True
1207507006,,,,,,,9,0,True
1207507034,,,,,,,8,8,True
1207507081,,,,,,,10,0,True
1207507234,,,,,,,10,0,True
1207507249,,,,,,,10,0,True
1207507342,,,,,,,10,0,True
1207507374,,,,,,,10,0,True
1207507407,,,,,,,12,5,True
1207507439,,,,,,,18,14,True
1207507443,,,,,,,10,10,True
1207507515,,,,,,,10,0,True
1207507584,,,,,,,10,0,True
1207507635,,,,,,,10,0,True
1207507652,,,,,,,5,0,True
1207507754,,,,,,,10,10,True
1207507778,,,,,,,5,0,True
1207507813,,,,,,,10,0,True
1207507854,,,,,,,10,0,True
1207507992,,,,,,,10,0,True
1207508014,,,,,,,10,0,True
1207508017,,,,,,,10,0,True
1207508183,,,,,,,10,0,True
1207508191,,,,,,,7,7,True
1207513456,,,,,,,3,3,True
1207513516,,,,,,,7,7,True
1207513643,,,,,,,10,0,True
1207513738,,,,,,,5,5,True
1207513805,,,,,,,1,1,True
1207513836,,,,,,,5,5,True
1207513859,,,,,,,5,0,True
1207514060,,,,,,,10,10,True
1207514109,,,,,,,6,0,True
1207514186,,,,,,,5,0,True
1207514261,,,,,,,10,0,True
1207514367,,,,,,,8,0,True
1207514380,,,,,,,9,0,True
1207514500,,,,,,,9,0,True
1207514606,,,,,,,6,0,True
1207514673,,,,,,,10,0,True
1207514744,,,,,,,6,6,True
1207514748,,,,,,,10,0,True
1207514814,,,,,,,10,0,True
1207514864,,,,,,,10,0,True
1207514901,,,,,,,10,0,True
1207514927,,,,,,,10,0,True
1207514969,,,,,,,7,0,True
1207515007,,,,,,,11,1,True
1207515012,,,,,,,10,0,True
1207515053,,,,,,,10,0,True
1207515109,,,,,,,10,0,True
1207515140,,,,,,,10,0,True
1207515197,,,,,,,10,0,True
1207515237,,,,,,,10,0,True
1207515278,,,,,,,10,0,True
1207515352,,,,,,,10,0,True
1207515389,,,,,,,10,0,True
1207515411,,,,,,,10,0,True
1207515493,,,,,,,10,0,True
1207515498,,,,,,,10,0,True
1207515551,,,,,,,10,0,True
1207515559,,,,,,,10,0,True
1207515609,,,,,,,10,0,True
1207515637,,,,,,,9,0,True
1207515673,,,,,,,10,0,True
1207515702,,,,,,,6,0,True
1207515711,,,,,,,10,0,True
1207516419,,,,,,,10,0,True
1207516425,,,,,,,10,0,True
1207516478,,,,,,,5,5,True
1207516505,,,,,,,2,0,True
1207516915,,,,,,,5,0,True
1207522122,,,,,,,10,0,True
1207522164,,,,,,,10,0,True
1207522217,,,,,,,6,0,True
1207522227,,,,,,,10,0,True
1207522351,,,,,,,10,0,True
1207522374,,,,,,,10,0,True
1207522497,,,,,,,10,0,True
1207522685,,,,,,,10,0,True
1207522692,,,,,,,4,4,True
1207522729,,,,,,,10,0,True
1207522807,,,,,,,6,0,True
1207522850,,,,,,,8,0,True
1207522895,,,,,,,10,0,True
1207522951,,,,,,,15,5,True
1207523075,,,,,,,10,10,True
1207523110,,,,,,,10,10,True
1207523222,,,,,,,10,0,True
1207523252,,,,,,,10,5,True
1207523303,,,,,,,9,0,True
1207523391,,,,,,,10,0,True
1207523411,,,,,,,10,0,True
1207523449,,,,,,,10,0,True
1207523539,,,,,,,6,0,True
1207523571,,,,,,,10,0,True
1207523615,,,,,,,7,0,True
1207523688,,,,,,,6,6,True
1207523778,,,,,,,10,0,True
1207523847,,,,,,,10,0,True
1207523866,,,,,,,10,10,True
1207523903,,,,,,,15,5,True
1207523959,,,,,,,7,7,True
1207524049,,,,,,,10,0,True
1207524078,,,,,,,10,0,True
1207524199,,,,,,,10,0,True
1207524232,1.0,1.0,1.0,1.0,2020-04-20 16:00:00+00:00,2020-04-20 16:00:00+00:00,10,10,True
1207524240,,,,,,,10,0,True
1207524328,,,,,,,6,6,True
1207524368,,,,,,,7,0,True
1207524406,,,,,,,10,0,True
1207524459,,,,,,,6,0,True
1207524517,,,,,,,5,5,True
1207524560,,,,,,,10,0,True
1207524667,,,,,,,6,0,True
1207524693,,,,,,,8,0,True
1207524776,,,,,,,10,0,True
1207524799,,,,,,,10,10,True
1207524840,,,,,,,7,0,True
1207524881,,,,,,,10,0,True
1207524884,,,,,,,10,0,True
1207524967,,,,,,,6,0,True
1207524979,,,,,,,6,6,True
1207525087,,,,,,,10,0,True
1207525131,,,,,,,10,0,True
1207525199,,,,,,,2,2,True
1207525233,,,,,,,10,0,True
1207525265,,,,,,,10,0,True
1207525325,,,,,,,10,0,True
1207525365,,,,,,,10,0,True
1207525419,,,,,,,10,0,True
1207525461,,,,,,,10,0,True
1207525471,,,,,,,10,0,True
1207525525,,,,,,,8,0,True
1207525577,,,,,,,10,1,True
1207525675,,,,,,,10,0,True
1207525698,,,,,,,10,0,True
1207525774,,,,,,,10,0,True
1207525817,,,,,,,10,0,True
1207525852,,,,,,,10,0,True
1207525911,,,,,,,10,0,True
1207525956,,,,,,,10,0,True
1207525989,,,,,,,10,0,True
1207526015,,,,,,,6,1,True
1207526074,,,,,,,8,3,True
1207526125,,,,,,,10,10,True
1207526162,,,,,,,10,10,True
1207526172,,,,,,,10,0,True
1207526203,,,,,,,10,0,True
1207527787,,,,,,,10,0,True
1207527863,1.0,1.0,1.0,1.0,2020-04-18 16:00:00+00:00,2020-04-18 16:00:00+00:00,6,6,True
1207527934,,,,,,,5,0,True
1207527975,,,,,,,5,1,True
1207528025,,,,,,,10,0,True
1207528275,,,,,,,5,0,True
1207528476,,,,,,,10,10,True
1207528683,,,,,,,10,0,True
1207528745,,,,,,,10,10,True
1207528800,,,,,,,10,0,True
1207528963,,,,,,,10,0,True
1207529078,,,,,,,10,0,True
1207529116,,,,,,,10,1,True
1207534133,,,,,,,10,0,True
1207534258,,,,,,,10,10,True
1207534531,,,,,,,10,0,True
1207534659,,,,,,,10,10,True
1207534728,,,,,,,10,0,True
1207534744,,,,,,,10,10,True
1207534750,,,,,,,10,0,True
1207534782,,,,,,,10,0,True
1207537454,,,,,,,10,0,True
1207537597,,,,,,,5,0,True
1207537771,,,,,,,10,10,True
1207537807,,,,,,,8,4,True
1207537927,,,,,,,10,0,True
1207537982,,,,,,,10,0,True
1207538014,,,,,,,7,0,True
1207538023,,,,,,,9,0,True
1207538100,,,,,,,10,10,True
1207538278,,,,,,,7,7,True
1207538348,,,,,,,10,0,True
1207538415,,,,,,,10,0,True
1207538482,,,,,,,8,0,True
1207538513,,,,,,,10,0,True
1207538545,,,,,,,10,0,True
1207538608,,,,,,,10,0,True
1207538611,,,,,,,10,0,True
1207538663,,,,,,,10,0,True
1207538714,,,,,,,10,0,True
1207538731,,,,,,,8,8,True
1207538764,,,,,,,10,5,True
1207538796,,,,,,,10,0,True
1207538899,,,,,,,8,5,True
1207538920,,,,,,,10,0,True
1207538986,,,,,,,10,0,True
1207539004,,,,,,,10,0,True
1207539053,,,,,,,5,5,True
1207539164,,,,,,,6,6,True
1207539170,,,,,,,10,0,True
1207539252,,,,,,,7,0,True
1207539269,,,,,,,10,10,True
1207539285,,,,,,,10,0,True
1207539365,,,,,,,10,10,True
1207539424,,,,,,,10,0,True
1207539471,,,,,,,10,0,True
1207539530,,,,,,,10,1,True
1207539625,,,,,,,9,0,True
1207539669,,,,,,,10,0,True
1207539708,,,,,,,10,0,True
1207539830,,,,,,,10,0,True
1207539863,,,,,,,7,7,True
1207539966,,,,,,,7,0,True
1207539976,,,,,,,10,10,True
1207540038,,,,,,,10,0,True
1207540059,,,,,,,10,0,True
1207540102,,,,,,,10,0,True
1207540121,,,,,,,10,0,True
1207540204,,,,,,,10,0,True
1207540246,,,,,,,10,10,True
1207540316,,,,,,,10,0,True
1207540380,,,,,,,10,0,True
1207540449,,,,,,,8,0,True
1207540487,,,,,,,9,0,True
1207540544,,,,,,,10,0,True
1207540561,,,,,,,10,10,True
1207540595,,,,,,,10,0,True
1207540631,,,,,,,10,0,True
1207540689,,,,,,,10,0,True
1207540719,,,,,,,10,0,True
1207540805,,,,,,,10,0,True
1207540883,,,,,,,9,0,True
1207540890,,,,,,,10,0,True
1207540965,,,,,,,10,0,True
1207540968,,,,,,,10,0,True
1207541012,,,,,,,7,0,True
1207541075,,,,,,,9,0,True
1207541146,,,,,,,10,0,True
1207541226,,,,,,,6,0,True
1207541270,,,,,,,10,0,True
1207541296,,,,,,,10,0,True
1207541347,,,,,,,10,0,True
1207541377,,,,,,,9,0,True
1207541435,,,,,,,10,0,True
1207541489,,,,,,,10,0,True
1207541493,,,,,,,8,8,True
1207541545,,,,,,,10,0,True
1207541575,,,,,,,10,10,True
1207541595,,,,,,,10,0,True
1207541597,,,,,,,10,0,True
1207541630,,,,,,,10,0,True
1207541699,,,,,,,7,0,True
1207541733,,,,,,,10,0,True
1207541745,,,,,,,7,0,True
1207541786,,,,,,,10,0,True
1207541810,,,,,,,10,10,True
1207541839,,,,,,,10,0,True
1207541873,,,,,,,10,0,True
1207541969,,,,,,,5,0,True
1207542015,,,,,,,10,0,True
1207542030,,,,,,,5,0,True
1207542208,,,,,,,6,2,True
1207542355,,,,,,,8,0,True
1207542671,,,,,,,10,10,True
1207542976,,,,,,,10,0,True
1207543041,,,,,,,10,0,True
1207543334,,,,,,,10,0,True
1207543395,,,,,,,10,0,True
1207543453,,,,,,,5,0,True
1207543627,,,,,,,10,0,True
1207543651,1.0,1.0,1.0,1.0,2020-04-21 16:00:00+00:00,2020-04-21 16:00:00+00:00,10,10,True
1207543695,,,,,,,10,0,True
1207543701,,,,,,,10,5,True
1207547788,,,,,,,10,0,True
1207547994,,,,,,,10,0,True
1207548267,,,,,,,5,5,True
1207548391,,,,,,,10,10,True
1207548416,,,,,,,10,0,True
1207548807,,,,,,,10,2,True
1207548976,,,,,,,10,10,True
1207549105,,,,,,,10,0,True
1207549147,,,,,,,10,0,True
1207549219,,,,,,,10,0,True
1207549280,,,,,,,6,0,True
1207549349,,,,,,,8,0,True
1207549449,,,,,,,10,0,True
1207549534,,,,,,,7,7,True
1207549660,,,,,,,10,0,True
1207549816,,,,,,,10,0,True
1207549843,,,,,,,9,0,True
1207549918,,,,,,,9,0,True
1207550150,,,,,,,10,0,True
1207550311,,,,,,,10,0,True
1207550442,,,,,,,8,0,True
1207550480,1.0,1.0,1.0,1.0,2020-04-22 16:00:00+00:00,2020-04-22 16:00:00+00:00,10,9,True
1207550532,,,,,,,10,10,True
1207550646,,,,,,,10,0,True
1207550692,,,,,,,10,0,True
1207550752,,,,,,,10,0,True
1207550920,,,,,,,10,0,True
1207551036,,,,,,,8,0,True
1207551044,,,,,,,10,0,True
1207551281,,,,,,,10,0,True
1207551282,,,,,,,10,0,True
1207551316,,,,,,,6,0,True
1207551606,,,,,,,10,0,True
1207551615,,,,,,,10,0,True
1207551720,,,,,,,10,0,True
1207551756,,,,,,,5,0,True
1207551831,,,,,,,9,0,True
1207551875,,,,,,,10,0,True
1207551882,,,,,,,9,0,True
1207551951,,,,,,,10,0,True
1207552010,,,,,,,9,0,True
1207552076,,,,,,,10,0,True
1207552112,,,,,,,10,0,True
1207552150,,,,,,,10,0,True
1207552175,,,,,,,10,0,True
1207552208,,,,,,,7,0,True
1207552256,,,,,,,10,0,True
1207552280,,,,,,,9,0,True
1207552329,,,,,,,10,0,True
1207552405,,,,,,,9,0,True
1207552471,,,,,,,9,0,True
1207552524,,,,,,,10,10,True
1207552775,,,,,,,10,0,True
1207554673,1.0,1.0,1.0,1.0,2020-04-23 16:00:00+00:00,2020-04-23 16:00:00+00:00,10,10,True
1207554794,,,,,,,10,0,True
1207555365,,,,,,,9,0,True
1207555398,1.0,1.0,1.0,1.0,2020-04-23 16:00:00+00:00,2020-04-23 16:00:00+00:00,8,8,True
1207555891,,,,,,,10,0,True
1207555926,,,,,,,10,0,True
1207555972,,,,,,,10,0,True
1207556041,,,,,,,10,0,True
1207556103,,,,,,,8,7,True
1207556136,,,,,,,10,0,True
1207556193,,,,,,,7,0,True
1207556260,,,,,,,9,0,True
1207556391,,,,,,,10,5,True
1207556433,,,,,,,10,0,True
1207556625,,,,,,,10,0,True
1207556629,,,,,,,10,5,True
1207556744,1.0,1.0,1.0,1.0,2020-04-23 16:00:00+00:00,2020-04-23 16:00:00+00:00,10,10,True
1207556816,,,,,,,10,0,True
1207556883,,,,,,,10,0,True
1207556900,,,,,,,10,0,True
1207556956,,,,,,,1,1,True
1207557005,,,,,,,10,0,True
1207557035,,,,,,,10,0,True
1207557090,,,,,,,10,10,True
1207557156,,,,,,,5,5,True
1207557226,,,,,,,7,7,True
1207557322,,,,,,,10,0,True
1207557420,,,,,,,10,0,True
1207557453,,,,,,,9,9,True
1207557542,,,,,,,10,5,True
1207557586,,,,,,,10,0,True
1207557654,,,,,,,10,0,True
1207557736,,,,,,,10,0,True
1207557768,,,,,,,10,0,True
1207557794,,,,,,,10,0,True
1207557819,,,,,,,10,0,True
1207557859,,,,,,,7,1,True
1207557913,,,,,,,10,0,True
1207557980,,,,,,,7,0,True
1207558029,,,,,,,10,0,True
1207558065,1.0,1.0,1.0,1.0,2020-04-23 16:00:00+00:00,2020-04-23 16:00:00+00:00,7,7,True
1207558082,,,,,,,25,25,True
1207558114,,,,,,,10,0,True
1207558191,,,,,,,10,0,True
1207558201,,,,,,,10,0,True
1207558262,,,,,,,10,0,True
1207558270,,,,,,,10,0,True
1207558334,,,,,,,10,0,True
1207558387,,,,,,,5,5,True
1207558436,,,,,,,10,0,True
1207558443,,,,,,,10,0,True
1207558526,,,,,,,8,0,True
1207558592,,,,,,,10,0,True
1207558614,,,,,,,7,7,True
1207558653,,,,,,,10,0,True
1207558681,,,,,,,10,10,True
1207558714,,,,,,,10,0,True
1207558743,,,,,,,10,0,True
1207558773,,,,,,,10,0,True
1207558782,,,,,,,9,0,True
1207558894,,,,,,,10,0,True
1207558943,,,,,,,10,0,True
1207559027,,,,,,,10,0,True
1207559096,,,,,,,10,0,True
1207559119,,,,,,,10,0,True
1207582342,,,,,,,10,0,True
1207582430,,,,,,,10,0,True
1207582507,,,,,,,10,0,True
1207582818,,,,,,,5,1,True
1207582924,,,,,,,10,0,True
1207582968,,,,,,,10,0,True
1207583001,,,,,,,10,0,True
1207583026,,,,,,,10,0,True
1207583069,,,,,,,10,10,True
1207583133,,,,,,,10,0,True
1207583228,,,,,,,10,5,True
1207583345,,,,,,,10,10,True
1207583394,,,,,,,9,0,True
1207583496,,,,,,,6,0,True
1207583527,,,,,,,10,0,True
1207583610,,,,,,,10,0,True
1207583667,,,,,,,10,0,True
1207583672,,,,,,,8,0,True
1207583747,2.0,2.0,2.0,2.0,2020-04-24 16:00:00+00:00,2020-04-24 16:00:00+00:00,10,10,True
1207583784,,,,,,,10,0,True
1207583835,1.0,1.0,1.0,1.0,2020-04-24 16:00:00+00:00,2020-04-24 16:00:00+00:00,11,11,True
1207583888,,,,,,,9,9,True
1207584098,,,,,,,10,10,True
1207584127,,,,,,,10,0,True
1207584184,,,,,,,10,0,True
1207584257,,,,,,,10,0,True
1207584275,,,,,,,9,0,True
1207584338,,,,,,,10,0,True
1207584374,,,,,,,10,0,True
1207584430,,,,,,,10,0,True
1207584490,,,,,,,10,0,True
1207584533,,,,,,,10,0,True
1207584544,,,,,,,7,0,True
1207584678,,,,,,,10,0,True
1207584719,,,,,,,10,0,True
1207584785,,,,,,,5,5,True
1207584832,,,,,,,10,0,True
1207584904,,,,,,,10,0,True
1207584950,,,,,,,10,2,True
1207584979,,,,,,,10,0,True
1207585064,,,,,,,9,0,True
1207585096,,,,,,,10,10,True
1207585293,,,,,,,9,9,True
1207585363,,,,,,,9,0,True
1207585365,,,,,,,6,0,True
1207585493,,,,,,,10,0,True
1207585563,,,,,,,6,6,True
1207585608,,,,,,,8,0,True
1207585711,,,,,,,10,0,True
1207585742,,,,,,,10,10,True
1207585816,,,,,,,10,0,True
1207585862,,,,,,,10,0,True
1207585890,,,,,,,10,5,True
1207586104,,,,,,,10,0,True
1207586127,,,,,,,7,7,True
1207586154,,,,,,,5,0,True
1207586291,,,,,,,10,0,True
1207586292,,,,,,,10,0,True
1207586368,,,,,,,10,0,True
1207586400,,,,,,,10,0,True
1207586435,,,,,,,5,5,True
1207586542,,,,,,,7,0,True
1207586554,,,,,,,10,0,True
1207586615,,,,,,,10,0,True
1207586647,,,,,,,8,0,True
1207586671,,,,,,,10,0,True
1207586746,,,,,,,10,0,True
1207586823,,,,,,,10,0,True
1207586865,,,,,,,10,0,True
1207586918,,,,,,,6,0,True
1207586955,,,,,,,6,0,True
1207587074,,,,,,,10,0,True
1207587123,,,,,,,10,0,True
1207587154,,,,,,,8,0,True
1207587189,,,,,,,10,0,True
1207587225,,,,,,,7,0,True
1207587307,,,,,,,5,0,True
1207587318,,,,,,,10,10,True
1207587364,,,,,,,10,0,True
1207587421,,,,,,,10,0,True
1207587470,,,,,,,10,0,True
1207587500,,,,,,,15,0,True
1207587566,,,,,,,10,0,True
1207587591,,,,,,,10,0,True
1207587656,,,,,,,10,0,True
1207587658,,,,,,,10,0,True
1207587747,,,,,,,10,0,True
1207587771,,,,,,,10,0,True
1207587782,,,,,,,10,0,True
1207587848,,,,,,,7,0,True
1207587882,,,,,,,10,0,True
1207587896,,,,,,,9,9,True
1207587948,,,,,,,10,0,True
1207587987,,,,,,,10,0,True
1207588055,,,,,,,10,0,True
1207588179,,,,,,,10,0,True
1207588202,,,,,,,6,0,True
1207588257,,,,,,,10,0,True
1207588261,,,,,,,6,6,True
1207588408,,,,,,,10,0,True
1207588438,,,,,,,10,1,True
1207588478,,,,,,,7,0,True
1207588564,,,,,,,10,0,True
1207588594,,,,,,,6,6,True
1207588682,,,,,,,10,5,True
1207588718,,,,,,,10,0,True
1207588732,1.0,1.0,1.0,1.0,2020-04-24 16:00:00+00:00,2020-04-24 16:00:00+00:00,10,5,True
1207588778,,,,,,,9,9,True
1207588816,,,,,,,10,0,True
1207588855,,,,,,,10,0,True
1207588886,,,,,,,9,0,True
1207588892,,,,,,,6,6,True
1207588975,,,,,,,10,0,True
1207589032,,,,,,,10,1,True
1207589038,,,,,,,10,0,True
1207589064,,,,,,,10,0,True
1207589093,,,,,,,10,0,True
1207589146,,,,,,,8,3,True
1207589148,,,,,,,7,7,True
1207589196,,,,,,,10,0,True
1207589307,,,,,,,10,0,True
1207589362,,,,,,,10,0,True
1207589375,,,,,,,10,0,True
1207589400,,,,,,,6,0,True
1207590866,,,,,,,10,10,True
1207598921,,,,,,,10,2,True
1207598984,,,,,,,10,10,True
1207599026,,,,,,,10,0,True
1207599096,,,,,,,10,0,True
1207599325,,,,,,,8,0,True
1207599509,,,,,,,7,7,True
1207599542,,,,,,,10,0,True
1207599732,,,,,,,5,0,True
1207599756,,,,,,,7,0,True
1207599867,,,,,,,10,10,True
1207599936,,,,,,,10,10,True
1207600118,,,,,,,8,0,True
1207600137,,,,,,,10,0,True
1207600226,,,,,,,10,0,True
1207600305,,,,,,,10,0,True
1207600314,,,,,,,5,5,True
1207600394,2.0,2.0,1.0,2.0,2020-04-25 16:00:00+00:00,2020-04-25 16:00:00+00:00,10,10,True
1207600739,,,,,,,1,1,True
1207600907,,,,,,,10,0,True
1207601088,,,,,,,10,0,True
1207601124,,,,,,,10,0,True
1207601172,,,,,,,10,0,True
1207601294,,,,,,,10,0,True
1207601305,,,,,,,10,0,True
1207601347,,,,,,,10,0,True
1207601421,,,,,,,10,0,True
1207601468,,,,,,,7,0,True
1207601475,,,,,,,6,6,True
1207601537,,,,,,,10,0,True
1207601591,,,,,,,1,0,True
1207601634,,,,,,,7,7,True
1207601686,,,,,,,10,0,True
1207601698,,,,,,,10,5,True
1207601811,,,,,,,5,0,True
1207601977,,,,,,,10,0,True
1207602038,,,,,,,10,10,True
1207602062,,,,,,,10,0,True
1207602098,,,,,,,10,10,True
1207602144,,,,,,,10,0,True
1207602201,,,,,,,10,0,True
1207602255,,,,,,,10,0,True
1207602321,,,,,,,7,0,True
1207602340,,,,,,,10,0,True
1207602373,,,,,,,10,0,True
1207602451,,,,,,,10,0,True
1207602539,,,,,,,9,0,True
1207602564,,,,,,,8,0,True
1207602645,,,,,,,10,1,True
1207602713,,,,,,,6,0,True
1207602853,,,,,,,7,0,True
1207602857,,,,,,,10,0,True
1207602988,,,,,,,10,0,True
1207603059,,,,,,,10,0,True
1207603096,,,,,,,12,7,True
1207603110,,,,,,,8,0,True
1207603136,,,,,,,10,0,True
1207603166,1.0,1.0,1.0,1.0,2020-04-25 16:00:00+00:00,2020-04-25 16:00:00+00:00,10,10,True
1207603218,,,,,,,7,0,True
1207603321,,,,,,,10,0,True
1207603383,,,,,,,10,0,True
1207603422,,,,,,,10,0,True
1207603500,,,,,,,10,10,True
1207603529,,,,,,,10,0,True
1207603555,,,,,,,7,0,True
1207603649,,,,,,,6,0,True
1207603665,,,,,,,10,0,True
1207603716,,,,,,,10,0,True
1207603728,,,,,,,10,0,True
1207603773,,,,,,,10,0,True
1207603779,,,,,,,10,0,True
1207603865,,,,,,,5,5,True
1207603930,,,,,,,10,0,True
1207604011,,,,,,,10,0,True
1207604119,,,,,,,6,0,True
1207604241,,,,,,,10,10,True
1207604295,,,,,,,6,0,True
1207604341,,,,,,,10,0,True
1207604387,,,,,,,10,0,True
1207604447,,,,,,,10,10,True
1207604492,,,,,,,16,6,True
1207604551,,,,,,,7,0,True
1207604759,,,,,,,10,0,True
1207604802,,,,,,,10,0,True
1207604820,,,,,,,8,0,True
1207604860,,,,,,,10,0,True
1207604914,,,,,,,10,0,True
1207604934,,,,,,,9,0,True
1207605059,,,,,,,8,0,True
1207605133,,,,,,,7,0,True
1207605160,,,,,,,10,0,True
1207605195,,,,,,,10,0,True
1207605221,,,,,,,10,0,True
1207605334,,,,,,,10,0,True
1207605422,,,,,,,12,5,True
1207605482,,,,,,,10,0,True
1207605521,,,,,,,10,0,True
1207605571,,,,,,,10,0,True
1207605589,,,,,,,10,0,True
1207605621,,,,,,,10,1,True
1207605732,,,,,,,10,0,True
1207605749,,,,,,,10,0,True
1207605881,,,,,,,10,0,True
1207605925,,,,,,,10,0,True
1207605949,,,,,,,7,0,True
1207605998,,,,,,,10,0,True
1207606000,,,,,,,10,0,True
1207606057,,,,,,,10,0,True
1207606170,,,,,,,5,0,True
1207606244,,,,,,,10,0,True
1207606334,,,,,,,9,0,True
1207606381,,,,,,,10,0,True
1207606429,,,,,,,10,10,True
1207606439,,,,,,,7,0,True
1207606464,,,,,,,10,0,True
1207606549,,,,,,,10,0,True
1207606586,,,,,,,7,7,True
1207606679,1.0,1.0,1.0,1.0,2020-04-25 16:00:00+00:00,2020-04-25 16:00:00+00:00,10,10,True
1207606735,,,,,,,10,0,True
1207606775,,,,,,,7,0,True
1207606798,,,,,,,10,0,True
1207606827,,,,,,,8,0,True
1207606864,,,,,,,10,0,True
1207606892,,,,,,,8,0,True
1207606961,,,,,,,10,0,True
1207606978,,,,,,,10,0,True
1207607005,,,,,,,5,0,True
1207607042,,,,,,,10,10,True
1207607046,,,,,,,9,1,True
1207607190,,,,,,,10,10,True
1207607251,,,,,,,10,0,True
1207607291,,,,,,,10,10,True
1207607309,,,,,,,10,0,True
1207607318,,,,,,,10,0,True
1207607360,,,,,,,10,0,True
1207607402,,,,,,,10,0,True
1207607441,,,,,,,7,0,True
1207607494,,,,,,,10,0,True
1207607530,,,,,,,10,0,True
1207607568,,,,,,,10,0,True
1207607613,,,,,,,10,0,True
1207607639,,,,,,,10,0,True
1207607671,,,,,,,10,0,True
1207607714,,,,,,,15,10,True
1207607760,,,,,,,10,0,True
1207607784,,,,,,,10,0,True
1207607836,,,,,,,7,0,True
1207607884,,,,,,,10,10,True
1207607968,,,,,,,10,2,True
1207608044,,,,,,,10,0,True
1207608080,,,,,,,10,0,True
1207608109,,,,,,,10,0,True
1207608144,,,,,,,10,0,True
1207608193,,,,,,,10,0,True
1207608199,,,,,,,10,0,True
1207608246,,,,,,,10,0,True
1207608281,,,,,,,10,0,True
1207608298,,,,,,,6,0,True
1207608340,,,,,,,10,0,True
1207608368,,,,,,,10,0,True
1207608386,,,,,,,10,0,True
1207608407,,,,,,,10,0,True
1207608508,,,,,,,9,0,True
1207608538,,,,,,,10,0,True
1207608591,,,,,,,10,0,True
1207608619,,,,,,,10,0,True
1207608661,,,,,,,10,0,True
1207608665,,,,,,,6,0,True
1207608728,,,,,,,10,5,True
1207608762,,,,,,,7,0,True
1207608822,,,,,,,7,0,True
1207608849,,,,,,,10,10,True
1207608882,,,,,,,10,0,True
1207608905,,,,,,,10,0,True
1207608934,,,,,,,10,0,True
1207608988,,,,,,,7,0,True
1207609037,,,,,,,10,0,True
1207609082,,,,,,,10,0,True
1207609134,,,,,,,6,0,True
1207609193,,,,,,,8,0,True
1207609218,,,,,,,9,0,True
1207609249,,,,,,,10,0,True
1207609252,,,,,,,10,0,True
1207609296,,,,,,,7,0,True
1207609338,,,,,,,10,0,True
1207609368,,,,,,,7,0,True
1207609378,,,,,,,10,0,True
1207609419,,,,,,,10,0,True
1207609500,2.0,2.0,1.0,2.0,2020-04-27 16:00:00+00:00,2020-04-27 16:00:00+00:00,10,10,True
1207609524,,,,,,,10,0,True
1207609546,,,,,,,10,0,True
1207609631,,,,,,,10,0,True
1207609654,,,,,,,4,4,True
1207609811,,,,,,,10,1,True
1207609854,,,,,,,10,0,True
1207609891,,,,,,,10,0,True
1207609894,,,,,,,10,0,True
1207609932,,,,,,,6,0,True
1207610161,,,,,,,7,0,True
1207610240,,,,,,,9,0,True
1207610314,,,,,,,10,0,True
1207610569,,,,,,,5,0,True
1207610919,,,,,,,10,0,True
1207610953,,,,,,,10,0,True
1207610972,,,,,,,10,0,True
1207611011,,,,,,,10,0,True
1207611233,,,,,,,10,0,True
1207611323,,,,,,,10,0,True
1207611353,,,,,,,7,0,True
1207611399,,,,,,,10,0,True
1207611477,,,,,,,6,0,True
1207611680,,,,,,,5,0,True
1207611696,,,,,,,10,10,True
1207611732,,,,,,,10,0,True
1207611776,,,,,,,10,0,True
1207611804,,,,,,,10,0,True
1207611814,,,,,,,10,0,True
1207611897,,,,,,,10,0,True
1207612062,,,,,,,10,0,True
1207612167,,,,,,,5,0,True
1207612215,,,,,,,10,0,True
1207612350,,,,,,,10,0,True
1207612446,,,,,,,10,0,True
1207612480,,,,,,,8,0,True
1207612510,,,,,,,7,0,True
1207612551,,,,,,,10,0,True
1207612581,,,,,,,10,0,True
1207612609,,,,,,,10,0,True
1207612628,,,,,,,7,0,True
1207612675,,,,,,,10,0,True
1207612728,,,,,,,5,5,True
1207612801,,,,,,,2,0,True
1207612819,,,,,,,6,0,True
1207612858,,,,,,,10,0,True
1207613010,,,,,,,9,0,True
1207613031,,,,,,,10,0,True
1207613102,,,,,,,10,0,True
1207613154,,,,,,,7,0,True
1207614132,,,,,,,10,0,True
1207614250,,,,,,,10,0,True
1207614282,,,,,,,10,0,True
1207614321,,,,,,,10,0,True
1207614428,,,,,,,15,10,True
1207616143,,,,,,,6,0,True
1207616494,,,,,,,6,0,True
1207616633,,,,,,,10,0,True
1207621076,,,,,,,10,0,True
1207621284,,,,,,,10,0,True
1207632386,,,,,,,10,0,True
1207632912,,,,,,,10,0,True
1207632947,,,,,,,10,0,True
1207633018,,,,,,,10,0,True
1207633026,,,,,,,7,0,True
1207633066,,,,,,,10,0,True
1207633152,,,,,,,6,0,True
1207633340,,,,,,,5,0,True
1207633500,,,,,,,10,0,True
1207633520,,,,,,,10,0,True
1207633572,,,,,,,10,0,True
1207633763,,,,,,,10,0,True
1207633828,,,,,,,10,0,True
1207633966,,,,,,,10,0,True
1207634047,,,,,,,10,0,True
1207634112,,,,,,,10,0,True
1207634178,,,,,,,10,10,True
1207634340,,,,,,,10,10,True
1207634383,,,,,,,10,0,True
1207634476,,,,,,,10,0,True
1207634547,,,,,,,10,2,True
1207634549,1.0,1.0,1.0,1.0,2020-04-28 16:00:00+00:00,2020-04-28 16:00:00+00:00,7,7,True
1207634608,,,,,,,10,0,True
1207634694,,,,,,,5,5,True
1207634741,,,,,,,9,0,True
1207634785,,,,,,,5,5,True
1207634837,,,,,,,5,0,True
1207635087,,,,,,,10,0,True
1207635104,,,,,,,10,0,True
1207635162,,,,,,,10,0,True
1207635200,,,,,,,10,0,True
1207635217,,,,,,,10,0,True
1207635339,,,,,,,5,0,True
1207635470,,,,,,,20,0,True
1207635522,,,,,,,10,0,True
1207635578,2.0,2.0,1.0,2.0,2020-04-28 16:00:00+00:00,2020-04-28 16:00:00+00:00,10,5,True
1207635747,,,,,,,7,0,True
1207635776,,,,,,,10,0,True
1207635968,,,,,,,10,0,True
1207636000,,,,,,,10,0,True
1207636078,,,,,,,10,0,True
1207636106,,,,,,,10,0,True
1207636146,,,,,,,10,0,True
1207636170,,,,,,,8,6,True
1207636315,,,,,,,10,0,True
1207636358,,,,,,,10,0,True
1207636366,,,,,,,10,0,True
1207636401,,,,,,,10,0,True
1207636484,,,,,,,10,0,True
1207636504,,,,,,,10,10,True
1207636632,,,,,,,10,0,True
1207636684,,,,,,,10,0,True
1207636699,,,,,,,10,0,True
1207636757,,,,,,,10,0,True
1207636785,,,,,,,10,0,True
1207636852,,,,,,,10,0,True
1207636914,,,,,,,10,0,True
1207636951,1.0,1.0,1.0,1.0,2020-04-28 16:00:00+00:00,2020-04-28 16:00:00+00:00,6,6,True
1207636962,,,,,,,6,0,True
1207637046,,,,,,,10,1,True
1207637076,2.0,2.0,1.0,2.0,2020-04-28 16:00:00+00:00,2020-04-28 16:00:00+00:00,8,8,True
1207637112,,,,,,,10,0,True
1207637174,,,,,,,10,0,True
1207637217,,,,,,,10,0,True
1207637270,,,,,,,10,0,True
1207637273,,,,,,,10,10,True
1207637317,,,,,,,7,0,True
1207637376,,,,,,,7,0,True
1207637430,,,,,,,10,0,True
1207637440,,,,,,,7,0,True
1207637486,,,,,,,8,0,True
1207637498,,,,,,,10,0,True
1207637557,,,,,,,10,10,True
1207637593,,,,,,,10,0,True
1207637636,,,,,,,10,0,True
1207637696,,,,,,,10,5,True
1207637749,,,,,,,10,0,True
1207637854,,,,,,,10,0,True
1207637954,,,,,,,2,2,True
1207638006,,,,,,,6,0,True
1207638039,,,,,,,10,10,True
1207638085,,,,,,,10,0,True
1207638130,,,,,,,9,0,True
1207638150,,,,,,,10,0,True
1207638214,,,,,,,10,10,True
1207638263,,,,,,,10,0,True
1207638267,1.0,1.0,1.0,1.0,2020-04-28 16:00:00+00:00,2020-04-28 16:00:00+00:00,10,10,True
1207638298,,,,,,,10,0,True
1207638401,,,,,,,10,0,True
1207638437,,,,,,,9,0,True
1207638477,,,,,,,10,0,True
1207638489,,,,,,,8,0,True
1207638589,,,,,,,10,5,True
1207638632,,,,,,,10,10,True
1207638678,,,,,,,10,0,True
1207638695,,,,,,,10,0,True
1207638758,,,,,,,10,10,True
1207638795,,,,,,,5,5,True
1207638850,,,,,,,1,1,True
1207638877,,,,,,,8,8,True
1207638914,,,,,,,10,5,True
1207638953,,,,,,,10,10,True
1207639008,,,,,,,10,0,True
1207639037,,,,,,,11,6,True
1207639080,,,,,,,10,0,True
1207639105,,,,,,,10,0,True
1207639210,,,,,,,10,0,True
1207639270,,,,,,,10,0,True
1207639294,,,,,,,6,0,True
1207639337,,,,,,,10,0,True
1207639371,,,,,,,10,10,True
1207639402,,,,,,,9,0,True
1207639411,,,,,,,10,0,True
1207639451,,,,,,,10,0,True
1207639500,,,,,,,10,0,True
1207639510,,,,,,,10,0,True
1207639587,,,,,,,7,0,True
1207639649,,,,,,,10,0,True
1207639736,,,,,,,10,0,True
1207639738,,,,,,,10,0,True
1207639781,,,,,,,10,0,True
1207639806,,,,,,,10,0,True
1207639909,,,,,,,10,5,True
1207639931,,,,,,,9,0,True
1207639971,,,,,,,10,0,True
1207640032,,,,,,,9,0,True
1207640083,,,,,,,10,0,True
1207640126,,,,,,,10,0,True
1207640184,,,,,,,9,0,True
1207640190,,,,,,,10,10,True
1207640207,,,,,,,7,0,True
1207640337,,,,,,,9,0,True
1207640398,,,,,,,10,0,True
1207640439,,,,,,,10,0,True
1207640521,,,,,,,10,0,True
1207640563,,,,,,,10,0,True
1207640602,,,,,,,7,0,True
1207640629,,,,,,,10,0,True
1207640640,,,,,,,6,0,True
1207640723,,,,,,,5,5,True
1207640729,,,,,,,10,0,True
1207640779,,,,,,,6,0,True
1207640835,,,,,,,10,0,True
1207640879,,,,,,,10,0,True
1207640925,,,,,,,10,0,True
1207641026,,,,,,,8,0,True
1207641053,,,,,,,7,0,True
1207641056,,,,,,,10,0,True
1207641128,,,,,,,10,0,True
1207641163,,,,,,,10,0,True
1207641193,,,,,,,10,0,True
1207641226,,,,,,,10,10,True
1207641230,,,,,,,10,0,True
1207641300,,,,,,,7,0,True
1207641323,,,,,,,10,0,True
1207641373,,,,,,,8,0,True
1207641396,,,,,,,8,8,True
1207641400,,,,,,,8,8,True
1207641453,,,,,,,7,0,True
1207641455,,,,,,,1,1,True
1207641522,,,,,,,10,0,True
1207641545,,,,,,,9,9,True
1207641565,,,,,,,10,0,True
1207641604,,,,,,,8,0,True
1207641648,,,,,,,10,0,True
1207641694,,,,,,,10,0,True
1207641715,,,,,,,10,0,True
1207641768,,,,,,,10,1,True
1207641830,,,,,,,10,0,True
1207641863,,,,,,,5,5,True
1207641957,,,,,,,10,0,True
1207641971,,,,,,,10,10,True
1207642022,,,,,,,10,0,True
1207642087,,,,,,,10,0,True
1207642094,,,,,,,10,0,True
1207642125,,,,,,,10,0,True
1207642198,,,,,,,10,10,True
1207642203,,,,,,,10,0,True
1207642252,,,,,,,10,0,True
1207642319,,,,,,,10,0,True
1207642321,,,,,,,9,0,True
1207642378,,,,,,,10,0,True
1207642417,,,,,,,6,6,True
1207642446,,,,,,,10,0,True
1207642470,,,,,,,6,0,True
1207642502,,,,,,,10,0,True
1207642566,,,,,,,10,0,True
1207642595,,,,,,,10,0,True
1207642624,,,,,,,7,7,True
1207642654,,,,,,,10,0,True
1207642677,,,,,,,10,0,True
1207642721,,,,,,,10,0,True
1207642758,,,,,,,10,0,True
1207642793,,,,,,,10,0,True
1207642818,,,,,,,10,0,True
1207642915,,,,,,,7,0,True
1207642948,,,,,,,7,0,True
1207642996,,,,,,,10,0,True
1207643030,,,,,,,10,0,True
1207643092,,,,,,,10,0,True
1207643132,,,,,,,10,0,True
1207643134,,,,,,,8,0,True
1207643181,,,,,,,10,0,True
1207643206,,,,,,,10,0,True
1207643255,,,,,,,10,10,True
1207643296,,,,,,,10,0,True
1207643317,,,,,,,10,0,True
1207643319,,,,,,,10,0,True
1207643355,,,,,,,10,0,True
1207643398,,,,,,,10,0,True
1207643426,,,,,,,10,0,True
1207643464,,,,,,,10,0,True
1207643498,,,,,,,10,0,True
1207643504,,,,,,,10,0,True
1207643563,,,,,,,10,0,True
1207643644,,,,,,,10,0,True
1207643715,,,,,,,10,0,True
1207643740,,,,,,,7,0,True
1207643808,,,,,,,10,0,True
1207643820,,,,,,,10,0,True
1207643876,,,,,,,10,10,True
1207643914,,,,,,,10,0,True
1207643926,,,,,,,10,0,True
1207643938,,,,,,,10,0,True
1207643998,,,,,,,8,0,True
1207644046,,,,,,,10,1,True
1207644111,1.0,1.0,1.0,1.0,2020-04-28 16:00:00+00:00,2020-04-28 16:00:00+00:00,10,10,True
1207644150,,,,,,,10,0,True
1207644173,,,,,,,10,0,True
1207644177,,,,,,,10,0,True
1207644211,,,,,,,10,0,True
1207644283,,,,,,,10,0,True
1207644309,,,,,,,10,0,True
1207644341,,,,,,,10,0,True
1207644349,,,,,,,10,10,True
1207644388,,,,,,,9,0,True
1207644439,,,,,,,10,0,True
1207644473,,,,,,,9,0,True
1207644479,,,,,,,6,0,True
1207644531,,,,,,,10,0,True
1207644570,,,,,,,10,0,True
1207644596,,,,,,,10,0,True
1207644618,,,,,,,10,0,True
1207644641,,,,,,,7,0,True
1207644718,,,,,,,8,0,True
1207644807,,,,,,,10,0,True
1207644815,,,,,,,10,0,True
1207644837,,,,,,,10,0,True
1207644841,,,,,,,10,0,True
1207644939,,,,,,,10,0,True
1207644982,,,,,,,6,0,True
1207645014,,,,,,,10,0,True
1207645059,,,,,,,10,0,True
1207645110,,,,,,,10,0,True
1207645122,,,,,,,7,0,True
1207645170,,,,,,,8,0,True
1207645193,,,,,,,10,0,True
1207645197,,,,,,,8,0,True
1207645263,,,,,,,10,0,True
1207645296,,,,,,,10,0,True
1207645321,,,,,,,10,0,True
1207645354,,,,,,,10,0,True
1207645385,,,,,,,10,0,True
1207645417,,,,,,,10,0,True
1207645485,,,,,,,10,0,True
1207645522,,,,,,,10,0,True
1207645530,,,,,,,10,0,True
1207645550,,,,,,,10,0,True
1207645555,,,,,,,6,0,True
1207645609,,,,,,,10,0,True
1207645655,,,,,,,8,8,True
1207645685,,,,,,,10,0,True
1207645741,,,,,,,10,0,True
1207645776,,,,,,,10,10,True
1207645813,,,,,,,10,10,True
1207645845,,,,,,,10,0,True
1207645945,,,,,,,10,0,True
1207645959,,,,,,,10,0,True
1207645988,,,,,,,10,0,True
1207646022,,,,,,,10,0,True
1207646029,,,,,,,10,0,True
1207646086,,,,,,,9,0,True
1207646402,,,,,,,5,0,True
1207646432,,,,,,,10,10,True
1207646601,,,,,,,5,0,True
1207646628,,,,,,,5,0,True
1207646912,2.0,2.0,1.0,2.0,2020-04-28 16:00:00+00:00,2020-04-28 16:00:00+00:00,6,6,True
1207647268,,,,,,,11,1,True
1207647372,,,,,,,5,0,True
1207648188,1.0,1.0,1.0,1.0,2020-04-28 16:00:00+00:00,2020-04-28 16:00:00+00:00,10,10,True
1207648391,,,,,,,10,10,True
1207648620,,,,,,,10,0,True
1207648653,,,,,,,5,5,True
1207648800,,,,,,,10,0,True
1207649357,,,,,,,10,0,True
1207649533,,,,,,,11,11,True
1207649872,,,,,,,5,0,True
1207650030,,,,,,,6,0,True
1207650257,,,,,,,10,0,True
1207650394,,,,,,,5,5,True
1207650503,,,,,,,10,0,True
1207650601,,,,,,,10,0,True
1207650611,,,,,,,7,7,True
1207650627,,,,,,,10,0,True
1207650705,,,,,,,10,0,True
1207650735,,,,,,,10,10,True
1207650766,,,,,,,10,0,True
1207650784,,,,,,,5,0,True
1207650791,,,,,,,10,0,True
1207650822,,,,,,,10,0,True
1207650839,,,,,,,10,10,True
1207650898,,,,,,,10,0,True
1207651154,,,,,,,10,0,True
1207651416,,,,,,,5,0,True
1207651531,,,,,,,6,1,True
1207651785,,,,,,,10,0,True
1207651869,,,,,,,9,0,True
1207653780,,,,,,,10,0,True
1207653804,,,,,,,10,0,True
1207653879,,,,,,,10,0,True
1207654130,,,,,,,7,0,True
1207654398,,,,,,,10,0,True
1207654445,,,,,,,5,5,True
1207654491,,,,,,,5,0,True
1207654498,,,,,,,5,1,True
1207654571,,,,,,,10,1,True
1207654643,,,,,,,10,0,True
1207654678,,,,,,,10,0,True
1207654976,,,,,,,8,0,True
1207655016,,,,,,,10,0,True
1207655048,,,,,,,9,0,True
1207655173,,,,,,,10,0,True
1207655267,,,,,,,8,0,True
1207655521,,,,,,,10,10,True
1207655639,,,,,,,6,3,True
1207655749,,,,,,,10,0,True
1207655849,,,,,,,10,0,True
1207655904,2.0,2.0,2.0,2.0,2020-04-29 16:00:00+00:00,2020-04-29 16:00:00+00:00,10,10,True
1207655957,,,,,,,10,0,True
1207655994,,,,,,,10,10,True
1207656027,,,,,,,5,0,True
1207656037,,,,,,,10,0,True
1207656142,,,,,,,4,4,True
1207656178,,,,,,,5,5,True
1207656265,,,,,,,10,5,True
1207656270,,,,,,,10,0,True
1207656466,,,,,,,10,0,True
1207656472,,,,,,,10,0,True
1207656558,,,,,,,10,0,True
1207656620,,,,,,,10,0,True
1207656845,,,,,,,10,0,True
1207656913,,,,,,,10,0,True
1207656995,,,,,,,10,0,True
1207657013,,,,,,,3,3,True
1207657055,,,,,,,10,0,True
1207657169,,,,,,,10,0,True
1207657176,,,,,,,8,0,True
1207657336,,,,,,,10,0,True
1207657377,,,,,,,10,0,True
1207657400,,,,,,,6,0,True
1207657429,,,,,,,7,0,True
1207657468,,,,,,,10,0,True
1207657476,,,,,,,6,0,True
1207657589,,,,,,,10,0,True
1207657626,,,,,,,10,0,True
1207657682,,,,,,,10,0,True
1207657878,,,,,,,10,0,True
1207657899,,,,,,,10,10,True
1207657941,,,,,,,10,0,True
1207658185,,,,,,,10,0,True
1207658228,,,,,,,10,0,True
1207658236,,,,,,,6,0,True
1207658265,,,,,,,10,10,True
1207658449,,,,,,,10,0,True
1207658548,,,,,,,10,0,True
1207658568,,,,,,,10,0,True
1207658618,,,,,,,10,0,True
1207658632,,,,,,,10,0,True
1207658637,,,,,,,10,0,True
1207658860,,,,,,,6,0,True
1207658924,,,,,,,10,0,True
1207658956,,,,,,,10,0,True
1207659090,,,,,,,5,5,True
1207659126,,,,,,,10,0,True
1207659203,,,,,,,6,0,True
1207659239,,,,,,,10,0,True
1207659255,,,,,,,15,0,True
1207659336,,,,,,,9,0,True
1207659382,,,,,,,10,0,True
1207659417,,,,,,,10,0,True
1207659478,,,,,,,10,1,True
1207659575,,,,,,,7,1,True
1207659705,,,,,,,5,5,True
1207659756,,,,,,,6,6,True
1207659877,,,,,,,10,10,True
1207659916,,,,,,,10,2,True
1207659981,,,,,,,8,0,True
1207660125,,,,,,,10,0,True
1207660190,,,,,,,6,0,True
1207660264,,,,,,,10,10,True
1207660329,,,,,,,5,5,True
1207660379,,,,,,,10,0,True
1207660424,,,,,,,10,0,True
1207660438,1.0,1.0,1.0,1.0,2020-04-29 16:00:00+00:00,2020-04-29 16:00:00+00:00,10,10,True
1207660481,,,,,,,10,0,True
1207660517,,,,,,,10,0,True
1207660551,,,,,,,10,0,True
1207660614,,,,,,,10,0,True
1207660655,,,,,,,10,0,True
1207660696,,,,,,,6,0,True
1207660724,,,,,,,10,0,True
1207660780,,,,,,,10,0,True
1207660800,,,,,,,11,1,True
1207660893,,,,,,,9,9,True
1207660930,,,,,,,8,8,True
1207661146,,,,,,,7,0,True
1207661175,,,,,,,10,0,True
1207661205,,,,,,,7,7,True
1207661514,,,,,,,8,0,True
1207661600,,,,,,,10,0,True
1207661624,,,,,,,10,0,True
1207662101,,,,,,,8,0,True
1207662102,,,,,,,10,0,True
1207662116,,,,,,,7,0,True
1207662121,,,,,,,9,0,True
1207662140,,,,,,,8,8,True
1207662200,,,,,,,10,0,True
1207662262,,,,,,,6,6,True
1207662287,,,,,,,6,0,True
1207662346,,,,,,,10,0,True
1207662437,,,,,,,10,0,True
1207662465,,,,,,,10,0,True
1207662574,,,,,,,10,5,True
1207662613,,,,,,,10,0,True
1207662665,,,,,,,10,0,True
1207662707,,,,,,,10,0,True
1207662773,,,,,,,10,0,True
1207662780,,,,,,,10,0,True
1207662800,,,,,,,10,0,True
1207662861,,,,,,,10,0,True
1207662879,,,,,,,9,9,True
1207662916,,,,,,,10,0,True
1207662951,,,,,,,10,0,True
1207662985,,,,,,,10,0,True
1207663017,,,,,,,6,0,True
1207663037,,,,,,,9,9,True
1207663080,,,,,,,10,0,True
1207663131,,,,,,,6,0,True
1207663178,,,,,,,15,0,True
1207663219,,,,,,,8,0,True
1207663251,,,,,,,10,0,True
1207663269,,,,,,,10,0,True
1207663319,,,,,,,10,0,True
1207663408,,,,,,,10,0,True
1207663428,,,,,,,10,0,True
1207663469,,,,,,,10,10,True
1207663496,,,,,,,10,0,True
1207663528,,,,,,,10,0,True
1207663583,,,,,,,10,0,True
1207663604,,,,,,,10,0,True
1207663637,1.0,1.0,1.0,1.0,2020-04-29 16:00:00+00:00,2020-04-29 16:00:00+00:00,9,9,True
1207663699,,,,,,,8,0,True
1207663722,,,,,,,10,0,True
1207663752,,,,,,,10,0,True
1207663781,,,,,,,10,0,True
1207663820,,,,,,,10,0,True
1207663874,,,,,,,10,10,True
1207663911,,,,,,,7,7,True
1207663991,,,,,,,6,6,True
1207664043,,,,,,,10,10,True
1207664067,,,,,,,2,0,True
1207664109,,,,,,,10,0,True
1207664175,,,,,,,10,0,True
1207664269,,,,,,,10,10,True
1207664301,,,,,,,6,0,True
1207664324,,,,,,,10,0,True
1207664329,,,,,,,10,0,True
1207664398,,,,,,,10,10,True
1207664432,,,,,,,10,0,True
1207664463,,,,,,,10,0,True
1207664482,,,,,,,10,0,True
1207664501,,,,,,,6,0,True
1207664556,,,,,,,10,0,True
1207664611,,,,,,,10,0,True
1207664655,,,,,,,9,0,True
1207664695,,,,,,,10,0,True
1207664727,,,,,,,10,0,True
1207664761,,,,,,,10,0,True
1207664808,,,,,,,7,0,True
1207664873,,,,,,,10,0,True
1207664916,,,,,,,10,0,True
1207664956,,,,,,,10,0,True
1207664990,,,,,,,10,0,True
1207665018,,,,,,,10,0,True
1207665052,,,,,,,10,0,True
1207665084,,,,,,,10,0,True
1207665179,,,,,,,7,0,True
1207665194,,,,,,,10,0,True
1207665263,,,,,,,5,0,True
1207665307,,,,,,,10,0,True
1207665308,,,,,,,10,0,True
1207665323,,,,,,,10,0,True
1207665342,,,,,,,6,0,True
1207665386,,,,,,,10,0,True
1207665432,,,,,,,10,0,True
1207665437,,,,,,,10,0,True
1207665479,,,,,,,7,7,True
1207665508,,,,,,,6,0,True
1207665524,,,,,,,10,10,True
1207665570,,,,,,,7,0,True
1207665632,,,,,,,10,0,True
1207665682,,,,,,,10,0,True
1207665735,,,,,,,7,0,True
1207665763,,,,,,,10,0,True
1207665796,,,,,,,6,0,True
1207665874,,,,,,,10,0,True
1207665907,,,,,,,10,0,True
1207665993,,,,,,,10,0,True
1207666000,,,,,,,10,0,True
1207666049,,,,,,,7,0,True
1207666105,,,,,,,10,0,True
1207666119,,,,,,,10,0,True
1207666176,,,,,,,10,0,True
1207666231,,,,,,,10,10,True
1207666269,,,,,,,10,0,True
1207666293,,,,,,,6,0,True
1207666335,,,,,,,10,0,True
1207666363,,,,,,,7,7,True
1207666393,,,,,,,10,0,True
1207666417,,,,,,,6,1,True
1207666441,,,,,,,10,0,True
1207666508,,,,,,,10,0,True
1207666531,,,,,,,10,0,True
1207666600,,,,,,,10,0,True
1207666631,,,,,,,10,10,True
1207666698,,,,,,,10,0,True
1207666768,,,,,,,10,0,True
1207666774,,,,,,,10,0,True
1207666807,,,,,,,9,0,True
1207666848,,,,,,,10,0,True
1207666880,,,,,,,9,0,True
1207666929,,,,,,,10,1,True
1207666936,,,,,,,10,0,True
1207667000,,,,,,,9,0,True
1207667033,,,,,,,7,0,True
1207667067,,,,,,,10,0,True
1207667074,,,,,,,10,0,True
1207667127,,,,,,,10,0,True
1207667132,,,,,,,10,0,True
1207667272,,,,,,,10,0,True
1207667360,,,,,,,10,0,True
1207667398,,,,,,,10,0,True
1207667431,,,,,,,10,0,True
1207667462,,,,,,,10,0,True
1207667493,,,,,,,6,6,True
1207667532,,,,,,,10,0,True
1207667576,,,,,,,10,0,True
1207667773,1.0,1.0,1.0,1.0,2020-04-29 16:00:00+00:00,2020-04-29 16:00:00+00:00,9,9,True
1207667817,,,,,,,5,0,True
1207667940,,,,,,,10,0,True
1207668061,,,,,,,5,0,True
1207669277,,,,,,,10,0,True
1207669283,,,,,,,5,0,True
1207669294,,,,,,,10,0,True
1207669315,,,,,,,10,0,True
1207669503,,,,,,,10,10,True
1207669536,,,,,,,5,5,True
1207669888,,,,,,,10,0,True
1207670166,,,,,,,10,0,True
1207670297,,,,,,,5,5,True
1207670616,,,,,,,5,0,True
1207670803,,,,,,,5,0,True
1207670890,,,,,,,8,0,True
1207671080,,,,,,,10,0,True
1207671146,,,,,,,10,0,True
1207671418,,,,,,,5,0,True
1207671489,,,,,,,10,10,True
1207671554,,,,,,,5,0,True
1207671683,,,,,,,10,0,True
1207671755,,,,,,,10,0,True
1207671792,,,,,,,10,0,True
1207671818,,,,,,,10,0,True
1207671886,,,,,,,7,0,True
1207671928,,,,,,,10,0,True
1207674950,,,,,,,10,0,True
1207675700,,,,,,,10,0,True
1207677846,,,,,,,8,8,True
1207677912,1.0,1.0,1.0,1.0,2020-04-30 16:00:00+00:00,2020-04-30 16:00:00+00:00,9,9,True
1207677952,,,,,,,10,0,True
1207678103,,,,,,,10,0,True
1207678298,,,,,,,10,0,True
1207678529,,,,,,,10,0,True
1207678551,,,,,,,10,0,True
1207678619,,,,,,,10,0,True
1207678827,,,,,,,10,2,True
1207678861,,,,,,,10,10,True
1207678913,,,,,,,10,10,True
1207678958,,,,,,,10,0,True
1207679010,,,,,,,10,0,True
1207679048,,,,,,,10,0,True
1207679129,,,,,,,10,10,True
1207679162,,,,,,,10,0,True
1207679223,,,,,,,10,0,True
1207679245,,,,,,,8,0,True
1207679259,,,,,,,10,0,True
1207679383,,,,,,,7,7,True
1207679451,,,,,,,10,0,True
1207679481,,,,,,,10,0,True
1207679554,,,,,,,10,0,True
1207679669,,,,,,,9,0,True
1207679712,,,,,,,9,0,True
1207679768,,,,,,,10,10,True
1207679869,,,,,,,8,0,True
1207679916,,,,,,,7,7,True
1207680036,,,,,,,10,0,True
1207680135,,,,,,,10,0,True
1207680236,,,,,,,10,0,True
1207680293,,,,,,,10,0,True
1207680413,,,,,,,10,0,True
1207680458,,,,,,,10,0,True
1207680470,,,,,,,10,0,True
1207680563,,,,,,,10,0,True
1207680651,,,,,,,10,0,True
1207680694,,,,,,,8,0,True
1207680752,,,,,,,9,0,True
1207680814,,,,,,,10,10,True
1207680950,,,,,,,9,0,True
1207681061,,,,,,,10,0,True
1207681144,,,,,,,5,5,True
1207681149,,,,,,,9,0,True
1207681267,,,,,,,10,0,True
1207681306,,,,,,,10,0,True
1207681366,,,,,,,10,0,True
1207681372,,,,,,,10,0,True
1207681445,,,,,,,9,9,True
1207681462,,,,,,,15,15,True
1207681536,,,,,,,10,0,True
1207681557,,,,,,,10,0,True
1207681624,,,,,,,10,0,True
1207681673,,,,,,,10,0,True
1207681724,,,,,,,10,0,True
1207681733,,,,,,,8,0,True
1207681781,,,,,,,10,0,True
1207681814,,,,,,,10,0,True
1207681927,,,,,,,6,6,True
1207681981,,,,,,,10,0,True
1207682012,,,,,,,10,0,True
1207682044,,,,,,,10,0,True
1207682093,,,,,,,10,0,True
1207682148,,,,,,,10,1,True
1207682191,,,,,,,6,0,True
1207682220,,,,,,,7,1,True
1207682290,,,,,,,8,0,True
1207682310,,,,,,,10,0,True
1207682333,,,,,,,10,0,True
1207682401,,,,,,,7,0,True
1207682428,,,,,,,10,0,True
1207682479,,,,,,,9,0,True
1207682617,,,,,,,10,10,True
1207682656,,,,,,,10,10,True
1207682692,,,,,,,7,0,True
1207682733,,,,,,,7,0,True
1207682788,,,,,,,10,0,True
1207682818,,,,,,,10,0,True
1207682895,,,,,,,10,0,True
1207682923,,,,,,,6,5,True
1207683012,,,,,,,9,9,True
1207683073,,,,,,,10,0,True
1207683110,,,,,,,10,0,True
1207683191,,,,,,,11,1,True
1207683203,,,,,,,10,0,True
1207683303,,,,,,,10,0,True
1207683313,,,,,,,10,0,True
1207683372,,,,,,,3,3,True
1207683394,,,,,,,10,0,True
1207683412,,,,,,,10,0,True
1207683440,,,,,,,8,7,True
1207683515,,,,,,,10,0,True
1207683555,,,,,,,10,0,True
1207683558,,,,,,,9,0,True
1207683578,,,,,,,10,0,True
1207683595,,,,,,,10,0,True
1207683635,,,,,,,10,0,True
1207683643,,,,,,,10,0,True
1207683733,,,,,,,10,0,True
1207683744,,,,,,,10,0,True
1207683827,,,,,,,10,0,True
1207683851,,,,,,,9,9,True
1207683918,,,,,,,10,0,True
1207683938,,,,,,,6,0,True
1207683978,,,,,,,10,0,True
1207684032,,,,,,,10,0,True
1207684035,,,,,,,10,0,True
1207684075,,,,,,,10,0,True
1207684138,,,,,,,10,0,True
1207684171,,,,,,,10,0,True
1207684191,,,,,,,10,0,True
1207684286,,,,,,,10,0,True
1207684302,,,,,,,10,10,True
1207684332,,,,,,,7,0,True
1207684370,,,,,,,10,0,True
1207684383,,,,,,,10,0,True
1207684451,,,,,,,10,0,True
1207684457,,,,,,,10,0,True
1207684484,,,,,,,10,0,True
1207684514,,,,,,,10,0,True
1207684548,,,,,,,6,0,True
1207684660,,,,,,,10,0,True
1207684718,,,,,,,10,10,True
1207684761,,,,,,,10,0,True
1207684829,,,,,,,10,0,True
1207684852,,,,,,,10,10,True
1207684909,,,,,,,10,10,True
1207684967,,,,,,,10,0,True
1207685045,,,,,,,10,10,True
1207685073,,,,,,,10,0,True
1207685163,,,,,,,6,0,True
1207685193,,,,,,,9,9,True
1207685207,,,,,,,7,0,True
1207685284,,,,,,,10,0,True
1207685344,,,,,,,10,0,True
1207685413,,,,,,,10,0,True
1207685438,,,,,,,9,0,True
1207685467,,,,,,,10,10,True
1207685493,,,,,,,10,0,True
1207685528,,,,,,,10,0,True
1207685568,,,,,,,10,10,True
1207685595,,,,,,,10,0,True
1207685624,,,,,,,10,0,True
1207685630,,,,,,,10,0,True
1207685690,,,,,,,10,0,True
1207685710,,,,,,,10,0,True
1207685797,,,,,,,9,0,True
1207685837,,,,,,,10,0,True
1207685864,,,,,,,8,0,True
1207685973,,,,,,,10,0,True
1207686017,,,,,,,10,0,True
1207686027,,,,,,,1,1,True
1207686088,,,,,,,10,0,True
1207686134,,,,,,,10,0,True
1207686138,,,,,,,10,0,True
1207686200,,,,,,,10,1,True
1207686269,,,,,,,10,0,True
1207686318,,,,,,,6,0,True
1207686321,,,,,,,10,0,True
1207686376,,,,,,,10,10,True
1207686487,,,,,,,10,0,True
1207686509,,,,,,,10,0,True
1207686536,,,,,,,7,0,True
1207686576,,,,,,,8,8,True
1207686656,,,,,,,10,0,True
1207686659,,,,,,,8,0,True
1207686793,,,,,,,10,0,True
1207686822,,,,,,,10,0,True
1207686850,,,,,,,10,0,True
1207686903,,,,,,,10,1,True
1207686946,,,,,,,10,10,True
1207687022,,,,,,,10,0,True
1207687050,,,,,,,10,0,True
1207687054,,,,,,,7,0,True
1207687147,,,,,,,10,0,True
1207687254,,,,,,,10,0,True
1207687261,,,,,,,10,0,True
1207687302,,,,,,,10,0,True
1207687328,,,,,,,10,0,True
1207687359,,,,,,,9,0,True
1207687360,,,,,,,10,0,True
1207687402,,,,,,,10,0,True
1207687470,,,,,,,10,0,True
1207687537,,,,,,,10,0,True
1207687567,,,,,,,10,10,True
1207687640,,,,,,,10,0,True
1207687672,,,,,,,9,0,True
1207687710,,,,,,,10,0,True
1207687813,,,,,,,10,10,True
1207687846,,,,,,,10,0,True
1207687879,,,,,,,10,0,True
1207687890,,,,,,,10,0,True
1207687934,,,,,,,6,6,True
1207687998,,,,,,,4,4,True
1207688217,,,,,,,10,0,True
1207688235,,,,,,,7,0,True
1207688352,,,,,,,5,5,True
1207688386,,,,,,,5,0,True
1207688763,,,,,,,10,10,True
1207689250,,,,,,,5,0,True
1207689313,,,,,,,1,0,True
1207689469,,,,,,,5,0,True
1207689946,,,,,,,5,0,True
1207690251,,,,,,,5,0,True
1207690561,,,,,,,5,0,True
1207690722,,,,,,,10,0,True
1207690817,,,,,,,5,0,True
1207691083,,,,,,,5,0,True
1207691551,,,,,,,5,5,True
1207691852,,,,,,,5,0,True
1207691990,,,,,,,5,5,True
1207692086,,,,,,,1,1,True
1207692336,,,,,,,1,1,True
1207692690,,,,,,,10,0,True
1207692708,,,,,,,10,0,True
1207692735,,,,,,,10,0,True
1207693118,,,,,,,1,1,True
1207693665,,,,,,,10,10,True
1207693710,,,,,,,10,0,True
1207694178,,,,,,,1,1,True
1207694436,,,,,,,11,11,True
1207694875,,,,,,,9,9,True
1207694890,,,,,,,10,0,True
1207695061,,,,,,,10,0,True
1207695438,,,,,,,5,5,True
1207695835,,,,,,,10,0,True
1207703486,,,,,,,10,0,True
1207703492,,,,,,,10,0,True
1207703605,,,,,,,10,0,True
1207703912,,,,,,,10,0,True
1207704268,,,,,,,5,5,True
1207704353,,,,,,,10,0,True
1207709286,,,,,,,10,0,True
1207709308,,,,,,,10,0,True
1207709316,,,,,,,5,5,True
1207709410,,,,,,,10,0,True
1207709475,,,,,,,10,0,True
1207709724,,,,,,,10,0,True
1207713308,1.0,1.0,1.0,1.0,2020-05-08 16:00:00+00:00,2020-05-08 16:00:00+00:00,8,8,True
1207722116,,,,,,,10,0,True
1207722888,,,,,,,10,0,True
1207723138,,,,,,,8,0,True
1207723237,,,,,,,10,0,True
1207723260,,,,,,,10,0,True
1207724399,,,,,,,10,0,True
1207728772,,,,,,,10,0,True
1207728821,,,,,,,10,10,True
1207729538,,,,,,,10,0,True
1207730786,,,,,,,10,0,True
1207783141,,,,,,,5,5,True
1207794335,,,,,,,8,2,True
1207794337,,,,,,,10,0,True
1207794677,,,,,,,10,0,True
1207795993,,,,,,,10,0,True
1207796207,,,,,,,10,0,True
1207809595,,,,,,,9,0,True
1207810666,,,,,,,10,0,True
1207811571,,,,,,,10,5,True
1207811638,1.0,1.0,1.0,1.0,2020-05-15 16:00:00+00:00,2020-05-15 16:00:00+00:00,10,10,True
1207811795,,,,,,,10,0,True
1207817193,,,,,,,10,10,True
1207817451,,,,,,,10,0,True
1207818445,,,,,,,10,0,True
1207822426,,,,,,,10,0,True
1207823464,,,,,,,10,0,True
1207823679,,,,,,,10,0,True
1207829549,,,,,,,10,0,True
1207829581,,,,,,,10,1,True
1207829740,,,,,,,10,0,True
1207830331,,,,,,,10,0,True
1207830762,,,,,,,10,0,True
1207831323,,,,,,,10,0,True
1207831480,,,,,,,10,0,True
1207831666,,,,,,,10,0,True
1207831672,,,,,,,10,0,True
1207836210,1.0,1.0,1.0,1.0,2020-05-21 16:00:00+00:00,2020-05-21 16:00:00+00:00,10,10,True
1207836915,,,,,,,9,0,True
1207837552,,,,,,,10,0,True
1207837927,,,,,,,10,0,True
1207838522,,,,,,,10,0,True
1207838691,,,,,,,10,0,True
1207843486,,,,,,,6,6,True
1207844052,,,,,,,10,0,True
1207845215,,,,,,,7,0,True
1207845382,,,,,,,10,0,True
1207845534,,,,,,,10,0,True
1207849690,,,,,,,10,0,True
1207849988,,,,,,,10,0,True
1207850074,,,,,,,9,0,True
1207850360,,,,,,,10,0,True
1207850503,,,,,,,10,0,True
1207851096,,,,,,,1,0,True
1207851889,,,,,,,7,0,True
1207852065,,,,,,,8,0,True
1207852350,,,,,,,10,10,True
1207857637,,,,,,,10,0,True
1207857657,,,,,,,10,0,True
1207858351,,,,,,,10,0,True
1207858547,,,,,,,10,0,True
1207858661,,,,,,,6,6,True
1207862622,,,,,,,10,0,True
1207862650,,,,,,,10,10,True
1207863252,,,,,,,10,0,True
1207865550,,,,,,,10,10,True
1207866011,,,,,,,10,0,True
1207866195,,,,,,,10,0,True
1207866259,,,,,,,10,0,True
1207866306,,,,,,,10,0,True
1207866329,,,,,,,10,0,True
1207866388,,,,,,,10,10,True
1207871566,1.0,1.0,1.0,1.0,2020-05-28 08:19:13+00:00,2020-05-28 08:19:13+00:00,10,10,True
1207872077,,,,,,,9,0,True
1207872095,,,,,,,10,10,True
1207872097,,,,,,,10,10,True
1207872099,1.0,1.0,1.0,1.0,2020-05-29 16:00:00+00:00,2020-05-29 16:00:00+00:00,10,10,True
1207872251,,,,,,,10,0,True
1207872361,,,,,,,10,0,True
1207872844,,,,,,,6,5,True
1207873003,,,,,,,9,0,True
1207873084,1.0,1.0,1.0,1.0,2020-05-29 16:00:00+00:00,2020-05-29 16:00:00+00:00,10,10,True
1207873165,,,,,,,10,0,True
1207873266,,,,,,,10,0,True
1207873293,,,,,,,10,0,True
1207873572,,,,,,,7,7,True
1207876663,,,,,,,10,0,True
1207878237,,,,,,,10,0,True
1207878504,,,,,,,10,0,True
1207878541,,,,,,,10,0,True
1207878600,,,,,,,10,0,True
1207885771,,,,,,,10,0,True
1207889366,,,,,,,10,0,True
1207889726,,,,,,,10,0,True
1207889804,,,,,,,10,5,True
1207893463,,,,,,,5,5,True
1207894788,,,,,,,8,0,True
1207898126,,,,,,,10,10,True
1207900295,1.0,1.0,1.0,1.0,2020-06-06 16:00:00+00:00,2020-06-06 16:00:00+00:00,10,10,True
1207900478,,,,,,,7,0,True
1207901199,,,,,,,10,0,True
1207901321,,,,,,,6,6,True
1207901324,,,,,,,6,6,True
1207901335,,,,,,,10,10,True
1207901972,,,,,,,5,0,True
1207902702,,,,,,,7,7,True
1207906198,,,,,,,10,0,True
1207911959,,,,,,,10,0,True
1207915566,,,,,,,10,0,True
1207916045,,,,,,,10,0,True
1207916091,,,,,,,10,0,True
1207916139,,,,,,,10,0,True
1207916261,,,,,,,10,1,True
1207916341,,,,,,,10,0,True
1207919205,,,,,,,10,0,True
1207922612,,,,,,,10,0,True
1207923033,,,,,,,10,0,True
1207923293,,,,,,,8,0,True
1207923310,,,,,,,6,0,True
1207923419,,,,,,,9,9,True
1207923430,,,,,,,10,0,True
1207923431,,,,,,,10,0,True
1207923704,,,,,,,11,10,True
1207923762,,,,,,,10,0,True
1207923795,,,,,,,8,0,True
1207923901,,,,,,,10,0,True
1207923928,,,,,,,10,0,True
1207924012,,,,,,,5,0,True
1207924398,,,,,,,9,0,True
1207930924,,,,,,,8,3,True
1207932263,,,,,,,10,0,True
1207936040,,,,,,,8,0,True
1207944113,,,,,,,10,0,True
1207944469,,,,,,,1,1,True
1207944547,,,,,,,6,0,True
1207944772,,,,,,,10,5,True
1207944774,,,,,,,13,13,True
1207944889,,,,,,,5,5,True
1207945080,,,,,,,10,10,True
1207945287,,,,,,,10,0,True
1207945329,,,,,,,10,0,True
1207947709,,,,,,,10,0,True
1207948748,,,,,,,7,0,True
1207949067,,,,,,,5,5,True
1207951041,,,,,,,7,0,True
1207951152,,,,,,,10,0,True
1207951265,,,,,,,10,2,True
1207955100,,,,,,,10,0,True
1207955191,,,,,,,10,0,True
1207956160,,,,,,,6,0,True
1207956477,1.0,1.0,1.0,1.0,2020-06-24 16:00:00+00:00,2020-06-24 16:00:00+00:00,10,10,True
1207956530,,,,,,,10,10,True
1207956662,,,,,,,10,0,True
1207956820,,,,,,,10,10,True
1207956872,1.0,1.0,1.0,1.0,2020-06-24 16:00:00+00:00,2020-06-24 16:00:00+00:00,10,10,True
1207956899,,,,,,,10,0,True
1207956946,,,,,,,6,0,True
1207962317,,,,,,,10,10,True
1207962731,,,,,,,10,0,True
1207962807,,,,,,,5,1,True
1207966764,,,,,,,10,0,True
1207967627,,,,,,,10,10,True
1207967698,,,,,,,10,0,True
1207968267,,,,,,,8,0,True
1207968607,,,,,,,10,0,True
1207968688,,,,,,,10,0,True
1207968770,,,,,,,10,0,True
1207968887,,,,,,,10,0,True
1207969005,,,,,,,10,0,True
1207969066,,,,,,,10,0,True
1207969940,,,,,,,7,0,True
1207975275,,,,,,,10,0,True
1207978747,1.0,1.0,1.0,1.0,2020-07-01 16:00:00+00:00,2020-07-01 16:00:00+00:00,9,9,True
1207979254,,,,,,,10,6,True
1207992529,,,,,,,10,0,True
1207995237,,,,,,,8,8,True
1208001603,,,,,,,2,2,True
1208002667,,,,,,,10,0,True
1208008632,,,,,,,3,3,True
1208012367,,,,,,,10,0,True
1208018503,1.0,1.0,1.0,1.0,2020-07-10 16:00:00+00:00,2020-07-10 16:00:00+00:00,7,7,True
1208018789,,,,,,,10,0,True
1208019038,,,,,,,10,0,True
1208023061,,,,,,,7,0,True
1208023957,,,,,,,10,0,True
1208023990,,,,,,,15,0,True
1208027494,,,,,,,3,1,True
1208027614,,,,,,,10,0,True
1208032838,,,,,,,5,0,True
1208032839,,,,,,,5,0,True
1208035693,,,,,,,8,0,True
1208039964,,,,,,,10,10,True
1208044558,,,,,,,10,0,True
1208044612,,,,,,,10,0,True
1208046726,,,,,,,10,0,True
1208059471,,,,,,,7,0,True
1208062100,,,,,,,10,0,True
1208073814,,,,,,,10,10,True
1208075494,,,,,,,3,3,True
1208113745,,,,,,,10,0,True
1208114869,,,,,,,10,0,True
1208115104,,,,,,,8,8,True
1208115106,,,,,,,7,7,True
1208119766,,,,,,,7,0,True
1208142813,,,,,,,10,0,True
1208143091,,,,,,,10,0,True
1208147494,,,,,,,10,0,True
1208153617,,,,,,,10,0,True
1208188552,,,,,,,10,0,True
1208188749,,,,,,,6,0,True
1208188946,,,,,,,9,0,True
1208188947,,,,,,,6,0,True
1208188961,,,,,,,8,0,True
1208214943,,,,,,,10,0,True
1208215679,,,,,,,10,0,True
1208227541,,,,,,,10,0,True
1208234989,,,,,,,10,10,True
1208261662,,,,,,,10,10,True
1208263444,,,,,,,5,5,True
1208473599,,,,,,,10,0,True
1208485437,,,,,,,14,1,True
1208497620,,,,,,,10,0,True
1208505466,,,,,,,10,0,True
1208506957,,,,,,,10,0,True
1208506958,,,,,,,10,0,True
1208515132,,,,,,,7,7,True
1208520123,,,,,,,15,0,True
1208522297,,,,,,,10,0,True
1208532462,,,,,,,2,2,True
1208532463,,,,,,,6,6,True
1208532464,,,,,,,10,10,True
1208532465,,,,,,,10,0,True
1208590763,,,,,,,10,0,True
1208665123,,,,,,,10,0,True
1208665124,,,,,,,10,0,True
1208744750,,,,,,,10,0,True
1208843017,,,,,,,10,0,True
1208893884,,,,,,,10,1,True
1208893885,,,,,,,10,0,True
1208954457,,,,,,,5,0,True
1208955276,,,,,,,10,0,True
1208955277,,,,,,,10,0,True
1208955278,,,,,,,7,0,True
1208996455,,,,,,,10,0,True
1209140174,,,,,,,10,10,True
1209151714,,,,,,,10,0,True
1209194873,,,,,,,10,10,True
1209217787,,,,,,,8,0,True
1209224856,,,,,,,5,5,True
1209224931,,,,,,,6,0,True
1209253141,,,,,,,10,0,True
1209253212,,,,,,,10,0,True
1209253238,,,,,,,6,6,True
1209258220,,,,,,,10,0,True
1209258527,,,,,,,6,0,True
1209259090,,,,,,,8,0,True
1209260140,,,,,,,10,0,True
1209260527,,,,,,,10,0,True
1209260784,,,,,,,10,0,True
1209260968,,,,,,,9,0,True
1209265035,,,,,,,9,0,True
1209265451,,,,,,,10,0,True
1209285315,1.0,1.0,1.0,1.0,2021-02-20 16:00:00+00:00,2021-02-20 16:00:00+00:00,15,10,True
1209285468,,,,,,,7,0,True
1209290882,,,,,,,5,5,True
1209291203,,,,,,,10,0,True
1209296456,,,,,,,10,0,True
1209301422,,,,,,,10,0,True
1209301458,,,,,,,10,10,True
1209310018,,,,,,,10,0,True
1209310875,,,,,,,10,0,True
1209311282,,,,,,,10,0,True
1209311496,,,,,,,10,0,True
1209311808,,,,,,,10,0,True
1209311879,,,,,,,9,0,True
1209312972,,,,,,,10,0,True
1209317969,,,,,,,10,0,True
1209318224,,,,,,,5,0,True
1209318349,,,,,,,10,0,True
1209318899,,,,,,,10,0,True
1209324343,,,,,,,10,0,True
1209324479,,,,,,,10,0,True
1209324835,,,,,,,10,0,True
1209325105,,,,,,,10,0,True
1209338042,,,,,,,10,0,True
1209338158,,,,,,,10,0,True
1209338218,,,,,,,10,0,True
1209338254,,,,,,,10,1,True
1209338436,,,,,,,10,2,True
1209338508,,,,,,,6,0,True
1209338590,,,,,,,10,10,True
1209338595,,,,,,,10,0,True
1209344691,,,,,,,10,0,True
1209346193,,,,,,,10,0,True
1209346921,,,,,,,10,0,True
1209346960,,,,,,,10,0,True
1209347076,,,,,,,10,0,True
1209352456,,,,,,,10,10,True
1209353082,,,,,,,10,0,True
1209353258,,,,,,,10,0,True
1209353379,,,,,,,10,0,True
1209353520,,,,,,,6,0,True
1209353880,,,,,,,10,0,True
1209354001,,,,,,,10,0,True
1209354031,,,,,,,10,0,True
1209358656,,,,,,,10,0,True
1209358891,,,,,,,10,0,True
1209359088,,,,,,,9,0,True
1209359344,,,,,,,10,10,True
1209359474,,,,,,,7,0,True
1209359793,,,,,,,10,0,True
1209359800,,,,,,,10,0,True
1209365614,,,,,,,5,0,True
1209365748,,,,,,,10,0,True
1209365880,,,,,,,10,0,True
1209365951,,,,,,,10,0,True
1209366984,,,,,,,10,0,True
1209367019,,,,,,,10,0,True
1209370257,,,,,,,7,0,True
1209370738,,,,,,,10,0,True
1209370926,,,,,,,10,0,True
1209371176,2.0,2.0,1.0,2.0,2021-03-12 16:00:00+00:00,2021-03-12 16:00:00+00:00,10,10,True
1209371372,,,,,,,6,0,True
1209371400,,,,,,,9,0,True
1209371735,,,,,,,10,0,True
1209371762,,,,,,,10,0,True
1209376933,,,,,,,8,0,True
1209379622,,,,,,,10,0,True
1209379648,,,,,,,10,0,True
1209379743,,,,,,,8,0,True
1209379771,,,,,,,10,0,True
1209379986,,,,,,,6,0,True
1209380022,,,,,,,15,0,True
1209380080,,,,,,,10,0,True
1209380087,,,,,,,10,0,True
1209380841,,,,,,,10,0,True
1209380867,,,,,,,10,10,True
1209383588,,,,,,,10,0,True
1209384447,,,,,,,10,0,True
1209384550,,,,,,,9,0,True
1209384671,,,,,,,10,0,True
1209384759,,,,,,,10,0,True
1209384870,,,,,,,10,0,True
1209385012,,,,,,,10,0,True
1209385146,,,,,,,10,0,True
1209385417,,,,,,,10,0,True
1209385441,,,,,,,10,0,True
1209385523,,,,,,,10,0,True
1209385586,,,,,,,9,0,True
1209385657,,,,,,,10,0,True
1209385732,,,,,,,10,0,True
1209385788,,,,,,,7,0,True
1209385886,,,,,,,7,0,True
1209385948,,,,,,,10,0,True
1209385957,,,,,,,10,0,True
1209386036,,,,,,,10,0,True
1209386048,,,,,,,9,0,True
1209386144,,,,,,,10,0,True
1209386366,,,,,,,10,0,True
1209386371,,,,,,,2,0,True
1209387969,,,,,,,10,10,True
1209392540,,,,,,,10,0,True
1209392863,,,,,,,7,4,True
1209393047,,,,,,,5,0,True
1209393113,,,,,,,10,0,True
1209393189,,,,,,,7,0,True
1209393501,,,,,,,9,0,True
1209393648,,,,,,,10,10,True
1209393826,,,,,,,9,0,True
1209393884,,,,,,,6,0,True
1209394168,,,,,,,10,0,True
1209394302,,,,,,,10,0,True
1209394371,,,,,,,10,10,True
1209402086,,,,,,,10,0,True
1209402176,,,,,,,9,0,True
1209402351,,,,,,,10,10,True
1209402371,,,,,,,10,0,True
1209402687,,,,,,,10,10,True
1209402821,,,,,,,10,0,True
1209402884,,,,,,,8,0,True
1209403011,,,,,,,10,0,True
1209403049,,,,,,,8,4,True
1209403113,,,,,,,6,0,True
1209403162,,,,,,,8,0,True
1209403251,,,,,,,10,0,True
1209410395,,,,,,,10,0,True
1209410806,,,,,,,10,0,True
1209410954,,,,,,,10,0,True
1209411012,,,,,,,6,6,True
1209411184,,,,,,,10,0,True
1209411210,,,,,,,6,0,True
1209416875,1.0,1.0,1.0,1.0,2021-03-20 16:00:00+00:00,2021-03-20 16:00:00+00:00,10,10,True
1209417113,,,,,,,10,0,True
1209417177,,,,,,,10,0,True
1209417281,,,,,,,5,0,True
1209417359,,,,,,,10,0,True
1209417633,,,,,,,10,10,True
1209417658,1.0,1.0,1.0,1.0,2021-03-20 16:00:00+00:00,2021-03-20 16:00:00+00:00,10,10,True
1209417686,,,,,,,1,1,True
1209417715,,,,,,,10,0,True
1209417740,,,,,,,10,10,True
1209417791,,,,,,,10,10,True
1209417859,,,,,,,10,0,True
1209417890,,,,,,,10,0,True
1209417954,,,,,,,10,0,True
1209418052,,,,,,,10,0,True
1209418227,,,,,,,9,0,True
1209418352,,,,,,,10,0,True
1209418378,,,,,,,10,0,True
1209418513,,,,,,,7,0,True
1209418600,,,,,,,10,0,True
1209418630,,,,,,,10,0,True
1209418693,,,,,,,5,5,True
1209418744,,,,,,,10,0,True
1209418846,,,,,,,5,0,True
1209418976,,,,,,,10,0,True
1209419035,,,,,,,10,0,True
1209419140,,,,,,,10,0,True
1209419262,,,,,,,10,0,True
1209419338,,,,,,,10,4,True
1209419343,,,,,,,10,0,True
1209419404,,,,,,,10,0,True
1209419500,,,,,,,10,0,True
1209419529,,,,,,,9,0,True
1209419593,,,,,,,10,0,True
1209419707,,,,,,,5,0,True
1209420376,,,,,,,10,0,True
1209420432,,,,,,,10,0,True
1209425240,,,,,,,10,0,True
1209425348,,,,,,,7,0,True
1209425363,,,,,,,10,0,True
1209425527,,,,,,,10,0,True
1209425561,,,,,,,10,0,True
1209425620,,,,,,,10,0,True
1209425687,,,,,,,10,0,True
1209425873,,,,,,,10,0,True
1209425957,,,,,,,6,0,True
1209426024,,,,,,,10,1,True
1209426071,,,,,,,10,0,True
1209426078,,,,,,,10,0,True
1209426216,,,,,,,10,0,True
1209426354,,,,,,,10,0,True
1209426562,,,,,,,5,5,True
1209426711,,,,,,,5,5,True
1209426900,,,,,,,5,0,True
1209427155,,,,,,,6,4,True
1209427315,,,,,,,10,0,True
1209427344,,,,,,,8,1,True
1209427465,,,,,,,10,10,True
1209427502,,,,,,,10,0,True
1209427529,,,,,,,7,6,True
1209427551,,,,,,,10,0,True
1209427555,,,,,,,10,0,True
1209427600,,,,,,,10,0,True
1209427627,,,,,,,8,0,True
1209427686,,,,,,,10,0,True
1209427691,,,,,,,10,0,True
1209427765,,,,,,,10,0,True
1209427800,,,,,,,15,0,True
1209427826,,,,,,,10,0,True
1209427834,,,,,,,10,0,True
1209427901,,,,,,,6,0,True
1209427945,,,,,,,10,0,True
1209428009,,,,,,,10,5,True
1209428051,,,,,,,10,10,True
1209428128,,,,,,,8,0,True
1209428269,,,,,,,10,0,True
1209428328,,,,,,,10,0,True
1209428528,,,,,,,10,10,True
1209428546,,,,,,,7,0,True
1209436127,,,,,,,10,0,True
1209436829,,,,,,,10,0,True
1209437132,,,,,,,6,0,True
1209437676,,,,,,,10,0,True
1209438116,,,,,,,7,0,True
1209438164,,,,,,,10,0,True
1209438419,,,,,,,10,0,True
1209438508,,,,,,,10,0,True
1209438558,,,,,,,10,0,True
1209438619,,,,,,,10,0,True
1209438680,,,,,,,10,10,True
1209438910,,,,,,,10,0,True
1209443167,,,,,,,5,5,True
1209443705,,,,,,,5,0,True
1209443733,,,,,,,10,0,True
1209443800,,,,,,,5,5,True
1209443839,,,,,,,10,0,True
1209443991,,,,,,,5,5,True
1209444120,,,,,,,10,0,True
1209444191,,,,,,,5,5,True
1209444272,,,,,,,1,1,True
1209444339,,,,,,,8,8,True
1209444802,1.0,1.0,1.0,1.0,2021-03-25 16:00:00+00:00,2021-03-25 16:00:00+00:00,10,10,True
1209444859,,,,,,,9,0,True
1209445120,,,,,,,10,0,True
1209445271,,,,,,,11,1,True
1209445321,,,,,,,10,10,True
1209445361,,,,,,,5,0,True
1209445453,,,,,,,10,0,True
1209445489,,,,,,,8,0,True
1209445586,,,,,,,10,0,True
1209445661,,,,,,,6,0,True
1209445678,,,,,,,10,0,True
1209445723,,,,,,,7,0,True
1209445742,,,,,,,10,10,True
1209445785,,,,,,,10,0,True
1209445831,,,,,,,10,0,True
1209449895,,,,,,,10,0,True
1209450943,,,,,,,9,9,True
1209451228,,,,,,,10,0,True
1209451269,,,,,,,10,10,True
1209451323,,,,,,,7,7,True
1209451354,,,,,,,10,0,True
1209451447,,,,,,,10,0,True
1209451562,,,,,,,7,0,True
1209451700,,,,,,,5,0,True
1209451778,,,,,,,10,0,True
1209451864,,,,,,,10,0,True
1209451872,,,,,,,5,0,True
1209451939,,,,,,,10,0,True
1209451968,,,,,,,10,0,True
1209452037,,,,,,,7,0,True
1209452244,,,,,,,10,0,True
1209452283,,,,,,,10,0,True
1209452308,,,,,,,10,0,True
1209452364,,,,,,,10,0,True
1209452425,,,,,,,15,0,True
1209452441,,,,,,,8,0,True
1209452497,,,,,,,8,0,True
1209452533,,,,,,,10,0,True
1209452594,,,,,,,10,0,True
1209452643,,,,,,,1,1,True
1209452688,,,,,,,10,0,True
1209452710,,,,,,,10,0,True
1209452771,,,,,,,10,0,True
1209452799,,,,,,,7,0,True
1209453008,,,,,,,10,0,True
1209453016,,,,,,,10,0,True
1209453085,,,,,,,10,0,True
1209453135,,,,,,,10,0,True
1209453171,,,,,,,10,0,True
1209453206,,,,,,,5,0,True
1209453269,,,,,,,5,5,True
1209453378,,,,,,,5,0,True
1209453773,,,,,,,10,0,True
1209453785,,,,,,,10,0,True
1209453814,,,,,,,10,0,True
1209453838,,,,,,,10,0,True
1209453882,,,,,,,7,0,True
1209453901,,,,,,,7,0,True
1209454015,,,,,,,10,10,True
1209454031,,,,,,,7,0,True
1209454097,,,,,,,6,0,True
1209454154,,,,,,,10,0,True
1209454207,,,,,,,9,0,True
1209454273,,,,,,,10,0,True
1209454346,,,,,,,7,0,True
1209454384,,,,,,,10,0,True
1209454416,,,,,,,10,0,True
1209454419,,,,,,,10,0,True
1209454487,,,,,,,7,0,True
1209454512,,,,,,,6,6,True
1209454550,,,,,,,10,0,True
1209454649,,,,,,,8,0,True
1209454758,,,,,,,10,0,True
1209461486,,,,,,,10,10,True
1209461552,,,,,,,10,0,True
1209461622,,,,,,,10,0,True
1209461927,,,,,,,10,0,True
1209462017,,,,,,,10,10,True
1209462148,,,,,,,10,0,True
1209462285,,,,,,,10,0,True
1209462326,,,,,,,6,5,True
1209462434,,,,,,,10,10,True
1209462453,,,,,,,8,0,True
1209462534,,,,,,,10,0,True
1209462555,,,,,,,10,0,True
1209462658,,,,,,,10,0,True
1209462732,,,,,,,10,0,True
1209462778,1.0,1.0,1.0,1.0,2021-03-27 16:00:00+00:00,2021-03-27 16:00:00+00:00,10,10,True
1209462815,1.0,1.0,1.0,1.0,2021-03-29 16:00:00+00:00,2021-03-29 16:00:00+00:00,12,12,True
1209462866,,,,,,,10,0,True
1209462874,,,,,,,10,0,True
1209462908,,,,,,,10,0,True
1209462944,,,,,,,10,10,True
1209463002,,,,,,,6,0,True
1209463046,,,,,,,10,0,True
1209463067,,,,,,,10,0,True
1209463312,,,,,,,10,0,True
1209463535,,,,,,,10,0,True
1209463731,,,,,,,10,0,True
1209463849,,,,,,,10,0,True
1209463957,,,,,,,10,0,True
1209463960,,,,,,,8,0,True
1209464144,,,,,,,10,0,True
1209464150,,,,,,,10,0,True
1209464216,,,,,,,10,0,True
1209464294,,,,,,,10,0,True
1209464323,,,,,,,10,10,True
1209464501,,,,,,,10,0,True
1209464573,,,,,,,10,0,True
1209464602,,,,,,,10,0,True
1209464627,,,,,,,10,0,True
1209464674,,,,,,,10,0,True
1209464726,,,,,,,10,0,True
1209464806,,,,,,,10,0,True
1209464859,,,,,,,7,0,True
1209464923,,,,,,,5,5,True
1209464990,,,,,,,10,0,True
1209465069,,,,,,,10,0,True
1209465224,,,,,,,10,0,True
1209465462,,,,,,,10,0,True
1209465556,,,,,,,5,0,True
1209465665,,,,,,,10,0,True
1209465725,,,,,,,10,0,True
1209465793,,,,,,,10,0,True
1209465798,,,,,,,10,0,True
1209465825,,,,,,,5,0,True
1209465923,,,,,,,6,0,True
1209465956,,,,,,,10,1,True
1209465981,,,,,,,10,0,True
1209466016,1.0,1.0,1.0,1.0,2021-03-27 16:00:00+00:00,2021-03-27 16:00:00+00:00,7,7,True
1209466165,,,,,,,10,0,True
1209466269,,,,,,,5,5,True
1209466277,,,,,,,10,0,True
1209466351,,,,,,,15,0,True
1209468127,,,,,,,5,0,True
1209468150,,,,,,,10,0,True
1209468170,,,,,,,6,0,True
1209468240,,,,,,,5,0,True
1209472692,,,,,,,10,0,True
1209472735,,,,,,,7,4,True
1209472904,,,,,,,6,6,True
1209472906,,,,,,,10,10,True
1209473048,,,,,,,10,0,True
1209473089,,,,,,,5,0,True
1209473206,1.0,1.0,1.0,1.0,2021-03-30 16:00:00+00:00,2021-03-30 16:00:00+00:00,10,10,True
1209473229,,,,,,,10,0,True
1209473357,,,,,,,7,0,True
1209473398,,,,,,,10,0,True
1209473460,,,,,,,8,0,True
1209473495,,,,,,,10,10,True
1209473564,,,,,,,10,10,True
1209473774,,,,,,,10,0,True
1209474156,,,,,,,10,0,True
1209474226,,,,,,,10,0,True
1209474293,,,,,,,5,0,True
1209474367,,,,,,,9,0,True
1209474499,,,,,,,9,0,True
1209474622,,,,,,,7,0,True
1209474694,,,,,,,10,0,True
1209474713,,,,,,,10,5,True
1209474735,,,,,,,2,2,True
1209474792,,,,,,,10,0,True
1209474861,,,,,,,10,0,True
1209474941,,,,,,,10,0,True
1209474970,,,,,,,10,0,True
1209475011,,,,,,,10,10,True
1209475049,,,,,,,5,5,True
1209475077,,,,,,,10,0,True
1209475132,,,,,,,10,0,True
1209475139,,,,,,,8,8,True
1209475211,,,,,,,10,0,True
1209475245,,,,,,,8,2,True
1209475323,,,,,,,10,0,True
1209475398,1.0,1.0,1.0,1.0,2021-03-30 16:00:00+00:00,2021-03-30 16:00:00+00:00,8,8,True
1209475528,,,,,,,5,5,True
1209475651,,,,,,,10,0,True
1209475716,,,,,,,10,0,True
1209475735,,,,,,,10,10,True
1209475842,,,,,,,10,0,True
1209475895,,,,,,,10,0,True
1209475937,,,,,,,8,7,True
1209475953,,,,,,,10,0,True
1209476048,,,,,,,10,0,True
1209476107,,,,,,,10,0,True
1209476115,,,,,,,5,5,True
1209476219,,,,,,,10,0,True
1209476240,,,,,,,10,0,True
1209476287,,,,,,,6,0,True
1209476305,,,,,,,10,0,True
1209476375,,,,,,,10,0,True
1209476407,,,,,,,7,0,True
1209476441,,,,,,,10,3,True
1209476508,,,,,,,8,0,True
1209476543,,,,,,,10,0,True
1209476611,,,,,,,7,0,True
1209476663,,,,,,,10,0,True
1209476716,,,,,,,10,0,True
1209476755,,,,,,,9,0,True
1209476882,,,,,,,10,0,True
1209476944,,,,,,,10,0,True
1209476948,,,,,,,10,1,True
1209477054,,,,,,,10,0,True
1209477085,,,,,,,2,0,True
1209477137,,,,,,,10,0,True
1209477270,,,,,,,9,0,True
1209477316,,,,,,,10,0,True
1209477392,,,,,,,10,0,True
1209477556,,,,,,,5,0,True
1209477762,,,,,,,10,0,True
1209477784,,,,,,,10,0,True
1209478263,,,,,,,9,9,True
1209478407,,,,,,,10,0,True
1209478523,,,,,,,5,5,True
1209478666,,,,,,,10,0,True
1209478672,,,,,,,10,0,True
1209478682,,,,,,,10,0,True
1209478722,,,,,,,10,0,True
1209478734,,,,,,,10,0,True
1209478760,,,,,,,10,0,True
1209478842,,,,,,,7,7,True
1209478861,,,,,,,10,0,True
1209483843,,,,,,,1,1,True
1209483999,,,,,,,6,6,True
1209484095,,,,,,,5,0,True
1209484171,,,,,,,10,2,True
1209484259,,,,,,,10,0,True
1209484401,,,,,,,10,0,True
1209484428,,,,,,,10,0,True
1209484430,,,,,,,10,10,True
1209484663,,,,,,,10,0,True
1209484824,,,,,,,6,0,True
1209484866,,,,,,,1,1,True
1209484904,,,,,,,10,0,True
1209484935,,,,,,,10,0,True
1209485174,,,,,,,10,0,True
1209485209,,,,,,,10,0,True
1209485244,,,,,,,10,0,True
1209485329,,,,,,,10,0,True
1209485360,,,,,,,8,8,True
1209485425,,,,,,,11,1,True
1209485470,,,,,,,10,2,True
1209485510,,,,,,,10,0,True
1209485549,,,,,,,10,0,True
1209485598,,,,,,,8,0,True
1209485652,,,,,,,10,0,True
1209485664,,,,,,,10,0,True
1209485815,,,,,,,7,7,True
1209485903,,,,,,,5,0,True
1209485937,,,,,,,5,5,True
1209485962,,,,,,,10,0,True
1209486068,,,,,,,10,0,True
1209486148,,,,,,,10,0,True
1209486438,,,,,,,10,0,True
1209486462,,,,,,,7,0,True
1209486532,,,,,,,7,0,True
1209486539,,,,,,,7,0,True
1209486674,,,,,,,10,0,True
1209486739,,,,,,,7,7,True
1209486816,,,,,,,10,0,True
1209486871,,,,,,,10,0,True
1209486895,,,,,,,10,5,True
1209486971,,,,,,,8,0,True
1209486992,,,,,,,7,0,True
1209487116,,,,,,,10,0,True
1209487166,,,,,,,9,0,True
1209487347,,,,,,,10,0,True
1209487356,,,,,,,1,1,True
1209487368,,,,,,,10,0,True
1209487491,,,,,,,10,1,True
1209487504,,,,,,,7,7,True
1209487640,,,,,,,10,0,True
1209487681,,,,,,,10,0,True
1209487797,,,,,,,9,0,True
1209487868,,,,,,,10,0,True
1209487910,,,,,,,10,0,True
1209487989,,,,,,,10,0,True
1209488008,,,,,,,10,0,True
1209488086,,,,,,,10,0,True
1209488180,,,,,,,8,0,True
1209488210,,,,,,,10,0,True
1209488399,,,,,,,10,0,True
1209488453,,,,,,,10,10,True
1209488567,,,,,,,9,0,True
1209488727,,,,,,,8,0,True
1209488796,,,,,,,6,0,True
1209488901,,,,,,,8,0,True
1209488957,,,,,,,7,1,True
1209488983,,,,,,,10,0,True
1209489075,,,,,,,10,0,True
1209489086,,,,,,,10,0,True
1209489114,,,,,,,6,6,True
1209489212,,,,,,,6,0,True
1209489254,,,,,,,8,2,True
1209489374,,,,,,,10,0,True
1209489421,,,,,,,9,9,True
1209489440,,,,,,,10,0,True
1209489624,,,,,,,10,0,True
1209489631,,,,,,,10,1,True
1209489814,,,,,,,5,5,True
1209489870,,,,,,,10,0,True
1209489892,,,,,,,10,10,True
1209490148,,,,,,,8,7,True
1209490236,,,,,,,10,0,True
1209490332,,,,,,,8,5,True
1209490400,,,,,,,15,0,True
1209490547,,,,,,,10,0,True
1209490579,,,,,,,9,0,True
1209490676,,,,,,,10,0,True
1209490712,,,,,,,9,0,True
1209490742,,,,,,,10,0,True
1209490796,,,,,,,10,0,True
1209490822,,,,,,,10,0,True
1209490837,,,,,,,10,0,True
1209490855,,,,,,,10,0,True
1209490909,,,,,,,10,0,True
1209490932,,,,,,,10,0,True
1209491037,,,,,,,15,5,True
1209491087,,,,,,,10,10,True
1209491096,,,,,,,10,0,True
1209491146,,,,,,,10,0,True
1209491179,,,,,,,10,0,True
1209491205,,,,,,,10,0,True
1209491295,,,,,,,6,0,True
1209491320,,,,,,,10,0,True
1209491413,,,,,,,6,0,True
1209491456,,,,,,,9,0,True
1209491509,,,,,,,10,0,True
1209491585,1.0,1.0,1.0,1.0,2021-03-31 16:00:00+00:00,2021-03-31 16:00:00+00:00,10,4,True
1209491591,,,,,,,10,0,True
1209491614,,,,,,,6,6,True
1209491643,,,,,,,10,10,True
1209491659,,,,,,,10,0,True
1209491697,,,,,,,10,0,True
1209491720,,,,,,,7,0,True
1209491917,,,,,,,2,2,True
1209491975,,,,,,,10,0,True
1209491995,,,,,,,10,0,True
1209492036,,,,,,,8,0,True
1209492038,,,,,,,10,0,True
1209492069,,,,,,,10,0,True
1209492108,,,,,,,10,0,True
1209492148,,,,,,,10,0,True
1209492236,,,,,,,10,10,True
1209492261,,,,,,,10,10,True
1209492292,,,,,,,6,0,True
1209492309,,,,,,,8,5,True
1209492327,,,,,,,10,0,True
1209492375,,,,,,,10,0,True
1209492383,,,,,,,9,0,True
1209492419,,,,,,,10,0,True
1209492466,,,,,,,7,0,True
1209492480,,,,,,,10,0,True
1209492536,,,,,,,10,0,True
1209492598,,,,,,,7,0,True
1209492604,1.0,1.0,1.0,1.0,2021-03-31 16:00:00+00:00,2021-03-31 16:00:00+00:00,10,10,True
1209492672,,,,,,,10,0,True
1209492680,,,,,,,10,0,True
1209492736,,,,,,,10,0,True
1209492767,,,,,,,10,0,True
1209492805,,,,,,,2,2,True
1209492833,,,,,,,10,0,True
1209493143,,,,,,,7,0,True
1209493188,,,,,,,10,0,True
1209493265,,,,,,,9,5,True
1209493360,,,,,,,10,0,True
1209496298,,,,,,,10,10,True
1209496359,1.0,1.0,1.0,1.0,2021-03-31 16:00:00+00:00,2021-03-31 16:00:00+00:00,5,5,True
1209496440,,,,,,,5,5,True
1209496606,,,,,,,10,0,True
1209496619,,,,,,,10,0,True
1209496639,,,,,,,10,0,True
1209496666,,,,,,,10,0,True
1209496712,,,,,,,10,0,True
1209496730,,,,,,,10,0,True
1209496770,,,,,,,10,0,True
1209496785,,,,,,,10,0,True
1209496817,,,,,,,10,0,True
1209496827,,,,,,,10,0,True
1209496856,1.0,1.0,1.0,1.0,2021-03-31 16:00:00+00:00,2021-03-31 16:00:00+00:00,10,10,True
1209496894,,,,,,,10,0,True
1209496921,,,,,,,10,0,True
1209496934,,,,,,,11,1,True
1209496957,,,,,,,10,0,True
1209496998,,,,,,,10,10,True
1209497016,,,,,,,10,0,True
1209497073,,,,,,,9,0,True
1209497117,,,,,,,10,0,True
1209565321,,,,,,,10,0,True
1209565525,,,,,,,8,0,True
1209566023,,,,,,,10,0,True
1209566105,,,,,,,6,0,True
1209566169,,,,,,,7,0,True
1209566254,,,,,,,9,0,True
1209566735,,,,,,,10,5,True
1209566974,,,,,,,10,0,True
1209566977,,,,,,,7,2,True
1209567091,,,,,,,10,0,True
1209567154,,,,,,,9,9,True
1209567258,,,,,,,10,0,True
1209567290,,,,,,,10,0,True
1209567348,,,,,,,10,0,True
1209567680,,,,,,,10,3,True
1209567775,,,,,,,10,0,True
1209567812,,,,,,,6,0,True
1209567901,,,,,,,10,10,True
1209567950,,,,,,,10,0,True
1209568013,,,,,,,10,0,True
1209569259,,,,,,,10,0,True
1209614820,,,,,,,10,0,True
1209614861,1.0,1.0,1.0,1.0,2021-04-02 16:00:00+00:00,2021-04-02 16:00:00+00:00,10,10,True
1209614947,,,,,,,10,0,True
1209624106,,,,,,,10,0,True
1209624183,,,,,,,10,0,True
1209624234,,,,,,,10,0,True
1209624544,,,,,,,10,0,True
1209624576,,,,,,,10,0,True
1209624657,,,,,,,10,10,True
1209624703,,,,,,,10,0,True
1209624844,,,,,,,10,2,True
1209625028,,,,,,,15,15,True
1209625064,,,,,,,10,0,True
1209625111,,,,,,,10,0,True
1209625210,,,,,,,7,0,True
1209625328,,,,,,,10,0,True
1209625982,,,,,,,10,0,True
1209626148,,,,,,,10,0,True
1209626179,,,,,,,10,10,True
1209626220,,,,,,,10,0,True
1209626273,,,,,,,10,0,True
1209626282,,,,,,,10,10,True
1209626410,1.0,1.0,1.0,1.0,2021-04-02 16:00:00+00:00,2021-04-02 16:00:00+00:00,9,9,True
1209626529,,,,,,,10,0,True
1209636788,,,,,,,10,0,True
1209636889,,,,,,,10,10,True
1209636911,,,,,,,10,0,True
1209636989,,,,,,,10,0,True
1209637389,,,,,,,9,0,True
1209637817,,,,,,,10,10,True
1209638011,,,,,,,10,10,True
1209638052,,,,,,,7,0,True
1209638087,,,,,,,10,0,True
1209638154,,,,,,,10,0,True
1209638538,,,,,,,10,0,True
1209638883,,,,,,,10,0,True
1209640963,,,,,,,10,0,True
1209641098,,,,,,,10,0,True
1209641989,,,,,,,10,0,True
1209642140,,,,,,,10,0,True
1209642235,,,,,,,10,1,True
1209642646,,,,,,,2,0,True
1209642896,,,,,,,10,0,True
1209643444,,,,,,,9,0,True
1209643824,,,,,,,10,0,True
1209644016,,,,,,,10,0,True
1209647708,,,,,,,9,0,True
1209647903,,,,,,,10,0,True
1209648107,,,,,,,10,0,True
1209648348,,,,,,,10,0,True
1209648391,,,,,,,10,0,True
1209648473,,,,,,,10,0,True
1209648533,,,,,,,9,9,True
1209648739,,,,,,,10,0,True
1209648851,,,,,,,10,0,True
1209649006,,,,,,,20,0,True
1209649023,,,,,,,10,0,True
1209649077,,,,,,,6,0,True
1209649116,,,,,,,10,10,True
1209649196,,,,,,,10,0,True
1209649252,,,,,,,10,0,True
1209649372,,,,,,,10,0,True
1209649547,,,,,,,7,0,True
1209649608,,,,,,,10,0,True
1209649763,,,,,,,10,0,True
1209649935,,,,,,,10,0,True
1209649968,,,,,,,10,0,True
1209655536,,,,,,,10,0,True
1209655571,,,,,,,9,0,True
1209655605,,,,,,,10,0,True
1209655684,,,,,,,10,10,True
1209655754,,,,,,,10,5,True
1209655790,,,,,,,8,0,True
1209655959,,,,,,,10,0,True
1209656188,,,,,,,10,0,True
1209656436,,,,,,,10,10,True
1209656501,,,,,,,7,1,True
1209656636,,,,,,,10,0,True
1209656722,,,,,,,10,0,True
1209656740,,,,,,,10,10,True
1209656877,,,,,,,10,0,True
1209656941,,,,,,,10,0,True
1209656999,,,,,,,10,0,True
1209657085,,,,,,,10,0,True
1209657090,,,,,,,9,0,True
1209657356,,,,,,,10,0,True
1209657416,,,,,,,10,10,True
1209657566,,,,,,,6,0,True
1209657677,,,,,,,6,0,True
1209657705,,,,,,,10,0,True
1209657939,,,,,,,10,0,True
1209658136,,,,,,,6,0,True
1209658172,,,,,,,4,2,True
1209658207,,,,,,,8,0,True
1209658270,,,,,,,10,0,True
1209658343,,,,,,,10,0,True
1209658352,,,,,,,10,0,True
1209658401,,,,,,,10,0,True
1209658494,,,,,,,10,0,True
1209658527,,,,,,,10,0,True
1209658730,,,,,,,10,10,True
1209658902,,,,,,,6,0,True
1209659048,,,,,,,10,0,True
1209659081,,,,,,,10,0,True
1209659163,,,,,,,10,0,True
1209659245,,,,,,,10,0,True
1209659260,,,,,,,10,10,True
1209659395,,,,,,,10,0,True
1209659408,,,,,,,10,0,True
1209659459,,,,,,,10,0,True
1209659721,,,,,,,8,0,True
1209659737,,,,,,,10,0,True
1209659840,,,,,,,9,0,True
1209664902,,,,,,,10,0,True
1209664919,,,,,,,10,10,True
1209665091,,,,,,,10,10,True
1209665120,1.0,1.0,1.0,1.0,2021-04-10 16:00:00+00:00,2021-04-10 16:00:00+00:00,7,7,True
1209665189,,,,,,,10,0,True
1209665510,,,,,,,10,0,True
1209665625,,,,,,,1,0,True
1209665878,,,,,,,10,0,True
1209666165,,,,,,,10,0,True
1209666185,,,,,,,10,0,True
1209666513,,,,,,,5,5,True
1209666588,2.0,2.0,2.0,1.0,2021-04-10 16:00:00+00:00,2021-04-10 16:00:00+00:00,9,9,True
1209666614,,,,,,,10,0,True
1209666716,,,,,,,10,0,True
1209666849,,,,,,,10,0,True
1209666970,,,,,,,6,6,True
1209666977,,,,,,,7,7,True
1209667211,,,,,,,10,0,True
1209667279,,,,,,,10,0,True
1209667378,,,,,,,10,10,True
1209667605,,,,,,,10,0,True
1209667696,,,,,,,10,0,True
1209667750,,,,,,,10,0,True
1209667790,,,,,,,10,0,True
1209667868,,,,,,,10,0,True
1209667927,,,,,,,10,0,True
1209667977,,,,,,,6,0,True
1209668091,,,,,,,7,0,True
1209668147,,,,,,,9,9,True
1209668169,,,,,,,10,0,True
1209668282,,,,,,,8,0,True
1209668318,,,,,,,10,0,True
1209668434,,,,,,,10,5,True
1209668453,,,,,,,10,0,True
1209668485,1.0,1.0,1.0,1.0,2021-04-10 16:00:00+00:00,2021-04-10 16:00:00+00:00,10,10,True
1209668614,,,,,,,10,0,True
1209668689,,,,,,,10,0,True
1209668746,,,,,,,6,6,True
1209668794,,,,,,,10,0,True
1209668849,,,,,,,10,0,True
1209668932,,,,,,,10,0,True
1209668936,,,,,,,6,0,True
1209668975,,,,,,,9,0,True
1209669013,,,,,,,8,0,True
1209669039,,,,,,,6,0,True
1209669078,,,,,,,10,0,True
1209669118,,,,,,,10,0,True
1209669184,,,,,,,9,0,True
1209669198,,,,,,,5,0,True
1209669439,,,,,,,5,0,True
1209669756,,,,,,,7,7,True
1209669842,,,,,,,10,0,True
1209669889,,,,,,,10,0,True
1209669916,,,,,,,10,10,True
1209672121,,,,,,,7,0,True
1209673811,,,,,,,10,10,True
1209673935,,,,,,,10,0,True
1209674009,,,,,,,6,6,True
1209674167,,,,,,,10,0,True
1209674257,,,,,,,10,0,True
1209674578,,,,,,,10,0,True
1209674636,,,,,,,5,5,True
1209675041,,,,,,,10,0,True
1209675078,,,,,,,10,0,True
1209675192,,,,,,,7,0,True
1209675414,,,,,,,10,0,True
1209675566,,,,,,,10,0,True
1209675678,,,,,,,10,0,True
1209675777,,,,,,,10,0,True
1209675924,,,,,,,10,0,True
1209676015,,,,,,,6,0,True
1209676068,,,,,,,10,0,True
1209676116,,,,,,,10,0,True
1209676163,,,,,,,10,0,True
1209676233,,,,,,,10,0,True
1209676272,,,,,,,10,1,True
1209676300,,,,,,,7,0,True
1209676381,,,,,,,10,2,True
1209676392,,,,,,,10,0,True
1209676432,,,,,,,10,10,True
1209676534,,,,,,,9,1,True
1209676546,,,,,,,8,8,True
1209676585,,,,,,,9,0,True
1209676610,,,,,,,10,0,True
1209676647,,,,,,,7,0,True
1209676683,,,,,,,10,0,True
1209676689,,,,,,,10,0,True
1209676740,,,,,,,10,0,True
1209676796,,,,,,,10,0,True
1209676805,,,,,,,9,0,True
1209676903,,,,,,,9,0,True
1209676928,,,,,,,4,4,True
1209676988,,,,,,,10,0,True
1209677065,,,,,,,6,0,True
1209677556,,,,,,,5,5,True
1209678087,,,,,,,10,0,True
1209678288,,,,,,,10,0,True
1209678290,,,,,,,10,0,True
1209678346,,,,,,,10,0,True
1209678412,,,,,,,10,0,True
1209678436,,,,,,,10,0,True
1209678508,,,,,,,10,0,True
1209678521,,,,,,,10,0,True
1209678549,,,,,,,10,0,True
1209678574,,,,,,,10,0,True
1209678594,,,,,,,10,0,True
1209678638,,,,,,,10,0,True
1209681132,,,,,,,10,1,True
1209681189,,,,,,,10,0,True
1209681203,,,,,,,10,0,True
1209681275,,,,,,,10,0,True
1209682142,,,,,,,10,0,True
1209682470,1.0,1.0,1.0,1.0,2021-04-14 16:00:00+00:00,2021-04-14 16:00:00+00:00,10,10,True
1209682794,,,,,,,10,0,True
1209682944,,,,,,,9,0,True
1209683129,,,,,,,10,0,True
1209683185,,,,,,,10,0,True
1209683311,,,,,,,10,0,True
1209683392,,,,,,,10,0,True
1209687312,,,,,,,10,0,True
1209687431,,,,,,,8,0,True
1209687499,,,,,,,10,0,True
1209687569,,,,,,,10,0,True
1209687680,,,,,,,10,0,True
1209687724,,,,,,,10,0,True
1209687820,,,,,,,10,0,True
1209687987,,,,,,,10,0,True
1209688163,,,,,,,10,0,True
1209688313,,,,,,,5,0,True
1209688792,,,,,,,4,4,True
1209688926,,,,,,,10,0,True
1209689005,,,,,,,5,0,True
1209689084,,,,,,,6,6,True
1209689357,,,,,,,10,0,True
1209689430,,,,,,,10,10,True
1209689582,,,,,,,10,0,True
1209689725,,,,,,,10,0,True
1209689788,,,,,,,9,0,True
1209689904,,,,,,,10,0,True
1209690114,,,,,,,10,0,True
1209690156,,,,,,,10,0,True
1209690229,,,,,,,10,0,True
1209690265,,,,,,,10,0,True
1209690344,,,,,,,10,0,True
1209690393,,,,,,,10,0,True
1209690419,,,,,,,10,0,True
1209690486,,,,,,,6,0,True
1209690509,2.0,2.0,1.0,2.0,2021-04-15 16:00:00+00:00,2021-04-15 16:00:00+00:00,10,10,True
1209690551,,,,,,,10,0,True
1209690685,,,,,,,10,0,True
1209690730,,,,,,,10,0,True
1209690760,,,,,,,10,0,True
1209690797,,,,,,,10,0,True
1209690832,,,,,,,5,5,True
1209690932,,,,,,,10,0,True
1209690960,,,,,,,10,0,True
1209690987,,,,,,,9,0,True
1209691048,,,,,,,6,0,True
1209691102,,,,,,,10,0,True
1209691113,,,,,,,5,0,True
1209691150,,,,,,,10,0,True
1209691245,,,,,,,10,0,True
1209691290,,,,,,,10,0,True
1209691328,,,,,,,10,0,True
1209691387,,,,,,,10,0,True
1209691407,,,,,,,5,0,True
1209691531,,,,,,,10,0,True
1209691748,,,,,,,10,0,True
1209691756,,,,,,,15,0,True
1209691810,,,,,,,10,0,True
1209691850,,,,,,,10,0,True
1209691917,,,,,,,10,0,True
1209691953,,,,,,,10,0,True
1209691991,,,,,,,15,0,True
1209692017,,,,,,,5,0,True
1209692079,,,,,,,10,0,True
1209692118,,,,,,,10,0,True
1209692159,,,,,,,9,0,True
1209692190,,,,,,,8,0,True
1209692315,,,,,,,10,0,True
1209692397,,,,,,,10,0,True
1209692423,,,,,,,10,0,True
1209692437,,,,,,,10,0,True
1209692457,,,,,,,10,0,True
1209692528,,,,,,,6,6,True
1209692565,,,,,,,10,0,True
1209692572,,,,,,,10,0,True
1209692599,,,,,,,10,6,True
1209692638,,,,,,,10,0,True
1209692692,,,,,,,6,0,True
1209692743,,,,,,,10,0,True
1209692802,,,,,,,10,0,True
1209692835,,,,,,,10,0,True
1209692897,,,,,,,10,0,True
1209692931,,,,,,,10,0,True
1209697034,,,,,,,10,10,True
1209697145,,,,,,,5,5,True
1209697435,,,,,,,10,0,True
1209698631,,,,,,,10,0,True
1209698818,,,,,,,10,0,True
1209698845,,,,,,,10,0,True
1209698985,,,,,,,10,0,True
1209699170,,,,,,,6,0,True
1209699214,,,,,,,8,0,True
1209699226,,,,,,,10,0,True
1209699305,,,,,,,7,6,True
1209699541,,,,,,,10,0,True
1209699544,,,,,,,10,0,True
1209699602,,,,,,,10,0,True
1209699607,,,,,,,5,0,True
1209699652,1.0,1.0,1.0,1.0,2021-04-16 16:00:00+00:00,2021-04-16 16:00:00+00:00,6,6,True
1209699716,,,,,,,5,0,True
1209699839,,,,,,,10,0,True
1209699974,,,,,,,10,0,True
1209700113,,,,,,,10,0,True
1209700277,,,,,,,6,1,True
1209700437,,,,,,,10,0,True
1209700630,,,,,,,9,0,True
1209700712,,,,,,,10,0,True
1209700784,,,,,,,5,5,True
1209700918,,,,,,,10,0,True
1209701045,,,,,,,10,0,True
1209701093,,,,,,,10,0,True
1209701139,,,,,,,10,0,True
1209701260,,,,,,,10,0,True
1209701317,,,,,,,10,0,True
1209701332,,,,,,,10,0,True
1209701773,,,,,,,10,0,True
1209701833,,,,,,,10,0,True
1209701851,,,,,,,10,0,True
1209701918,,,,,,,10,0,True
1209701940,,,,,,,9,0,True
1209702041,,,,,,,10,0,True
1209702112,,,,,,,10,0,True
1209702157,,,,,,,10,0,True
1209702187,2.0,2.0,2.0,1.0,2021-04-16 16:00:00+00:00,2021-04-16 16:00:00+00:00,10,10,True
1209702301,,,,,,,10,0,True
1209702341,,,,,,,7,0,True
1209702371,,,,,,,10,0,True
1209702420,,,,,,,10,0,True
1209702441,,,,,,,10,0,True
1209702550,,,,,,,9,9,True
1209702577,,,,,,,10,0,True
1209702599,,,,,,,10,0,True
1209702814,,,,,,,7,0,True
1209702894,,,,,,,8,8,True
1209702959,,,,,,,9,0,True
1209703034,,,,,,,7,0,True
1209703068,,,,,,,10,0,True
1209703184,,,,,,,10,0,True
1209703301,,,,,,,6,0,True
1209703318,,,,,,,10,0,True
1209703393,,,,,,,8,0,True
1209703449,,,,,,,6,6,True
1209703502,,,,,,,8,0,True
1209703525,,,,,,,9,0,True
1209703640,,,,,,,10,0,True
1209703663,,,,,,,10,0,True
1209703717,,,,,,,10,0,True
1209703736,,,,,,,10,0,True
1209703744,,,,,,,10,0,True
1209703816,,,,,,,10,0,True
1209704270,,,,,,,10,0,True
1209704340,,,,,,,10,10,True
1209707182,,,,,,,10,1,True
1209708950,,,,,,,10,0,True
1209710571,,,,,,,10,0,True
1209710587,,,,,,,7,7,True
1209710622,,,,,,,10,0,True
1209710844,,,,,,,10,0,True
1209710945,,,,,,,10,10,True
1209711313,,,,,,,10,0,True
1209711429,,,,,,,10,0,True
1209711441,,,,,,,10,0,True
1209711529,,,,,,,10,0,True
1209711734,,,,,,,10,0,True
1209711737,,,,,,,10,0,True
1209712020,,,,,,,10,0,True
1209712163,,,,,,,10,0,True
1209712274,,,,,,,10,0,True
1209712449,,,,,,,10,0,True
1209712483,,,,,,,10,0,True
1209712541,,,,,,,10,5,True
1209712718,,,,,,,10,0,True
1209712719,,,,,,,10,0,True
1209712749,,,,,,,10,0,True
1209712825,,,,,,,9,0,True
1209712879,,,,,,,9,0,True
1209712938,,,,,,,10,0,True
1209712984,,,,,,,6,0,True
1209713019,,,,,,,8,0,True
1209713106,1.0,1.0,1.0,1.0,2021-04-17 16:00:00+00:00,2021-04-17 16:00:00+00:00,12,12,True
1209713217,,,,,,,8,0,True
1209713315,,,,,,,10,0,True
1209713328,,,,,,,9,9,True
1209713403,,,,,,,10,0,True
1209713593,,,,,,,10,0,True
1209713618,,,,,,,7,0,True
1209713650,,,,,,,10,0,True
1209713671,,,,,,,10,0,True
1209713748,,,,,,,10,0,True
1209713776,,,,,,,10,0,True
1209713795,,,,,,,7,0,True
1209713844,,,,,,,10,0,True
1209713967,,,,,,,10,10,True
1209714073,,,,,,,10,0,True
1209714136,,,,,,,10,0,True
1209714147,,,,,,,10,0,True
1209714181,,,,,,,10,0,True
1209714254,,,,,,,10,0,True
1209714272,,,,,,,10,0,True
1209714314,,,,,,,10,0,True
1209714338,,,,,,,10,0,True
1209714363,,,,,,,8,0,True
1209714416,,,,,,,10,0,True
1209714525,,,,,,,10,0,True
1209714592,,,,,,,10,0,True
1209714630,,,,,,,10,0,True
1209718421,,,,,,,10,0,True
1209718440,,,,,,,10,0,True
1209718460,,,,,,,10,0,True
1209718563,,,,,,,10,0,True
1209721331,,,,,,,10,0,True
1209721344,,,,,,,10,0,True
1209722328,,,,,,,10,4,True
1209722519,,,,,,,10,0,True
1209722529,,,,,,,5,0,True
1209722621,,,,,,,10,10,True
1209722808,,,,,,,7,0,True
1209722907,,,,,,,5,3,True
1209722950,,,,,,,10,0,True
1209722995,2.0,2.0,1.0,2.0,2021-04-19 09:08:25+00:00,2021-04-19 09:08:25+00:00,10,10,True
1209722998,,,,,,,10,0,True
1209723070,,,,,,,10,10,True
1209723084,,,,,,,7,0,True
1209723086,,,,,,,10,0,True
1209723186,,,,,,,10,10,True
1209723360,,,,,,,10,0,True
1209723388,,,,,,,8,0,True
1209723409,,,,,,,6,0,True
1209723473,,,,,,,10,0,True
1209723517,,,,,,,10,0,True
1209723572,,,,,,,10,0,True
1209723629,,,,,,,10,0,True
1209723679,,,,,,,2,2,True
1209723720,,,,,,,10,0,True
1209723758,,,,,,,10,0,True
1209723792,,,,,,,10,0,True
1209723826,,,,,,,10,0,True
1209723846,,,,,,,6,0,True
1209723913,,,,,,,10,0,True
1209723941,,,,,,,10,0,True
1209723988,,,,,,,10,0,True
1209724000,,,,,,,10,0,True
1209724059,,,,,,,10,0,True
1209724085,,,,,,,10,0,True
1209724095,,,,,,,10,0,True
1209724145,,,,,,,10,0,True
1209724166,,,,,,,8,0,True
1209724246,,,,,,,10,0,True
1209724269,,,,,,,10,0,True
1209724345,,,,,,,9,0,True
1209724366,,,,,,,6,0,True
1209724403,,,,,,,10,0,True
1209724419,,,,,,,10,0,True
1209724500,,,,,,,10,0,True
1209724549,,,,,,,10,0,True
1209724637,,,,,,,10,0,True
1209724658,,,,,,,3,0,True
1209724719,,,,,,,10,10,True
1209724784,,,,,,,4,4,True
1209724797,,,,,,,10,0,True
1209724842,,,,,,,10,0,True
1209724898,,,,,,,10,0,True
1209724926,,,,,,,10,0,True
1209724956,,,,,,,10,0,True
1209725031,,,,,,,10,0,True
1209725095,,,,,,,10,0,True
1209725107,,,,,,,10,0,True
1209725168,,,,,,,10,0,True
1209725232,,,,,,,7,0,True
1209725260,,,,,,,10,0,True
1209725292,,,,,,,9,0,True
1209725336,,,,,,,9,9,True
1209725384,,,,,,,7,5,True
1209725416,,,,,,,10,0,True
1209725484,,,,,,,10,0,True
1209725565,,,,,,,10,0,True
1209725630,,,,,,,7,7,True
1209725747,,,,,,,6,0,True
1209725756,,,,,,,10,0,True
1209725764,,,,,,,10,0,True
1209725863,,,,,,,8,0,True
1209725938,,,,,,,7,7,True
1209725963,,,,,,,10,0,True
1209725986,,,,,,,7,0,True
1209726071,,,,,,,10,0,True
1209726106,,,,,,,10,0,True
1209726115,,,,,,,10,0,True
1209726131,,,,,,,10,0,True
1209726199,,,,,,,2,2,True
1209726242,,,,,,,10,0,True
1209726287,,,,,,,10,0,True
1209726309,,,,,,,10,0,True
1209726352,,,,,,,10,0,True
1209726387,,,,,,,10,0,True
1209726468,,,,,,,9,0,True
1209726477,,,,,,,10,0,True
1209726550,,,,,,,8,8,True
1209726610,,,,,,,5,0,True
1209726634,,,,,,,10,0,True
1209726663,,,,,,,10,10,True
1209726744,,,,,,,10,0,True
1209726937,,,,,,,5,0,True
1209727024,,,,,,,10,0,True
1209727206,,,,,,,10,0,True
1209727244,,,,,,,10,0,True
1209727450,,,,,,,8,0,True
1209727451,,,,,,,10,0,True
1209727556,,,,,,,10,0,True
1209727955,,,,,,,10,0,True
1209728330,,,,,,,1,1,True
1209728461,,,,,,,10,0,True
1209728545,,,,,,,9,9,True
1209728590,,,,,,,10,0,True
1209728615,,,,,,,10,0,True
1209728654,,,,,,,10,0,True
1209728719,,,,,,,10,0,True
1209728726,,,,,,,10,0,True
1209728737,,,,,,,10,0,True
1209728766,,,,,,,14,4,True
1209728804,,,,,,,10,10,True
1209728872,,,,,,,7,0,True
1209728936,,,,,,,10,0,True
1209728966,,,,,,,7,0,True
1209728978,,,,,,,10,0,True
1209729036,,,,,,,10,0,True
1209729064,,,,,,,10,0,True
1209729223,,,,,,,5,0,True
1209729291,,,,,,,5,5,True
1209729521,,,,,,,10,0,True
1209729704,,,,,,,10,0,True
1209729724,,,,,,,10,0,True
1209729764,,,,,,,10,0,True
1209729800,,,,,,,10,0,True
1209729835,,,,,,,10,0,True
1209729871,,,,,,,10,0,True
1209729882,,,,,,,10,0,True
1209729907,,,,,,,10,0,True
1209729934,,,,,,,10,0,True
1209729984,,,,,,,10,0,True
1209730039,,,,,,,5,5,True
1209730164,,,,,,,10,0,True
1209730213,,,,,,,10,0,True
1209730264,,,,,,,6,0,True
1209730285,,,,,,,10,10,True
1209730286,,,,,,,6,6,True
1209730287,,,,,,,14,0,True
1209730337,,,,,,,10,0,True
1209730367,,,,,,,10,0,True
1209730408,,,,,,,10,0,True
1209734856,,,,,,,7,0,True
1209736376,,,,,,,10,0,True
1209736539,,,,,,,10,0,True
1209736661,,,,,,,10,10,True
1209736731,,,,,,,10,0,True
1209737080,1.0,1.0,1.0,1.0,2021-04-21 16:00:00+00:00,2021-04-21 16:00:00+00:00,10,7,True
1209737252,,,,,,,10,0,True
1209737310,,,,,,,10,0,True
1209737451,,,,,,,10,0,True
1209737487,,,,,,,10,0,True
1209737590,,,,,,,10,0,True
1209737655,,,,,,,5,0,True
1209737740,,,,,,,10,0,True
1209737779,,,,,,,5,0,True
1209737910,,,,,,,6,1,True
1209737971,,,,,,,10,0,True
1209738079,,,,,,,10,0,True
1209738241,,,,,,,10,0,True
1209738322,,,,,,,10,10,True
1209738459,,,,,,,6,0,True
1209738496,,,,,,,6,0,True
1209738562,,,,,,,10,0,True
1209738644,,,,,,,10,0,True
1209738701,,,,,,,10,0,True
1209738829,,,,,,,10,5,True
1209738910,1.0,1.0,1.0,1.0,2021-04-21 16:00:00+00:00,2021-04-21 16:00:00+00:00,5,5,True
1209738971,,,,,,,10,10,True
1209739010,,,,,,,9,0,True
1209739020,,,,,,,9,9,True
1209739064,,,,,,,9,9,True
1209739097,,,,,,,10,0,True
1209739116,,,,,,,10,10,True
1209739119,,,,,,,10,10,True
1209739120,,,,,,,10,0,True
1209739181,,,,,,,10,9,True
1209739207,,,,,,,10,0,True
1209739211,,,,,,,8,0,True
1209739267,,,,,,,8,0,True
1209739332,1.0,1.0,1.0,1.0,2021-04-21 16:00:00+00:00,2021-04-21 16:00:00+00:00,10,10,True
1209739416,,,,,,,10,0,True
1209739478,,,,,,,10,0,True
1209739546,,,,,,,10,0,True
1209739578,,,,,,,10,0,True
1209739590,,,,,,,10,0,True
1209739679,,,,,,,10,0,True
1209739726,,,,,,,8,0,True
1209739802,,,,,,,7,0,True
1209739841,,,,,,,10,5,True
1209739870,,,,,,,7,0,True
1209739906,,,,,,,9,0,True
1209740052,,,,,,,10,0,True
1209740134,,,,,,,8,0,True
1209740208,,,,,,,8,0,True
1209740237,,,,,,,10,0,True
1209740305,,,,,,,8,8,True
1209740326,,,,,,,10,0,True
1209740491,1.0,1.0,1.0,1.0,2021-04-21 16:00:00+00:00,2021-04-21 16:00:00+00:00,10,10,True
1209740818,,,,,,,10,0,True
1209740860,,,,,,,10,0,True
1209740893,,,,,,,10,0,True
1209740925,,,,,,,10,0,True
1209740944,,,,,,,10,0,True
1209740967,,,,,,,10,0,True
1209741073,,,,,,,10,0,True
1209741116,,,,,,,10,0,True
1209755485,,,,,,,10,0,True
1209755919,,,,,,,10,0,True
1209755963,,,,,,,10,0,True
1209756051,,,,,,,5,5,True
1209756162,,,,,,,10,0,True
1209756294,,,,,,,10,0,True
1209756337,,,,,,,9,0,True
1209756707,,,,,,,10,0,True
1209756789,,,,,,,10,0,True
1209756976,,,,,,,10,0,True
1209757205,,,,,,,10,0,True
1209757239,,,,,,,10,0,True
1209757301,1.0,1.0,1.0,1.0,2021-04-22 16:00:00+00:00,2021-04-22 16:00:00+00:00,10,10,True
1209757521,,,,,,,8,0,True
1209757697,,,,,,,10,0,True
1209757738,,,,,,,10,0,True
1209757751,,,,,,,5,5,True
1209757897,,,,,,,10,0,True
1209757967,,,,,,,7,0,True
1209758005,,,,,,,10,0,True
1209758151,,,,,,,10,0,True
1209758209,,,,,,,6,0,True
1209758225,,,,,,,5,5,True
1209758398,,,,,,,10,0,True
1209758407,,,,,,,10,0,True
1209758449,,,,,,,6,0,True
1209758537,,,,,,,10,0,True
1209758575,,,,,,,10,0,True
1209758596,,,,,,,8,8,True
1209758805,,,,,,,10,8,True
1209758828,,,,,,,10,0,True
1209758935,,,,,,,10,0,True
1209758993,,,,,,,10,0,True
1209759098,,,,,,,10,0,True
1209759193,,,,,,,10,0,True
1209759232,,,,,,,10,0,True
1209759253,,,,,,,10,10,True
1209759271,,,,,,,10,0,True
1209759313,,,,,,,10,0,True
1209759343,,,,,,,9,0,True
1209759346,,,,,,,7,0,True
1209759443,,,,,,,7,7,True
1209759494,,,,,,,10,0,True
1209759528,,,,,,,10,0,True
1209759560,,,,,,,10,0,True
1209759587,,,,,,,10,0,True
1209759625,,,,,,,10,0,True
1209759675,,,,,,,10,0,True
1209759706,,,,,,,10,0,True
1209759925,,,,,,,10,0,True
1209759929,,,,,,,10,10,True
1209760058,,,,,,,10,0,True
1209760089,,,,,,,10,0,True
1209760118,,,,,,,10,0,True
1209760121,,,,,,,10,0,True
1209760208,,,,,,,10,0,True
1209760234,,,,,,,6,0,True
1209760378,,,,,,,10,0,True
1209760416,,,,,,,7,0,True
1209765910,,,,,,,10,0,True
1209768296,,,,,,,10,10,True
1209768354,,,,,,,10,0,True
1209768363,,,,,,,10,0,True
1209768393,,,,,,,10,0,True
1209768439,,,,,,,8,0,True
1209768484,,,,,,,7,0,True
1209768585,,,,,,,10,0,True
1209768619,,,,,,,5,5,True
1209768821,,,,,,,6,0,True
1209768898,,,,,,,5,0,True
1209769034,,,,,,,7,0,True
1209769040,,,,,,,10,0,True
1209769249,,,,,,,10,0,True
1209769328,,,,,,,9,4,True
1209769405,,,,,,,10,1,True
1209769423,,,,,,,10,0,True
1209769567,,,,,,,10,0,True
1209769600,,,,,,,6,1,True
1209769640,,,,,,,10,0,True
1209769754,1.0,1.0,1.0,1.0,2021-04-23 16:00:00+00:00,2021-04-23 16:00:00+00:00,4,4,True
1209769795,,,,,,,10,5,True
1209769852,,,,,,,6,0,True
1209769987,,,,,,,8,0,True
1209770025,,,,,,,9,9,True
1209770095,,,,,,,10,10,True
1209770267,,,,,,,5,0,True
1209770437,,,,,,,7,2,True
1209770454,,,,,,,10,0,True
1209770516,,,,,,,10,0,True
1209770572,,,,,,,8,0,True
1209770646,,,,,,,10,0,True
1209770838,,,,,,,10,0,True
1209770871,,,,,,,10,0,True
1209770958,,,,,,,10,10,True
1209771008,,,,,,,10,0,True
1209771148,,,,,,,10,0,True
1209771157,,,,,,,10,0,True
1209771206,,,,,,,10,10,True
1209771282,,,,,,,10,0,True
1209771330,,,,,,,1,1,True
1209771395,,,,,,,10,0,True
1209771425,1.0,1.0,1.0,1.0,2021-04-23 16:00:00+00:00,2021-04-23 16:00:00+00:00,10,10,True
1209771465,,,,,,,10,0,True
1209771495,,,,,,,10,0,True
1209771684,,,,,,,10,0,True
1209771722,,,,,,,10,10,True
1209771771,,,,,,,10,0,True
1209771826,,,,,,,10,0,True
1209771968,,,,,,,10,0,True
1209771993,,,,,,,9,0,True
1209772048,,,,,,,9,0,True
1209772318,,,,,,,5,0,True
1209772354,,,,,,,10,10,True
1209772371,,,,,,,10,0,True
1209772418,,,,,,,10,10,True
1209772503,,,,,,,6,0,True
1209772537,,,,,,,10,0,True
1209772571,,,,,,,10,0,True
1209772614,,,,,,,5,2,True
1209772626,,,,,,,10,1,True
1209772822,,,,,,,9,0,True
1209772827,,,,,,,10,0,True
1209772905,,,,,,,10,0,True
1209772974,,,,,,,10,0,True
1209773076,,,,,,,7,0,True
1209773146,,,,,,,10,10,True
1209773305,,,,,,,5,5,True
1209773375,,,,,,,8,0,True
1209773405,,,,,,,10,0,True
1209773429,,,,,,,10,0,True
1209773532,,,,,,,10,5,True
1209773569,,,,,,,7,0,True
1209773580,1.0,1.0,1.0,1.0,2021-04-23 16:00:00+00:00,2021-04-23 16:00:00+00:00,10,10,True
1209773634,,,,,,,7,0,True
1209773667,,,,,,,10,0,True
1209773744,,,,,,,10,10,True
1209773798,,,,,,,10,0,True
1209773837,,,,,,,10,0,True
1209773875,,,,,,,10,0,True
1209773898,,,,,,,7,0,True
1209773980,,,,,,,6,1,True
1209773995,,,,,,,10,0,True
1209774044,,,,,,,10,0,True
1209774053,,,,,,,10,0,True
1209774239,,,,,,,10,0,True
1209774316,,,,,,,10,0,True
1209774339,,,,,,,7,0,True
1209774379,,,,,,,10,0,True
1209774402,,,,,,,7,0,True
1209774428,,,,,,,10,0,True
1209774442,,,,,,,10,0,True
1209774559,,,,,,,9,0,True
1209774589,,,,,,,10,0,True
1209774610,,,,,,,10,0,True
1209774666,,,,,,,10,0,True
1209774757,,,,,,,10,0,True
1209774796,,,,,,,10,0,True
1209774842,,,,,,,10,0,True
1209774888,,,,,,,10,0,True
1209774956,,,,,,,7,0,True
1209775005,,,,,,,6,6,True
1209775107,,,,,,,8,0,True
1209775136,,,,,,,6,0,True
1209775189,,,,,,,10,0,True
1209775235,,,,,,,9,0,True
1209775318,,,,,,,11,1,True
1209775324,,,,,,,10,0,True
1209775351,,,,,,,10,0,True
1209775360,,,,,,,9,0,True
1209775460,,,,,,,10,0,True
1209775485,,,,,,,6,1,True
1209775523,,,,,,,10,0,True
1209775528,,,,,,,10,0,True
1209775620,,,,,,,10,0,True
1209775661,,,,,,,10,0,True
1209775668,,,,,,,6,0,True
1209775712,,,,,,,7,0,True
1209775777,,,,,,,10,0,True
1209775814,,,,,,,10,0,True
1209775883,,,,,,,10,0,True
1209775961,,,,,,,10,0,True
1209775993,,,,,,,10,0,True
1209775999,,,,,,,10,0,True
1209776063,,,,,,,14,0,True
1209776065,,,,,,,10,10,True
1209776115,,,,,,,10,0,True
1209776169,,,,,,,6,0,True
1209776210,,,,,,,10,0,True
1209776252,,,,,,,10,0,True
1209776354,,,,,,,10,0,True
1209776443,,,,,,,10,0,True
1209776468,,,,,,,6,0,True
1209776477,,,,,,,15,5,True
1209776680,,,,,,,10,10,True
1209776984,,,,,,,7,0,True
1209777004,,,,,,,10,0,True
1209777045,,,,,,,10,0,True
1209777110,,,,,,,10,0,True
1209777140,,,,,,,10,0,True
1209777177,,,,,,,4,4,True
1209777225,,,,,,,10,0,True
1209777237,,,,,,,10,0,True
1209777270,,,,,,,10,0,True
1209777414,,,,,,,6,6,True
1209777441,,,,,,,10,10,True
1209777476,,,,,,,10,0,True
1209777496,,,,,,,10,0,True
1209780311,,,,,,,10,0,True
1209786621,,,,,,,10,0,True
1209786659,,,,,,,10,0,True
1209786919,,,,,,,10,0,True
1209787041,,,,,,,6,6,True
1209787282,,,,,,,10,0,True
1209787295,,,,,,,5,5,True
1209787313,,,,,,,10,0,True
1209787539,,,,,,,10,0,True
1209787593,,,,,,,10,0,True
1209787679,,,,,,,10,0,True
1209787710,,,,,,,10,0,True
1209787910,2.0,2.0,2.0,2.0,2021-04-24 16:00:00+00:00,2021-04-24 16:00:00+00:00,10,10,True
1209788013,,,,,,,10,0,True
1209788040,,,,,,,7,0,True
1209788130,,,,,,,5,5,True
1209788153,,,,,,,10,0,True
1209788184,,,,,,,10,0,True
1209788240,,,,,,,6,0,True
1209788304,,,,,,,10,10,True
1209788585,1.0,1.0,1.0,1.0,2021-04-24 16:00:00+00:00,2021-04-24 16:00:00+00:00,8,8,True
1209788658,,,,,,,10,0,True
1209788775,,,,,,,10,0,True
1209788863,,,,,,,9,9,True
1209788882,,,,,,,10,0,True
1209788941,,,,,,,10,0,True
1209789031,,,,,,,11,11,True
1209789042,,,,,,,8,0,True
1209789088,,,,,,,10,0,True
1209789296,,,,,,,10,0,True
1209789306,,,,,,,10,0,True
1209789374,1.0,1.0,1.0,1.0,2021-04-24 16:00:00+00:00,2021-04-24 16:00:00+00:00,6,6,True
1209789457,,,,,,,9,9,True
1209789667,,,,,,,10,0,True
1209789685,,,,,,,10,0,True
1209789736,,,,,,,10,0,True
1209789949,,,,,,,10,0,True
1209789982,,,,,,,10,0,True
1209790010,,,,,,,10,0,True
1209790026,,,,,,,10,0,True
1209790096,,,,,,,10,0,True
1209790114,,,,,,,10,0,True
1209790172,,,,,,,10,0,True
1209790268,,,,,,,10,0,True
1209790479,,,,,,,10,0,True
1209790518,,,,,,,10,0,True
1209790602,,,,,,,10,0,True
1209790647,,,,,,,10,0,True
1209790742,,,,,,,5,0,True
1209790856,,,,,,,2,0,True
1209790934,,,,,,,7,0,True
1209790975,,,,,,,10,0,True
1209791025,,,,,,,10,1,True
1209791096,,,,,,,7,0,True
1209791099,,,,,,,10,0,True
1209791198,,,,,,,10,0,True
1209791277,,,,,,,10,10,True
1209791320,,,,,,,10,0,True
1209791341,,,,,,,9,1,True
1209791434,,,,,,,10,0,True
1209791531,,,,,,,10,0,True
1209791679,,,,,,,10,0,True
1209791706,,,,,,,10,0,True
1209791766,1.0,1.0,1.0,1.0,2021-04-24 16:00:00+00:00,2021-04-24 16:00:00+00:00,7,7,True
1209791866,,,,,,,10,0,True
1209791907,,,,,,,6,6,True
1209791931,,,,,,,15,5,True
1209792069,,,,,,,6,0,True
1209792155,,,,,,,10,0,True
1209792266,,,,,,,10,0,True
1209792291,,,,,,,10,0,True
1209792360,,,,,,,10,0,True
1209792389,,,,,,,10,0,True
1209792415,,,,,,,10,0,True
1209792571,,,,,,,10,0,True
1209792624,,,,,,,10,10,True
1209792630,,,,,,,9,0,True
1209792638,,,,,,,10,0,True
1209792697,,,,,,,10,0,True
1209792700,,,,,,,10,0,True
1209792773,,,,,,,10,0,True
1209792820,,,,,,,10,0,True
1209792855,,,,,,,10,0,True
1209792963,,,,,,,10,0,True
1209793047,,,,,,,10,0,True
1209793116,,,,,,,6,0,True
1209793144,,,,,,,10,0,True
1209793203,,,,,,,10,0,True
1209793231,,,,,,,10,0,True
1209793286,,,,,,,7,0,True
1209793358,,,,,,,10,0,True
1209793398,,,,,,,6,0,True
1209793471,,,,,,,9,0,True
1209793500,,,,,,,10,0,True
1209793534,,,,,,,10,0,True
1209793555,,,,,,,10,0,True
1209793617,,,,,,,10,0,True
1209793659,,,,,,,10,0,True
1209793676,,,,,,,10,0,True
1209793748,,,,,,,10,0,True
1209793806,,,,,,,10,10,True
1209793852,,,,,,,10,8,True
1209793917,,,,,,,10,0,True
1209793920,,,,,,,10,0,True
1209793970,,,,,,,2,2,True
1209794002,,,,,,,10,10,True
1209794008,,,,,,,10,0,True
1209794053,,,,,,,10,0,True
1209794101,,,,,,,10,0,True
1209794112,,,,,,,5,0,True
1209794168,,,,,,,7,1,True
1209794224,,,,,,,10,0,True
1209794233,,,,,,,10,0,True
1209794277,,,,,,,10,0,True
1209794303,,,,,,,8,0,True
1209794340,,,,,,,10,0,True
1209794477,,,,,,,9,0,True
1209794521,,,,,,,10,0,True
1209794628,,,,,,,10,0,True
1209794683,,,,,,,10,0,True
1209794842,,,,,,,10,0,True
1209794878,,,,,,,10,0,True
1209794906,,,,,,,10,0,True
1209794988,,,,,,,10,0,True
1209795010,,,,,,,10,0,True
1209795050,,,,,,,8,0,True
1209795059,,,,,,,10,10,True
1209795139,,,,,,,7,1,True
1209795160,,,,,,,7,1,True
1209795198,,,,,,,10,10,True
1209795222,,,,,,,9,9,True
1209795264,,,,,,,7,7,True
1209795303,,,,,,,5,0,True
1209795318,,,,,,,6,6,True
1209795324,,,,,,,10,0,True
1209795398,,,,,,,10,0,True
1209795549,,,,,,,10,0,True
1209795589,,,,,,,10,0,True
1209795607,,,,,,,10,5,True
1209795639,,,,,,,10,2,True
1209795642,,,,,,,10,0,True
1209795656,,,,,,,10,0,True
1209795736,,,,,,,10,0,True
1209795741,,,,,,,7,0,True
1209795766,,,,,,,10,0,True
1209795831,,,,,,,10,0,True
1209795877,,,,,,,10,0,True
1209795885,,,,,,,10,0,True
1209795970,,,,,,,10,10,True
1209796018,,,,,,,10,10,True
1209796088,,,,,,,10,0,True
1209796130,,,,,,,10,0,True
1209796184,,,,,,,10,0,True
1209796236,,,,,,,10,10,True
1209796297,1.0,1.0,1.0,1.0,2021-04-24 16:00:00+00:00,2021-04-24 16:00:00+00:00,5,5,True
1209796331,,,,,,,10,0,True
1209796395,,,,,,,10,0,True
1209796422,,,,,,,10,0,True
1209796524,,,,,,,10,0,True
1209796532,,,,,,,10,0,True
1209796621,,,,,,,10,0,True
1209796663,,,,,,,10,0,True
1209796699,,,,,,,10,0,True
1209796713,,,,,,,10,0,True
1209796772,,,,,,,9,0,True
1209796809,,,,,,,9,0,True
1209796814,,,,,,,10,0,True
1209796877,,,,,,,6,0,True
1209796926,,,,,,,10,0,True
1209796968,,,,,,,10,0,True
1209796992,,,,,,,10,0,True
1209797033,,,,,,,10,0,True
1209797103,,,,,,,6,0,True
1209797152,,,,,,,10,0,True
1209797185,,,,,,,10,0,True
1209797215,,,,,,,10,0,True
1209797239,,,,,,,11,0,True
1209797272,,,,,,,10,0,True
1209797301,,,,,,,10,0,True
1209797321,,,,,,,10,0,True
1209797379,,,,,,,10,0,True
1209797428,,,,,,,10,0,True
1209797476,,,,,,,6,0,True
1209797505,,,,,,,10,0,True
1209797548,,,,,,,9,4,True
1209797695,,,,,,,10,0,True
1209797706,,,,,,,10,0,True
1209797758,,,,,,,10,0,True
1209797937,,,,,,,10,0,True
1209799957,,,,,,,7,0,True
1209799965,,,,,,,10,0,True
1209799968,,,,,,,6,0,True
1209799990,,,,,,,10,0,True
1209799995,,,,,,,10,0,True
1209800065,,,,,,,5,0,True
1209800180,,,,,,,5,0,True
1209800192,,,,,,,10,0,True
1209800472,,,,,,,10,10,True
1209800536,,,,,,,10,0,True
1209800548,,,,,,,10,0,True
1209800577,,,,,,,10,0,True
1209800613,,,,,,,10,0,True
1209800672,,,,,,,10,0,True
1209800695,,,,,,,10,0,True
1209800701,,,,,,,10,0,True
1209800739,,,,,,,10,0,True
1209805518,,,,,,,10,0,True
1209805593,,,,,,,10,0,True
1209805772,1.0,1.0,1.0,1.0,2021-04-27 16:00:00+00:00,2021-04-27 16:00:00+00:00,10,10,True
1209805869,,,,,,,10,0,True
1209805909,,,,,,,6,1,True
1209805938,,,,,,,10,0,True
1209806239,,,,,,,10,0,True
1209806433,,,,,,,6,0,True
1209806557,,,,,,,6,0,True
1209806743,,,,,,,10,0,True
1209806780,,,,,,,5,5,True
1209806990,,,,,,,10,10,True
1209807337,,,,,,,10,0,True
1209807434,,,,,,,10,0,True
1209807455,,,,,,,6,0,True
1209807683,,,,,,,10,0,True
1209807804,,,,,,,10,0,True
1209807841,,,,,,,10,0,True
1209808003,,,,,,,10,10,True
1209808150,,,,,,,10,0,True
1209808281,,,,,,,9,0,True
1209808346,,,,,,,5,5,True
1209808618,,,,,,,10,0,True
1209808631,,,,,,,10,0,True
1209808714,,,,,,,10,0,True
1209808753,,,,,,,10,0,True
1209808816,,,,,,,10,0,True
1209808894,,,,,,,10,0,True
1209808973,,,,,,,10,0,True
1209809006,,,,,,,9,0,True
1209809061,,,,,,,9,2,True
1209809264,,,,,,,9,0,True
1209809327,,,,,,,7,0,True
1209809357,,,,,,,10,0,True
1209809479,,,,,,,10,0,True
1209809693,,,,,,,10,0,True
1209809733,,,,,,,8,0,True
1209810000,,,,,,,10,0,True
1209810093,,,,,,,8,0,True
1209810171,,,,,,,10,10,True
1209810219,,,,,,,10,0,True
1209810446,,,,,,,10,0,True
1209810453,,,,,,,10,0,True
1209810632,,,,,,,8,0,True
1209810647,,,,,,,10,0,True
1209810773,,,,,,,10,0,True
1209810808,,,,,,,10,0,True
1209810896,,,,,,,10,0,True
1209810972,,,,,,,10,0,True
1209811045,,,,,,,10,0,True
1209811138,,,,,,,10,0,True
1209811175,,,,,,,8,0,True
1209811214,,,,,,,10,0,True
1209811232,,,,,,,10,0,True
1209811294,,,,,,,10,0,True
1209811311,,,,,,,10,0,True
1209811389,,,,,,,10,0,True
1209811405,,,,,,,10,0,True
1209811446,,,,,,,10,0,True
1209811532,,,,,,,7,0,True
1209811533,,,,,,,10,0,True
1209811631,,,,,,,7,7,True
1209811677,,,,,,,10,0,True
1209811725,,,,,,,10,0,True
1209811772,,,,,,,10,1,True
1209811832,,,,,,,5,0,True
1209811855,,,,,,,10,0,True
1209811868,,,,,,,10,0,True
1209811968,,,,,,,10,0,True
1209812009,,,,,,,10,0,True
1209812049,,,,,,,10,0,True
1209812123,,,,,,,6,0,True
1209812184,,,,,,,10,0,True
1209812226,,,,,,,6,0,True
1209812250,,,,,,,10,0,True
1209812323,,,,,,,6,0,True
1209812413,,,,,,,10,0,True
1209812472,,,,,,,10,0,True
1209812475,,,,,,,9,0,True
1209812629,,,,,,,6,0,True
1209812716,,,,,,,10,0,True
1209812730,,,,,,,6,5,True
1209812808,,,,,,,9,0,True
1209812810,,,,,,,10,0,True
1209812840,,,,,,,10,10,True
1209812910,,,,,,,10,0,True
1209812911,,,,,,,10,0,True
1209812980,,,,,,,10,0,True
1209813024,1.0,1.0,1.0,1.0,2021-04-27 16:00:00+00:00,2021-04-27 16:00:00+00:00,10,10,True
1209813054,,,,,,,10,0,True
1209813100,,,,,,,10,0,True
1209813131,,,,,,,10,0,True
1209813150,,,,,,,10,0,True
1209813226,,,,,,,10,0,True
1209813257,,,,,,,10,0,True
1209813269,,,,,,,10,0,True
1209813332,,,,,,,10,0,True
1209813343,,,,,,,10,0,True
1209813401,2.0,2.0,1.0,2.0,2021-04-27 16:00:00+00:00,2021-04-27 16:00:00+00:00,9,5,True
1209813433,,,,,,,6,0,True
1209813459,,,,,,,7,7,True
1209813502,,,,,,,10,0,True
1209813554,,,,,,,10,0,True
1209813598,,,,,,,10,10,True
1209813682,,,,,,,10,10,True
1209813684,,,,,,,10,10,True
1209813712,,,,,,,10,0,True
1209813733,,,,,,,10,0,True
1209813823,,,,,,,6,6,True
1209813866,,,,,,,10,0,True
1209813872,,,,,,,6,0,True
1209813920,,,,,,,10,0,True
1209813937,,,,,,,10,0,True
1209813968,,,,,,,10,0,True
1209813996,,,,,,,10,0,True
1209814062,,,,,,,10,0,True
1209814104,,,,,,,10,0,True
1209814111,,,,,,,10,0,True
1209814140,,,,,,,10,0,True
1209814169,,,,,,,10,0,True
1209814212,,,,,,,10,0,True
1209814221,,,,,,,10,0,True
1209814303,,,,,,,8,0,True
1209814316,,,,,,,10,0,True
1209814323,,,,,,,10,10,True
1209814356,,,,,,,8,8,True
1209814363,,,,,,,10,0,True
1209814456,,,,,,,7,7,True
1209814515,,,,,,,10,0,True
1209814575,,,,,,,10,0,True
1209814620,,,,,,,10,0,True
1209814663,,,,,,,10,0,True
1209814694,,,,,,,10,0,True
1209814747,,,,,,,10,0,True
1209814851,,,,,,,10,0,True
1209814889,,,,,,,10,0,True
1209814903,,,,,,,10,0,True
1209814908,,,,,,,10,0,True
1209815140,,,,,,,10,0,True
1209815180,,,,,,,10,0,True
1209815266,,,,,,,7,7,True
1209815370,,,,,,,10,0,True
1209815387,,,,,,,10,0,True
1209815416,,,,,,,10,0,True
1209815457,,,,,,,8,0,True
1209815474,,,,,,,10,0,True
1209815528,,,,,,,10,10,True
1209815582,,,,,,,10,0,True
1209815616,,,,,,,9,0,True
1209815653,,,,,,,8,0,True
1209815713,,,,,,,7,0,True
1209815740,,,,,,,1,1,True
1209815863,,,,,,,10,0,True
1209815876,,,,,,,10,0,True
1209815931,,,,,,,10,10,True
1209815973,,,,,,,10,0,True
1209816038,,,,,,,8,0,True
1209816041,,,,,,,10,0,True
1209816077,,,,,,,10,10,True
1209816084,,,,,,,10,5,True
1209816141,,,,,,,10,0,True
1209816215,,,,,,,8,1,True
1209816243,,,,,,,9,9,True
1209816312,,,,,,,6,0,True
1209816362,,,,,,,10,0,True
1209816420,,,,,,,10,0,True
1209816433,,,,,,,10,10,True
1209816520,,,,,,,10,0,True
1209816587,,,,,,,10,0,True
1209816603,,,,,,,10,0,True
1209816652,,,,,,,10,0,True
1209816698,,,,,,,9,0,True
1209816707,,,,,,,8,0,True
1209816736,,,,,,,10,0,True
1209816798,,,,,,,10,0,True
1209816825,,,,,,,10,0,True
1209816854,,,,,,,9,0,True
1209816879,,,,,,,10,0,True
1209816925,,,,,,,10,0,True
1209816962,,,,,,,10,10,True
1209817045,,,,,,,10,0,True
1209817118,,,,,,,10,0,True
1209817196,,,,,,,10,0,True
1209817234,,,,,,,10,0,True
1209817273,,,,,,,6,0,True
1209817389,,,,,,,6,0,True
1209817410,,,,,,,8,0,True
1209817453,,,,,,,10,0,True
1209817497,,,,,,,9,0,True
1209817523,,,,,,,10,0,True
1209817545,,,,,,,10,0,True
1209817575,,,,,,,9,0,True
1209817616,,,,,,,10,0,True
1209817646,,,,,,,3,3,True
1209817650,,,,,,,6,6,True
1209817698,,,,,,,10,0,True
1209817747,,,,,,,10,0,True
1209817781,,,,,,,10,0,True
1209817803,,,,,,,8,0,True
1209817856,,,,,,,10,0,True
1209817865,,,,,,,10,0,True
1209817951,,,,,,,10,0,True
1209817961,,,,,,,10,0,True
1209817990,,,,,,,10,0,True
1209818019,,,,,,,10,0,True
1209818046,,,,,,,10,0,True
1209818054,,,,,,,10,0,True
1209818109,,,,,,,10,0,True
1209818117,,,,,,,10,0,True
1209818263,,,,,,,5,0,True
1209818410,,,,,,,5,0,True
1209818721,,,,,,,10,0,True
1209818743,,,,,,,10,0,True
1209818805,,,,,,,5,0,True
1209819304,,,,,,,5,5,True
1209819616,,,,,,,5,0,True
1209819804,,,,,,,10,10,True
1209820137,,,,,,,10,0,True
1209820397,,,,,,,10,0,True
1209820437,,,,,,,10,0,True
1209820464,,,,,,,10,0,True
1209820483,,,,,,,10,0,True
1209820491,,,,,,,10,0,True
1209820532,,,,,,,10,10,True
1209820567,,,,,,,10,0,True
1209820596,,,,,,,10,0,True
1209820634,,,,,,,10,0,True
1209820675,,,,,,,10,0,True
1209820733,,,,,,,11,1,True
1209820774,,,,,,,10,0,True
1209821050,,,,,,,10,0,True
1209825296,,,,,,,10,0,True
1209825340,,,,,,,10,0,True
1209825414,,,,,,,10,0,True
1209825552,,,,,,,10,0,True
1209825604,,,,,,,10,0,True
1209825816,,,,,,,10,0,True
1209825848,,,,,,,10,0,True
1209825878,,,,,,,5,0,True
1209825979,,,,,,,10,10,True
1209826121,,,,,,,10,0,True
1209826191,,,,,,,4,4,True
1209826260,,,,,,,10,10,True
1209826440,,,,,,,9,0,True
1209826461,,,,,,,10,0,True
1209826510,,,,,,,10,0,True
1209826554,,,,,,,10,10,True
1209826586,1.0,1.0,1.0,1.0,2021-04-28 16:00:00+00:00,2021-04-28 16:00:00+00:00,10,10,True
1209826598,,,,,,,10,0,True
1209826658,,,,,,,10,0,True
1209826757,,,,,,,10,0,True
1209826822,,,,,,,10,0,True
1209826890,,,,,,,10,0,True
1209827257,,,,,,,10,0,True
1209827313,,,,,,,10,0,True
1209827417,,,,,,,7,0,True
1209827527,,,,,,,10,0,True
1209827650,,,,,,,10,0,True
1209827666,,,,,,,10,10,True
1209827745,,,,,,,10,0,True
1209827802,,,,,,,10,0,True
1209827844,,,,,,,10,0,True
1209827881,,,,,,,8,0,True
1209827944,,,,,,,6,1,True
1209827964,,,,,,,10,0,True
1209828033,,,,,,,10,0,True
1209828035,,,,,,,10,0,True
1209828124,,,,,,,10,0,True
1209828135,,,,,,,10,0,True
1209828238,,,,,,,8,0,True
1209828250,,,,,,,7,0,True
1209828319,,,,,,,10,0,True
1209828331,,,,,,,10,0,True
1209828370,,,,,,,9,9,True
1209828455,,,,,,,10,0,True
1209828513,,,,,,,10,0,True
1209828555,,,,,,,9,0,True
1209828626,,,,,,,10,0,True
1209828642,,,,,,,10,6,True
1209828677,,,,,,,10,0,True
1209828722,,,,,,,10,0,True
1209828841,,,,,,,9,9,True
1209828870,,,,,,,10,0,True
1209828928,,,,,,,7,0,True
1209828986,,,,,,,10,10,True
1209828989,,,,,,,10,0,True
1209829010,,,,,,,10,0,True
1209829121,,,,,,,8,0,True
1209829127,,,,,,,10,0,True
1209829182,,,,,,,9,0,True
1209829210,,,,,,,10,0,True
1209829258,,,,,,,10,0,True
1209829279,,,,,,,10,0,True
1209829329,,,,,,,10,0,True
1209829375,,,,,,,8,0,True
1209829409,,,,,,,10,0,True
1209829438,,,,,,,10,0,True
1209829467,,,,,,,10,0,True
1209829483,,,,,,,10,0,True
1209829535,,,,,,,10,0,True
1209829559,,,,,,,10,0,True
1209829595,,,,,,,10,0,True
1209829623,,,,,,,10,0,True
1209829666,,,,,,,10,0,True
1209829677,,,,,,,10,0,True
1209829714,,,,,,,10,0,True
1209829724,,,,,,,10,0,True
1209829768,,,,,,,10,0,True
1209829839,,,,,,,10,0,True
1209829850,,,,,,,5,5,True
1209829908,,,,,,,6,6,True
1209829945,,,,,,,10,0,True
1209830038,,,,,,,10,0,True
1209830228,,,,,,,10,0,True
1209830307,1.0,1.0,1.0,1.0,2021-04-28 16:00:00+00:00,2021-04-28 16:00:00+00:00,10,10,True
1209830431,,,,,,,10,0,True
1209830462,,,,,,,10,10,True
1209830499,,,,,,,6,6,True
1209830539,,,,,,,10,0,True
1209830551,,,,,,,10,0,True
1209830609,,,,,,,7,0,True
1209830658,,,,,,,10,0,True
1209830704,,,,,,,6,6,True
1209830738,,,,,,,6,6,True
1209830835,,,,,,,5,0,True
1209830969,,,,,,,9,0,True
1209831016,,,,,,,10,0,True
1209831025,,,,,,,10,0,True
1209831111,,,,,,,10,0,True
1209831115,,,,,,,8,8,True
1209831233,,,,,,,10,10,True
1209831279,,,,,,,10,0,True
1209831313,,,,,,,10,0,True
1209831375,,,,,,,10,0,True
1209831431,,,,,,,10,0,True
1209831440,,,,,,,7,0,True
1209831486,,,,,,,10,0,True
1209831621,,,,,,,10,0,True
1209831704,,,,,,,10,0,True
1209831731,,,,,,,10,0,True
1209831807,,,,,,,10,0,True
1209831847,,,,,,,10,0,True
1209831885,,,,,,,8,0,True
1209831904,,,,,,,10,0,True
1209832003,,,,,,,8,0,True
1209832054,,,,,,,10,0,True
1209832062,,,,,,,10,0,True
1209832153,,,,,,,10,0,True
1209832194,,,,,,,10,0,True
1209832219,,,,,,,10,0,True
1209832281,,,,,,,10,0,True
1209832323,,,,,,,10,0,True
1209832336,,,,,,,10,0,True
1209832406,,,,,,,10,0,True
1209832448,,,,,,,10,10,True
1209832494,,,,,,,10,0,True
1209832501,,,,,,,10,0,True
1209832577,,,,,,,7,0,True
1209832613,,,,,,,10,0,True
1209832640,,,,,,,7,0,True
1209832720,,,,,,,9,9,True
1209832747,,,,,,,10,0,True
1209832758,,,,,,,10,0,True
1209832803,,,,,,,10,0,True
1209832834,,,,,,,7,0,True
1209832849,,,,,,,10,0,True
1209832918,,,,,,,10,0,True
1209832969,,,,,,,10,0,True
1209832971,,,,,,,10,0,True
1209833044,,,,,,,10,0,True
1209833076,,,,,,,9,0,True
1209833140,,,,,,,6,0,True
1209833196,,,,,,,10,10,True
1209833275,,,,,,,10,0,True
1209833335,,,,,,,10,0,True
1209833364,,,,,,,10,5,True
1209833505,,,,,,,10,0,True
1209833589,,,,,,,2,0,True
1209833644,,,,,,,10,0,True
1209833791,,,,,,,9,0,True
1209833801,,,,,,,6,1,True
1209833856,,,,,,,10,0,True
1209833985,,,,,,,10,0,True
1209834019,,,,,,,10,10,True
1209834096,,,,,,,10,0,True
1209834109,,,,,,,10,0,True
1209834194,,,,,,,10,0,True
1209834245,,,,,,,7,7,True
1209834281,,,,,,,10,0,True
1209834352,,,,,,,10,0,True
1209834413,,,,,,,10,0,True
1209834517,,,,,,,10,0,True
1209834555,,,,,,,10,0,True
1209834712,,,,,,,6,0,True
1209834834,,,,,,,10,0,True
1209834857,,,,,,,5,5,True
1209834980,,,,,,,10,0,True
1209835051,,,,,,,10,0,True
1209835175,,,,,,,6,0,True
1209835260,,,,,,,10,0,True
1209835334,,,,,,,7,0,True
1209835370,,,,,,,10,0,True
1209835487,,,,,,,10,0,True
1209835530,,,,,,,10,0,True
1209835547,,,,,,,10,0,True
1209835611,,,,,,,10,0,True
1209835646,,,,,,,10,0,True
1209835698,,,,,,,10,0,True
1209835732,,,,,,,7,0,True
1209835771,,,,,,,10,0,True
1209835848,,,,,,,10,0,True
1209835937,,,,,,,6,0,True
1209835962,,,,,,,10,0,True
1209835994,,,,,,,10,0,True
1209836036,,,,,,,10,0,True
1209836058,,,,,,,3,0,True
1209836106,,,,,,,10,0,True
1209836120,,,,,,,10,0,True
1209836207,,,,,,,10,0,True
1209836242,,,,,,,10,0,True
1209836307,,,,,,,10,0,True
1209836335,,,,,,,6,0,True
1209836415,,,,,,,10,0,True
1209836421,,,,,,,10,0,True
1209836450,,,,,,,10,0,True
1209836462,,,,,,,10,0,True
1209836529,,,,,,,10,0,True
1209836531,,,,,,,10,0,True
1209836560,,,,,,,9,0,True
1209836573,,,,,,,10,0,True
1209836606,,,,,,,5,0,True
1209836656,,,,,,,10,0,True
1209836734,,,,,,,10,0,True
1209836740,,,,,,,10,0,True
1209836760,,,,,,,10,10,True
1209836770,,,,,,,10,0,True
1209836798,,,,,,,10,0,True
1209836824,,,,,,,1,1,True
1209836867,,,,,,,10,0,True
1209836875,,,,,,,10,0,True
1209836916,,,,,,,10,0,True
1209836938,,,,,,,10,0,True
1209836986,,,,,,,10,0,True
1209837061,,,,,,,6,0,True
1209837089,,,,,,,8,0,True
1209837138,,,,,,,9,0,True
1209837196,,,,,,,10,0,True
1209837271,,,,,,,8,0,True
1209837324,,,,,,,10,0,True
1209837328,,,,,,,10,10,True
1209837330,,,,,,,9,9,True
1209837338,,,,,,,8,8,True
1209837374,,,,,,,10,0,True
1209837455,,,,,,,6,0,True
1209837530,,,,,,,10,0,True
1209837570,,,,,,,10,10,True
1209837595,,,,,,,7,7,True
1209837715,,,,,,,10,0,True
1209837725,,,,,,,10,0,True
1209837743,,,,,,,9,0,True
1209837794,,,,,,,7,1,True
1209837807,,,,,,,10,0,True
1209837875,,,,,,,10,0,True
1209837988,,,,,,,1,1,True
1209838094,,,,,,,10,0,True
1209838141,,,,,,,10,0,True
1209838144,,,,,,,10,0,True
1209838203,,,,,,,9,0,True
1209838231,,,,,,,10,0,True
1209838239,,,,,,,10,0,True
1209838434,,,,,,,10,0,True
1209838442,,,,,,,10,10,True
1209838504,,,,,,,10,0,True
1209838540,,,,,,,10,0,True
1209838651,,,,,,,10,0,True
1209838700,,,,,,,10,0,True
1209838752,,,,,,,8,0,True
1209838788,,,,,,,10,0,True
1209838791,,,,,,,10,0,True
1209838843,,,,,,,10,0,True
1209838869,,,,,,,10,0,True
1209838897,,,,,,,10,0,True
1209838945,,,,,,,6,0,True
1209839004,,,,,,,10,0,True
1209839053,,,,,,,10,0,True
1209839058,,,,,,,10,0,True
1209839104,,,,,,,9,0,True
1209839138,,,,,,,10,10,True
1209839146,,,,,,,10,0,True
1209839150,,,,,,,10,0,True
1209840137,,,,,,,8,0,True
1209841156,,,,,,,5,0,True
1209841270,,,,,,,5,0,True
1209841334,,,,,,,10,0,True
1209841500,,,,,,,10,0,True
1209842178,,,,,,,1,1,True
1209842401,,,,,,,10,0,True
1209842707,,,,,,,10,0,True
1209842761,,,,,,,7,7,True
1209843066,,,,,,,10,0,True
1209843232,,,,,,,10,10,True
1209843808,,,,,,,5,0,True
1209843884,,,,,,,5,0,True
1209843891,,,,,,,10,0,True
1209844151,,,,,,,10,0,True
1209844212,,,,,,,5,5,True
1209844274,,,,,,,5,0,True
1209844312,,,,,,,10,0,True
1209844517,,,,,,,6,6,True
1209844746,,,,,,,10,0,True
1209844843,,,,,,,10,0,True
1209844854,,,,,,,10,0,True
1209844881,,,,,,,10,0,True
1209844916,,,,,,,10,0,True
1209844955,,,,,,,10,0,True
1209844975,,,,,,,10,0,True
1209845006,,,,,,,10,0,True
1209845032,,,,,,,10,0,True
1209845069,,,,,,,10,0,True
1209845103,,,,,,,10,0,True
1209845108,,,,,,,10,0,True
1209845155,,,,,,,10,0,True
1209845228,,,,,,,7,0,True
1209845264,,,,,,,10,0,True
1209845284,,,,,,,10,0,True
1209845303,,,,,,,10,0,True
1209845317,,,,,,,10,0,True
1209845343,,,,,,,10,0,True
1209845377,,,,,,,10,0,True
1209845408,,,,,,,10,0,True
1209845445,,,,,,,10,0,True
1209845463,,,,,,,10,0,True
1209845479,,,,,,,7,0,True
1209845525,,,,,,,10,5,True
1209845555,,,,,,,10,0,True
1209845564,,,,,,,10,0,True
1209845630,,,,,,,10,0,True
1209845642,,,,,,,10,0,True
1209845653,,,,,,,10,0,True
1209845832,,,,,,,10,0,True
1209845930,,,,,,,10,0,True
1209846070,1.0,1.0,1.0,1.0,2021-04-29 16:00:00+00:00,2021-04-29 16:00:00+00:00,15,4,True
1209846101,,,,,,,10,0,True
1209846153,,,,,,,8,0,True
1209846282,,,,,,,10,0,True
1209846294,,,,,,,10,0,True
1209846305,,,,,,,5,5,True
1209846380,,,,,,,10,0,True
1209846426,,,,,,,10,10,True
1209846562,,,,,,,10,10,True
1209846607,,,,,,,6,0,True
1209846670,,,,,,,9,0,True
1209846964,,,,,,,10,0,True
1209847031,,,,,,,10,0,True
1209847083,,,,,,,10,0,True
1209847122,,,,,,,10,0,True
1209847174,,,,,,,8,0,True
1209847225,,,,,,,10,0,True
1209847320,,,,,,,6,0,True
1209847355,,,,,,,10,0,True
1209847370,,,,,,,9,0,True
1209847417,,,,,,,10,0,True
1209847437,,,,,,,10,0,True
1209847552,,,,,,,7,7,True
1209847560,,,,,,,11,0,True
1209847632,,,,,,,10,0,True
1209847654,,,,,,,10,0,True
1209847767,,,,,,,10,0,True
1209847840,,,,,,,10,0,True
1209847881,,,,,,,10,10,True
1209847986,,,,,,,7,0,True
1209847992,,,,,,,10,0,True
1209848254,,,,,,,10,0,True
1209848380,,,,,,,10,0,True
1209848564,,,,,,,6,6,True
1209848726,,,,,,,10,0,True
1209848908,,,,,,,8,0,True
1209849117,,,,,,,6,0,True
1209849175,,,,,,,10,0,True
1209849305,,,,,,,10,0,True
1209849417,,,,,,,10,0,True
1209849432,,,,,,,10,0,True
1209849702,,,,,,,10,10,True
1209849755,,,,,,,10,0,True
1209849859,,,,,,,10,0,True
1209849898,,,,,,,10,0,True
1209849915,,,,,,,10,0,True
1209849956,,,,,,,10,0,True
1209849977,,,,,,,10,0,True
1209850006,,,,,,,10,0,True
1209850035,,,,,,,10,0,True
1209850070,,,,,,,10,0,True
1209850085,,,,,,,10,0,True
1209850150,,,,,,,10,0,True
1209850182,,,,,,,10,0,True
1209850243,,,,,,,6,0,True
1209850314,,,,,,,10,0,True
1209850363,,,,,,,5,0,True
1209850421,,,,,,,10,0,True
1209850432,,,,,,,10,0,True
1209850534,,,,,,,10,0,True
1209850562,,,,,,,10,0,True
1209850581,,,,,,,1,1,True
1209850733,,,,,,,10,0,True
1209850735,,,,,,,7,7,True
1209850763,,,,,,,6,0,True
1209850892,,,,,,,10,0,True
1209850918,,,,,,,10,0,True
1209850988,,,,,,,10,0,True
1209851016,,,,,,,10,0,True
1209851078,,,,,,,10,0,True
1209851125,,,,,,,8,0,True
1209851185,,,,,,,10,0,True
1209851187,,,,,,,10,0,True
1209851355,,,,,,,10,0,True
1209851393,,,,,,,9,0,True
1209851422,,,,,,,10,0,True
1209851471,,,,,,,10,0,True
1209851501,,,,,,,10,5,True
1209851522,,,,,,,10,10,True
1209851634,,,,,,,10,10,True
1209851734,,,,,,,10,0,True
1209851746,,,,,,,6,0,True
1209851770,,,,,,,6,6,True
1209851802,,,,,,,10,0,True
1209851819,,,,,,,10,0,True
1209851902,,,,,,,10,0,True
1209851909,,,,,,,6,0,True
1209851992,,,,,,,7,0,True
1209852123,,,,,,,10,0,True
1209852173,,,,,,,7,0,True
1209852199,,,,,,,8,0,True
1209852261,,,,,,,10,10,True
1209852297,,,,,,,7,0,True
1209852302,,,,,,,9,0,True
1209852315,,,,,,,9,0,True
1209852335,,,,,,,9,0,True
1209852404,,,,,,,9,0,True
1209852452,,,,,,,6,0,True
1209852480,,,,,,,8,0,True
1209852578,,,,,,,10,0,True
1209852633,,,,,,,10,0,True
1209852702,,,,,,,10,0,True
1209852745,,,,,,,9,0,True
1209852779,,,,,,,9,0,True
1209852805,,,,,,,10,0,True
1209852869,,,,,,,10,0,True
1209852913,,,,,,,10,0,True
1209852946,,,,,,,10,0,True
1209853021,,,,,,,6,0,True
1209853051,,,,,,,10,0,True
1209853063,,,,,,,10,0,True
1209853144,,,,,,,6,0,True
1209853160,,,,,,,10,0,True
1209853167,,,,,,,8,0,True
1209853280,,,,,,,10,0,True
1209853303,,,,,,,6,0,True
1209853358,,,,,,,10,0,True
1209853415,,,,,,,4,4,True
1209853478,,,,,,,10,0,True
1209853517,,,,,,,10,0,True
1209853557,,,,,,,8,0,True
1209853614,,,,,,,10,0,True
1209853623,,,,,,,10,0,True
1209853677,,,,,,,10,0,True
1209853713,,,,,,,10,0,True
1209853755,,,,,,,10,0,True
1209853785,,,,,,,10,0,True
1209853838,,,,,,,10,0,True
1209853841,,,,,,,10,0,True
1209853964,,,,,,,10,0,True
1209854008,,,,,,,10,0,True
1209854095,,,,,,,10,0,True
1209854106,,,,,,,10,0,True
1209854190,,,,,,,10,0,True
1209854192,,,,,,,10,0,True
1209854293,,,,,,,6,0,True
1209854322,,,,,,,6,0,True
1209854386,,,,,,,7,0,True
1209854437,,,,,,,10,0,True
1209854492,,,,,,,6,0,True
1209854529,,,,,,,10,0,True
1209854591,,,,,,,5,5,True
1209854659,,,,,,,10,0,True
1209854692,,,,,,,10,0,True
1209854718,,,,,,,7,7,True
1209854765,1.0,1.0,1.0,1.0,2021-04-29 16:00:00+00:00,2021-04-29 16:00:00+00:00,10,10,True
1209854799,,,,,,,8,0,True
1209854820,,,,,,,10,0,True
1209854956,,,,,,,6,6,True
1209854987,,,,,,,10,0,True
1209855031,,,,,,,10,10,True
1209855052,,,,,,,15,5,True
1209855097,,,,,,,8,8,True
1209855103,,,,,,,10,0,True
1209855130,,,,,,,10,0,True
1209855159,,,,,,,10,0,True
1209855196,,,,,,,10,0,True
1209855204,,,,,,,10,0,True
1209855305,,,,,,,10,0,True
1209855360,,,,,,,10,0,True
1209855381,,,,,,,10,0,True
1209855427,,,,,,,7,7,True
1209855466,,,,,,,10,0,True
1209855482,,,,,,,10,0,True
1209855515,,,,,,,10,0,True
1209855549,,,,,,,10,0,True
1209855601,,,,,,,10,0,True
1209855622,1.0,1.0,1.0,1.0,2021-04-29 16:00:00+00:00,2021-04-29 16:00:00+00:00,10,10,True
1209855655,,,,,,,10,0,True
1209855665,,,,,,,10,0,True
1209855716,,,,,,,5,0,True
1209855862,,,,,,,10,0,True
1209855865,,,,,,,10,0,True
1209855995,,,,,,,10,0,True
1209855997,,,,,,,8,8,True
1209856069,,,,,,,6,0,True
1209856113,,,,,,,10,0,True
1209856147,,,,,,,9,0,True
1209856173,,,,,,,10,0,True
1209856411,,,,,,,10,0,True
1209856453,,,,,,,10,0,True
1209856543,,,,,,,10,0,True
1209856618,,,,,,,10,0,True
1209856668,,,,,,,10,0,True
1209856683,,,,,,,10,0,True
1209856704,,,,,,,3,3,True
1209856732,,,,,,,4,0,True
1209856770,,,,,,,10,0,True
1209856779,,,,,,,10,0,True
1209856898,,,,,,,10,0,True
1209856933,,,,,,,10,0,True
1209856972,,,,,,,10,0,True
1209857041,,,,,,,10,0,True
1209857062,,,,,,,10,0,True
1209857148,,,,,,,10,0,True
1209857298,,,,,,,10,0,True
1209857429,,,,,,,20,20,True
1209857667,,,,,,,5,0,True
1209857872,,,,,,,10,0,True
1209858237,,,,,,,9,9,True
1209858472,,,,,,,10,10,True
1209858494,1.0,1.0,1.0,1.0,2021-04-29 16:00:00+00:00,2021-04-29 16:00:00+00:00,10,10,True
1209859019,,,,,,,5,5,True
1209859125,,,,,,,5,0,True
1209859164,,,,,,,10,0,True
1209859379,,,,,,,5,0,True
1209859438,,,,,,,10,10,True
1209859567,,,,,,,11,1,True
1209859698,,,,,,,5,0,True
1209859753,,,,,,,10,0,True
1209859816,,,,,,,5,0,True
1209859994,,,,,,,5,0,True
1209860009,,,,,,,7,0,True
1209860114,,,,,,,10,0,True
1209860167,,,,,,,9,1,True
1209860211,,,,,,,10,0,True
1209860233,,,,,,,10,0,True
1209860258,,,,,,,10,0,True
1209860353,,,,,,,10,0,True
1209860375,,,,,,,10,0,True
1209860510,,,,,,,8,8,True
1209861137,,,,,,,10,0,True
1209861266,,,,,,,5,0,True
1209861540,,,,,,,10,0,True
1209861580,,,,,,,7,2,True
1209863198,,,,,,,10,0,True
1209863247,,,,,,,10,0,True
1209863287,,,,,,,8,0,True
1209863420,,,,,,,10,10,True
1209863434,,,,,,,10,0,True
1209863477,,,,,,,10,0,True
1209863530,,,,,,,10,0,True
1209863659,,,,,,,10,0,True
1209863756,,,,,,,10,0,True
1209863798,,,,,,,10,0,True
1209863853,,,,,,,6,0,True
1209863900,,,,,,,9,9,True
1209863995,,,,,,,10,0,True
1209864049,,,,,,,9,0,True
1209864080,,,,,,,10,0,True
1209864090,,,,,,,5,5,True
1209864219,,,,,,,10,0,True
1209864221,,,,,,,10,0,True
1209864254,,,,,,,10,0,True
1209864331,,,,,,,6,0,True
1209865230,,,,,,,10,0,True
1209865381,,,,,,,10,0,True
1209866067,,,,,,,10,0,True
1209866254,,,,,,,10,0,True
1209866374,,,,,,,10,0,True
1209866580,,,,,,,10,0,True
1209866670,,,,,,,10,0,True
1209866742,,,,,,,10,0,True
1209866818,,,,,,,10,2,True
1209866828,,,,,,,10,0,True
1209866901,,,,,,,6,6,True
1209866943,,,,,,,6,0,True
1209867042,,,,,,,6,0,True
1209867122,,,,,,,10,10,True
1209867154,,,,,,,10,0,True
1209867240,,,,,,,10,0,True
1209867242,,,,,,,10,0,True
1209867302,,,,,,,8,0,True
1209867385,,,,,,,13,0,True
1209867432,,,,,,,10,0,True
1209867602,,,,,,,10,0,True
1209867632,,,,,,,10,0,True
1209867711,,,,,,,10,10,True
1209867732,,,,,,,8,0,True
1209867740,,,,,,,10,10,True
1209867787,,,,,,,10,0,True
1209867852,,,,,,,10,0,True
1209867887,,,,,,,10,1,True
1209867942,,,,,,,10,0,True
1209867973,,,,,,,10,0,True
1209868090,,,,,,,10,1,True
1209868115,,,,,,,7,2,True
1209868118,,,,,,,10,0,True
1209868216,,,,,,,10,0,True
1209868247,,,,,,,10,0,True
1209868279,,,,,,,10,0,True
1209868304,,,,,,,15,1,True
1209868342,,,,,,,8,0,True
1209868380,,,,,,,7,0,True
1209868427,,,,,,,8,0,True
1209868453,,,,,,,10,0,True
1209868489,,,,,,,14,1,True
1209868517,,,,,,,10,0,True
1209868558,,,,,,,10,0,True
1209868609,,,,,,,10,0,True
1209868639,,,,,,,10,10,True
1209868661,,,,,,,10,0,True
1209868702,,,,,,,5,5,True
1209868749,,,,,,,10,10,True
1209868777,,,,,,,10,10,True
1209868800,,,,,,,9,0,True
1209868811,,,,,,,10,0,True
1209868871,,,,,,,10,0,True
1209868897,,,,,,,9,0,True
1209868913,,,,,,,15,0,True
1209868953,,,,,,,10,0,True
1209869028,,,,,,,10,0,True
1209869152,3.0,3.0,2.0,3.0,2021-04-30 16:00:00+00:00,2021-04-30 16:00:00+00:00,6,6,True
1209869220,,,,,,,10,0,True
1209869243,,,,,,,7,0,True
1209869265,,,,,,,10,0,True
1209869322,,,,,,,10,0,True
1209869373,,,,,,,10,0,True
1209869410,,,,,,,5,0,True
1209869455,,,,,,,10,0,True
1209869500,,,,,,,10,0,True
1209869559,,,,,,,10,0,True
1209869621,,,,,,,10,0,True
1209869643,,,,,,,10,0,True
1209869682,,,,,,,9,0,True
1209869708,,,,,,,10,0,True
1209869758,,,,,,,9,0,True
1209869774,,,,,,,10,0,True
1209869800,,,,,,,10,0,True
1209869906,,,,,,,10,0,True
1209869907,,,,,,,10,0,True
1209869917,,,,,,,7,0,True
1209869920,,,,,,,10,0,True
1209869950,,,,,,,7,0,True
1209870027,,,,,,,10,0,True
1209870053,,,,,,,10,0,True
1209870076,,,,,,,10,0,True
1209870148,,,,,,,7,0,True
1209870186,,,,,,,10,0,True
1209870194,,,,,,,10,0,True
1209870265,,,,,,,10,0,True
1209870298,,,,,,,6,0,True
1209870307,,,,,,,10,0,True
1209870336,,,,,,,10,0,True
1209870380,,,,,,,10,0,True
1209870439,,,,,,,10,0,True
1209870477,,,,,,,10,0,True
1209870492,,,,,,,10,0,True
1209870526,,,,,,,8,8,True
1209870570,,,,,,,9,0,True
1209870633,,,,,,,10,0,True
1209870645,,,,,,,10,0,True
1209870681,,,,,,,10,10,True
1209870721,,,,,,,10,0,True
1209870752,,,,,,,9,9,True
1209870779,,,,,,,10,10,True
1209870877,,,,,,,10,0,True
1209870910,,,,,,,10,0,True
1209870941,,,,,,,6,0,True
1209870986,,,,,,,10,0,True
1209871013,,,,,,,10,0,True
1209871049,,,,,,,10,0,True
1209871065,,,,,,,6,0,True
1209871179,,,,,,,10,10,True
1209871241,,,,,,,10,0,True
1209871243,,,,,,,10,0,True
1209871298,,,,,,,6,6,True
1209871323,,,,,,,8,0,True
1209871358,,,,,,,10,0,True
1209871433,,,,,,,10,0,True
1209871467,,,,,,,6,0,True
1209871499,,,,,,,6,0,True
1209871604,,,,,,,10,3,True
1209871662,,,,,,,10,0,True
1209871694,,,,,,,10,0,True
1209871846,,,,,,,5,5,True
1209871946,,,,,,,9,0,True
1209871972,,,,,,,10,0,True
1209872006,,,,,,,10,10,True
1209872013,,,,,,,13,1,True
1209872084,,,,,,,8,0,True
1209872175,,,,,,,10,0,True
1209872225,,,,,,,10,0,True
1209872357,,,,,,,9,8,True
1209872387,,,,,,,10,0,True
1209872399,,,,,,,7,6,True
1209872451,,,,,,,10,0,True
1209872525,,,,,,,10,5,True
1209872544,1.0,1.0,1.0,1.0,2021-04-30 16:00:00+00:00,2021-04-30 16:00:00+00:00,10,10,True
1209872588,,,,,,,10,10,True
1209872674,,,,,,,10,0,True
1209872733,,,,,,,10,10,True
1209872810,,,,,,,7,0,True
1209873253,,,,,,,10,0,True
1209873455,,,,,,,5,0,True
1209873805,,,,,,,1,1,True
1209873971,,,,,,,5,5,True
1209874347,,,,,,,10,0,True
1209874471,,,,,,,5,0,True
1209875551,,,,,,,5,0,True
1209876186,,,,,,,10,0,True
1209876351,,,,,,,5,0,True
1209876738,,,,,,,10,0,True
1209876787,,,,,,,10,0,True
1209877423,,,,,,,10,0,True
1209877501,,,,,,,10,0,True
1209877557,,,,,,,4,0,True
1209877579,,,,,,,10,0,True
1209877824,,,,,,,5,0,True
1209878401,,,,,,,9,9,True
1209878907,,,,,,,10,10,True
1209879349,,,,,,,1,1,True
1209879499,,,,,,,8,8,True
1209880153,,,,,,,10,0,True
1209880187,,,,,,,10,10,True
1209880227,,,,,,,10,0,True
1209880279,,,,,,,10,0,True
1209880332,2.0,2.0,1.0,2.0,2021-04-30 16:00:00+00:00,2021-04-30 16:00:00+00:00,10,10,True
1209880357,,,,,,,10,0,True
1209880379,,,,,,,11,11,True
1209880417,,,,,,,10,0,True
1209880452,,,,,,,10,0,True
1209880464,,,,,,,10,0,True
1209880516,,,,,,,10,0,True
1209880540,,,,,,,10,0,True
1209887475,,,,,,,7,0,True
1209889219,,,,,,,10,0,True
1209889255,,,,,,,10,0,True
1209891445,,,,,,,9,0,True
1209892027,,,,,,,7,0,True
1209892260,,,,,,,10,0,True
1209892839,,,,,,,9,0,True
1209892868,,,,,,,17,17,True
1209893124,,,,,,,7,0,True
1209933843,,,,,,,10,0,True
1209935347,1.0,1.0,1.0,1.0,2021-05-06 11:26:10+00:00,2021-05-06 11:26:10+00:00,10,10,True
1209935771,,,,,,,10,0,True
1209935824,,,,,,,8,0,True
1209935904,,,,,,,6,0,True
1209937170,,,,,,,10,0,True
1209938975,,,,,,,10,0,True
1209939443,,,,,,,10,0,True
1209940053,,,,,,,7,0,True
1209940167,,,,,,,10,0,True
1209940229,,,,,,,10,0,True
1209944240,,,,,,,10,0,True
1209947247,,,,,,,7,0,True
1209948508,,,,,,,6,0,True
1209950270,,,,,,,10,0,True
1209950293,,,,,,,10,0,True
1209950399,,,,,,,10,0,True
1209952375,,,,,,,7,0,True
1209953456,,,,,,,8,3,True
1209953647,,,,,,,10,0,True
1209953756,,,,,,,10,0,True
1209953914,,,,,,,6,1,True
1209957101,,,,,,,9,0,True
1209957251,,,,,,,8,0,True
1209958169,,,,,,,10,0,True
1209959010,,,,,,,10,0,True
1209959011,,,,,,,10,0,True
1209959012,,,,,,,7,2,True
1209959014,,,,,,,10,0,True
1209967914,,,,,,,10,0,True
1209970566,,,,,,,10,0,True
1209970777,,,,,,,10,0,True
1209971169,,,,,,,10,0,True
1209971696,,,,,,,10,0,True
1209971816,,,,,,,20,10,True
1209981506,,,,,,,10,0,True
1209981965,,,,,,,8,3,True
1209982103,,,,,,,10,0,True
1209982178,,,,,,,10,0,True
1209982180,,,,,,,10,10,True
1209982599,,,,,,,10,0,True
1209983116,,,,,,,10,0,True
1209983220,,,,,,,7,2,True
1209983288,,,,,,,10,10,True
1209983330,,,,,,,10,0,True
1209983568,,,,,,,10,0,True
1209992387,,,,,,,5,5,True
1209994201,,,,,,,10,0,True
1209994645,,,,,,,10,0,True
1209994965,,,,,,,10,0,True
1209995350,,,,,,,10,0,True
1209995801,,,,,,,10,0,True
1209996058,,,,,,,10,0,True
1210004106,,,,,,,10,0,True
1210005646,,,,,,,10,0,True
1210010795,,,,,,,8,0,True
1210010939,,,,,,,2,2,True
1210011068,,,,,,,10,0,True
1210026416,,,,,,,10,0,True
1210045445,,,,,,,10,0,True
1210046510,,,,,,,6,0,True
1210046988,,,,,,,10,5,True
1210047071,,,,,,,10,0,True
1210051097,,,,,,,10,0,True
1210068635,,,,,,,6,0,True
1210071495,,,,,,,10,0,True
1210087195,,,,,,,10,0,True
1210087360,,,,,,,9,9,True
1210101882,,,,,,,10,0,True
1210105249,,,,,,,10,0,True
1210105650,,,,,,,9,0,True
1210105651,,,,,,,10,0,True
1210114321,,,,,,,5,5,True
1210115073,,,,,,,10,0,True
1210115631,,,,,,,10,0,True
1210115757,,,,,,,10,0,True
1210115873,,,,,,,6,0,True
1210116049,,,,,,,9,0,True
1210116137,,,,,,,10,0,True
1210121007,,,,,,,10,10,True
1210122270,,,,,,,10,0,True
1210122646,,,,,,,10,0,True
1210122838,,,,,,,10,0,True
1210123236,1.0,1.0,1.0,1.0,2021-05-29 16:00:00+00:00,2021-05-29 16:00:00+00:00,12,12,True
1210131577,,,,,,,10,0,True
1210140206,,,,,,,10,0,True
1210140330,,,,,,,10,0,True
1210140755,,,,,,,10,5,True
1210141022,,,,,,,10,5,True
1210151049,,,,,,,10,0,True
1210151050,,,,,,,10,0,True
1210160966,,,,,,,10,0,True
1210167291,,,,,,,10,0,True
1210167294,,,,,,,2,2,True
1210167330,,,,,,,10,0,True
1210167448,,,,,,,10,0,True
1210167589,,,,,,,7,7,True
1210167961,,,,,,,10,3,True
1210168114,,,,,,,10,0,True
1210168701,,,,,,,10,0,True
1210168806,,,,,,,5,0,True
1210169248,,,,,,,10,0,True
1210169264,,,,,,,10,0,True
1210172138,,,,,,,10,0,True
1210172148,,,,,,,10,10,True
1210183197,,,,,,,10,0,True
1210183862,,,,,,,10,0,True
1210183863,,,,,,,10,0,True
1210198417,,,,,,,8,0,True
1210198483,,,,,,,10,0,True
1210198950,,,,,,,7,7,True
1210199498,,,,,,,9,0,True
1210209067,,,,,,,10,5,True
1210209153,,,,,,,10,0,True
1210210174,,,,,,,6,0,True
1210210567,,,,,,,10,0,True
1210210707,,,,,,,10,0,True
1210211222,,,,,,,7,0,True
1210211610,,,,,,,10,0,True
1210211676,,,,,,,7,7,True
1210216669,,,,,,,7,0,True
1210216670,,,,,,,6,0,True
1210217788,,,,,,,10,0,True
1210217890,,,,,,,13,3,True
1210223661,,,,,,,10,10,True
1210223965,,,,,,,10,0,True
1210224581,,,,,,,10,0,True
1210225022,,,,,,,10,10,True
1210238683,,,,,,,10,0,True
1210239047,,,,,,,10,0,True
1210239309,,,,,,,10,10,True
1210252284,,,,,,,10,0,True
1210253685,,,,,,,5,5,True
1210268133,,,,,,,10,0,True
1210269050,,,,,,,10,10,True
1210269744,,,,,,,8,0,True
1210293319,,,,,,,7,0,True
1210293347,,,,,,,5,5,True
1210301008,,,,,,,10,0,True
1210302075,,,,,,,10,0,True
1210302141,,,,,,,6,0,True
1210311811,,,,,,,10,0,True
1210312807,,,,,,,10,0,True
1210312875,,,,,,,10,0,True
1210319666,,,,,,,10,0,True
1210321077,,,,,,,10,0,True
1210321078,,,,,,,10,0,True
1210321724,,,,,,,9,0,True
1210328472,,,,,,,10,0,True
1210328935,,,,,,,10,0,True
1210330026,,,,,,,10,0,True
1210330034,,,,,,,6,0,True
1210339504,,,,,,,5,5,True
1210340122,,,,,,,10,0,True
1210340381,,,,,,,10,10,True
1210342666,,,,,,,8,0,True
1210342667,,,,,,,10,0,True
1210361793,,,,,,,10,0,True
1210364317,,,,,,,7,0,True
1210365424,,,,,,,10,0,True
1210374213,,,,,,,10,10,True
1210376059,,,,,,,10,0,True
1210377246,,,,,,,10,0,True
1210412183,,,,,,,9,0,True
1210428614,,,,,,,10,0,True
1210429327,,,,,,,10,0,True
1210436984,,,,,,,10,0,True
1210437885,,,,,,,10,0,True
1210438290,,,,,,,10,0,True
1210442109,,,,,,,10,10,True
1210454965,,,,,,,10,10,True
1210456298,,,,,,,10,0,True
1210466762,,,,,,,10,0,True
1210466835,,,,,,,10,0,True
1210467252,,,,,,,10,0,True
1210474994,,,,,,,9,4,True
1210476480,,,,,,,7,7,True
1210484756,,,,,,,9,0,True
1210496800,,,,,,,10,0,True
1210497238,,,,,,,7,0,True
1210497241,,,,,,,10,0,True
1210497242,,,,,,,10,0,True
1210500562,,,,,,,7,7,True
1210501788,,,,,,,10,0,True
1210549487,,,,,,,10,0,True
1210551144,,,,,,,10,1,True
1210551634,,,,,,,8,0,True
1210571016,,,,,,,8,8,True
1210572485,,,,,,,10,0,True
1210580467,,,,,,,10,0,True
1210601930,,,,,,,6,0,True
1210603189,,,,,,,10,0,True
1210613144,,,,,,,10,10,True
1210613627,,,,,,,9,0,True
1210638063,,,,,,,10,10,True
1210640133,,,,,,,10,0,True
1210643528,,,,,,,10,0,True
1210657553,,,,,,,10,0,True
1210658490,,,,,,,10,0,True
1210665097,,,,,,,10,0,True
1210688205,,,,,,,6,0,True
1210709529,,,,,,,10,0,True
1210735289,,,,,,,10,0,True
1210747865,,,,,,,10,0,True
1210897013,,,,,,,10,0,True
1210897015,,,,,,,10,0,True
1210897017,,,,,,,10,0,True
1210898340,,,,,,,1,0,True
1210898342,,,,,,,3,0,True
1210898345,,,,,,,3,0,True
1210988787,,,,,,,6,6,True
1211073724,,,,,,,10,0,True
1211131643,,,,,,,10,0,True
1211372383,,,,,,,10,0,True
1211374877,,,,,,,10,10,True
1211405957,,,,,,,10,0,True
1211419882,,,,,,,10,0,True
1211419883,,,,,,,10,0,True
1211419884,,,,,,,10,0,True
1211479530,,,,,,,9,0,True
1211559903,,,,,,,10,0,True
1211559905,,,,,,,6,0,True
1211588698,,,,,,,9,5,True
1211588699,,,,,,,6,3,True
1211706930,,,,,,,9,0,True
1211723019,,,,,,,10,0,True
1211723021,,,,,,,10,0,True
1211877769,,,,,,,10,0,True
1211934925,,,,,,,10,0,True
1211948784,,,,,,,10,0,True
1211948786,,,,,,,10,0,True
1211948788,,,,,,,10,0,True
1211948790,,,,,,,10,0,True
1211948802,,,,,,,10,0,True
1212110581,,,,,,,10,0,True
1212229675,,,,,,,10,10,True
1212264840,,,,,,,10,0,True
1212298165,,,,,,,5,0,True
1212298361,,,,,,,10,0,True
1212305902,,,,,,,10,0,True
1212306966,,,,,,,10,10,True
1212306967,,,,,,,10,0,True
1212306968,,,,,,,10,1,True
1212306971,,,,,,,10,1,True
1212306979,,,,,,,10,0,True
1212320337,,,,,,,10,0,True
1212333125,,,,,,,10,10,True
1212363554,,,,,,,10,0,True
1212363912,,,,,,,10,0,True
1212363938,,,,,,,10,0,True
1212383789,,,,,,,10,10,True
1212386396,,,,,,,10,0,True
1212386783,,,,,,,10,0,True
1212411501,,,,,,,6,0,True
1212411519,,,,,,,10,0,True
1212411641,,,,,,,10,0,True
1212413535,,,,,,,9,0,True
1212413557,,,,,,,6,0,True
1212444762,,,,,,,10,3,True
1212453505,,,,,,,10,0,True
1212454435,,,,,,,10,0,True
1212454726,,,,,,,10,0,True
1212457091,,,,,,,10,0,True
1212457401,,,,,,,10,0,True
1212457403,,,,,,,10,0,True
1212457495,,,,,,,10,10,True
1212457573,,,,,,,10,0,True
1212458027,,,,,,,10,0,True
1212458112,,,,,,,9,0,True
1212458521,,,,,,,6,1,True
1212458859,,,,,,,8,8,True
1212458950,,,,,,,2,2,True
1212459061,,,,,,,10,0,True
1212459134,,,,,,,10,0,True
1212459173,,,,,,,10,0,True
1212459192,,,,,,,10,0,True
1212459437,,,,,,,10,1,True
1212459704,,,,,,,10,0,True
1212463064,,,,,,,10,0,True
1212463079,,,,,,,10,0,True
1212463146,,,,,,,10,0,True
1212469469,,,,,,,10,0,True
1212469473,,,,,,,6,0,True
1212470369,,,,,,,10,0,True
1212470597,,,,,,,10,0,True
1212470700,,,,,,,10,0,True
1212471450,,,,,,,10,0,True
1212472189,,,,,,,10,0,True
1212479906,,,,,,,6,0,True
1212480786,,,,,,,10,10,True
1212480878,,,,,,,10,0,True
1212480879,,,,,,,10,0,True
1212480880,,,,,,,10,0,True
1212480881,,,,,,,10,0,True
1212480882,,,,,,,10,0,True
1212481174,,,,,,,8,5,True
1212482273,,,,,,,10,0,True
1212482764,,,,,,,10,5,True
1212493802,,,,,,,10,0,True
1212493916,,,,,,,10,0,True
1212503200,,,,,,,9,0,True
1212503245,,,,,,,20,10,True
1212508215,,,,,,,10,0,True
1212509129,,,,,,,10,0,True
1212510296,,,,,,,10,0,True
1212510515,,,,,,,10,10,True
1212511313,,,,,,,6,0,True
1212511349,,,,,,,1,1,True
1212511577,,,,,,,10,10,True
1212512239,,,,,,,10,0,True
1212512448,,,,,,,8,0,True
1212519645,,,,,,,10,0,True
1212519663,,,,,,,10,0,True
1212519729,,,,,,,5,5,True
1212520803,,,,,,,10,0,True
1212522581,,,,,,,10,0,True
1212522653,,,,,,,10,0,True
1212522690,,,,,,,10,10,True
1212522777,,,,,,,10,0,True
1212522867,,,,,,,10,0,True
1212523299,,,,,,,10,0,True
1212527115,,,,,,,7,7,True
1212533256,1.0,1.0,1.0,1.0,2022-03-10 16:00:00+00:00,2022-03-10 16:00:00+00:00,10,10,True
1212533309,,,,,,,9,0,True
1212533707,,,,,,,7,7,True
1212533829,,,,,,,10,0,True
1212534242,,,,,,,6,6,True
1212534340,,,,,,,10,0,True
1212534414,,,,,,,10,0,True
1212534779,,,,,,,10,0,True
1212535187,,,,,,,10,0,True
1212535431,,,,,,,10,0,True
1212535676,1.0,1.0,1.0,1.0,2022-03-10 16:00:00+00:00,2022-03-10 16:00:00+00:00,6,6,True
1212535805,,,,,,,10,0,True
1212535847,,,,,,,8,0,True
1212535940,,,,,,,10,0,True
1212536056,,,,,,,10,10,True
1212536524,,,,,,,10,10,True
1212538565,,,,,,,7,0,True
1212538586,,,,,,,5,5,True
1212538737,,,,,,,7,7,True
1212540184,,,,,,,10,0,True
1212540500,,,,,,,10,0,True
1212540530,,,,,,,10,0,True
1212540636,,,,,,,3,3,True
1212540738,,,,,,,8,0,True
1212540844,1.0,1.0,1.0,1.0,2022-03-11 16:00:00+00:00,2022-03-11 16:00:00+00:00,3,3,True
1212541133,,,,,,,10,0,True
1212541367,,,,,,,8,6,True
1212541438,,,,,,,10,1,True
1212541487,,,,,,,10,0,True
1212541782,,,,,,,10,0,True
1212541840,,,,,,,10,0,True
1212541881,,,,,,,10,0,True
1212548347,,,,,,,10,0,True
1212548824,,,,,,,10,1,True
1212548991,,,,,,,10,0,True
1212549349,,,,,,,10,0,True
1212550543,,,,,,,10,0,True
1212550993,,,,,,,8,0,True
1212551641,,,,,,,11,11,True
1212552021,,,,,,,10,0,True
1212557875,,,,,,,10,0,True
1212564864,,,,,,,10,0,True
1212565437,,,,,,,10,0,True
1212565809,,,,,,,10,0,True
1212565992,,,,,,,10,0,True
1212566117,,,,,,,10,0,True
1212566170,,,,,,,10,0,True
1212567250,,,,,,,10,0,True
1212567634,,,,,,,4,4,True
1212568022,,,,,,,10,0,True
1212568131,,,,,,,10,4,True
1212568195,,,,,,,10,0,True
1212568318,,,,,,,8,0,True
1212568343,1.0,1.0,1.0,1.0,2022-03-15 16:00:00+00:00,2022-03-15 16:00:00+00:00,10,4,True
1212568465,,,,,,,6,0,True
1212568609,,,,,,,10,0,True
1212568739,,,,,,,10,0,True
1212568774,,,,,,,10,1,True
1212568831,,,,,,,10,0,True
1212568859,,,,,,,10,0,True
1212569136,,,,,,,10,0,True
1212578444,,,,,,,10,0,True
1212578748,,,,,,,10,5,True
1212579242,,,,,,,10,10,True
1212579798,,,,,,,10,0,True
1212579933,,,,,,,10,0,True
1212580115,,,,,,,10,0,True
1212580626,,,,,,,10,0,True
1212580770,,,,,,,10,0,True
1212581258,,,,,,,10,0,True
1212581496,,,,,,,10,0,True
1212581944,,,,,,,10,0,True
1212582093,,,,,,,10,0,True
1212582097,,,,,,,10,0,True
1212582098,,,,,,,10,0,True
1212582099,,,,,,,6,0,True
1212582122,,,,,,,10,1,True
1212582488,,,,,,,10,0,True
1212591626,,,,,,,10,0,True
1212591709,,,,,,,10,0,True
1212591812,,,,,,,10,0,True
1212592835,,,,,,,10,4,True
1212593248,,,,,,,5,0,True
1212593482,,,,,,,6,4,True
1212593585,,,,,,,10,0,True
1212593714,,,,,,,10,0,True
1212593730,,,,,,,10,0,True
1212594359,,,,,,,10,0,True
1212594465,,,,,,,10,0,True
1212605767,,,,,,,10,0,True
1212606350,,,,,,,9,0,True
1212606414,,,,,,,5,5,True
1212606489,,,,,,,10,4,True
1212606576,,,,,,,2,0,True
1212606705,,,,,,,2,2,True
1212606831,,,,,,,10,0,True
1212606964,,,,,,,10,0,True
1212607093,,,,,,,1,0,True
1212607284,,,,,,,10,0,True
1212607654,,,,,,,10,5,True
1212607756,,,,,,,10,0,True
1212607865,,,,,,,6,0,True
1212608230,,,,,,,9,0,True
1212608393,,,,,,,6,6,True
1212608608,,,,,,,10,0,True
1212608794,,,,,,,10,0,True
1212608846,,,,,,,5,5,True
1212608996,,,,,,,10,0,True
1212609038,,,,,,,6,0,True
1212609101,,,,,,,10,0,True
1212609152,,,,,,,10,0,True
1212609203,,,,,,,10,0,True
1212609256,,,,,,,10,0,True
1212609325,,,,,,,10,10,True
1212609389,,,,,,,10,0,True
1212609411,1.0,1.0,1.0,1.0,2022-03-18 16:00:00+00:00,2022-03-18 16:00:00+00:00,10,10,True
1212609471,,,,,,,10,0,True
1212609607,,,,,,,10,0,True
1212610106,,,,,,,10,0,True
1212610203,,,,,,,10,0,True
1212623698,,,,,,,10,0,True
1212623862,,,,,,,8,0,True
1212623888,,,,,,,1,1,True
1212624071,,,,,,,2,2,True
1212624244,,,,,,,10,0,True
1212624256,,,,,,,1,0,True
1212624464,,,,,,,9,2,True
1212624564,,,,,,,1,1,True
1212625155,,,,,,,10,10,True
1212625500,,,,,,,10,0,True
1212625515,,,,,,,9,9,True
1212625615,,,,,,,4,4,True
1212625809,,,,,,,10,0,True
1212625986,,,,,,,10,0,True
1212626195,,,,,,,10,10,True
1212626299,,,,,,,8,0,True
1212626413,,,,,,,6,6,True
1212626758,,,,,,,10,0,True
1212626926,,,,,,,10,0,True
1212626998,,,,,,,10,9,True
1212627008,,,,,,,5,0,True
1212627709,,,,,,,10,0,True
1212627735,,,,,,,6,0,True
1212627797,,,,,,,10,0,True
1212628090,,,,,,,10,1,True
1212628215,,,,,,,2,0,True
1212628892,,,,,,,10,0,True
1212628937,,,,,,,10,1,True
1212628985,,,,,,,6,0,True
1212628988,,,,,,,6,0,True
1212629013,,,,,,,10,0,True
1212630737,,,,,,,10,0,True
1212631020,,,,,,,9,0,True
1212631136,,,,,,,5,0,True
1212631202,,,,,,,10,0,True
1212631234,,,,,,,10,10,True
1212631250,,,,,,,8,0,True
1212631307,,,,,,,9,9,True
1212631419,,,,,,,10,1,True
1212631639,,,,,,,1,1,True
1212631827,,,,,,,10,0,True
1212631848,,,,,,,10,0,True
1212631880,,,,,,,5,5,True
1212632071,,,,,,,10,0,True
1212632310,,,,,,,1,1,True
1212632957,,,,,,,2,2,True
1212633065,,,,,,,5,0,True
1212633075,,,,,,,8,8,True
1212633207,,,,,,,9,9,True
1212633598,,,,,,,10,0,True
1212633648,,,,,,,10,10,True
1212633727,,,,,,,6,0,True
1212634051,,,,,,,10,0,True
1212634443,,,,,,,10,0,True
1212634507,,,,,,,10,1,True
1212634604,,,,,,,10,0,True
1212634696,,,,,,,10,1,True
1212634739,,,,,,,10,0,True
1212634774,,,,,,,10,10,True
1212634866,,,,,,,9,0,True
1212634905,,,,,,,8,0,True
1212634984,2.0,2.0,2.0,2.0,2022-03-22 16:00:00+00:00,2022-03-22 16:00:00+00:00,10,2,True
1212635009,,,,,,,10,0,True
1212635054,,,,,,,10,0,True
1212635243,,,,,,,1,1,True
1212635350,,,,,,,10,0,True
1212635604,,,,,,,5,0,True
1212635750,,,,,,,10,0,True
1212635843,,,,,,,10,1,True
1212640635,,,,,,,10,0,True
1212641498,,,,,,,10,10,True
1212641847,,,,,,,5,5,True
1212642090,,,,,,,7,5,True
1212642636,,,,,,,9,0,True
1212642637,,,,,,,10,0,True
1212642855,,,,,,,10,0,True
1212643055,,,,,,,10,0,True
1212643081,,,,,,,10,0,True
1212643234,,,,,,,10,0,True
1212644080,,,,,,,10,0,True
1212644203,,,,,,,2,2,True
1212644376,,,,,,,5,0,True
1212644454,,,,,,,10,0,True
1212644781,,,,,,,10,0,True
1212644832,,,,,,,10,0,True
1212644917,,,,,,,6,6,True
1212645328,,,,,,,10,0,True
1212648154,,,,,,,10,0,True
1212650380,,,,,,,10,0,True
1212650650,,,,,,,10,0,True
1212650721,,,,,,,10,0,True
1212650741,,,,,,,10,0,True
1212650772,,,,,,,10,0,True
1212651040,,,,,,,10,10,True
1212651335,,,,,,,10,0,True
1212651672,,,,,,,10,0,True
1212651858,,,,,,,11,1,True
1212652048,,,,,,,10,0,True
1212652075,,,,,,,6,0,True
1212652251,,,,,,,10,0,True
1212652869,,,,,,,10,0,True
1212667344,,,,,,,6,6,True
1212667588,,,,,,,10,0,True
1212667713,,,,,,,10,0,True
1212667823,,,,,,,10,0,True
1212668389,,,,,,,10,0,True
1212668459,,,,,,,7,0,True
1212668559,,,,,,,10,0,True
1212668592,,,,,,,10,0,True
1212669171,,,,,,,10,0,True
1212669285,,,,,,,10,0,True
1212669382,,,,,,,10,0,True
1212669655,,,,,,,5,2,True
1212669795,,,,,,,10,0,True
1212669867,,,,,,,10,3,True
1212670042,,,,,,,10,0,True
1212670144,,,,,,,10,0,True
1212670209,,,,,,,10,5,True
1212670265,,,,,,,10,10,True
1212670343,,,,,,,10,0,True
1212670529,,,,,,,10,0,True
1212670581,,,,,,,10,1,True
1212670619,,,,,,,1,1,True
1212670691,,,,,,,10,0,True
1212670931,,,,,,,10,0,True
1212671080,,,,,,,10,0,True
1212671176,,,,,,,10,0,True
1212671221,,,,,,,8,8,True
1212671261,,,,,,,8,8,True
1212671325,,,,,,,10,0,True
1212671354,,,,,,,10,0,True
1212671371,,,,,,,6,0,True
1212671439,1.0,1.0,1.0,1.0,2022-03-25 16:00:00+00:00,2022-03-25 16:00:00+00:00,10,8,True
1212671468,,,,,,,10,2,True
1212671593,,,,,,,10,0,True
1212671753,,,,,,,10,0,True
1212671962,,,,,,,8,8,True
1212682475,1.0,1.0,1.0,1.0,2022-03-26 16:00:00+00:00,2022-03-26 16:00:00+00:00,9,9,True
1212682597,,,,,,,10,1,True
1212682605,,,,,,,8,1,True
1212682876,,,,,,,1,1,True
1212683293,,,,,,,10,0,True
1212683687,,,,,,,5,0,True
1212683737,,,,,,,10,0,True
1212683902,,,,,,,10,0,True
1212684049,1.0,1.0,1.0,1.0,2022-03-28 16:00:00+00:00,2022-03-28 16:00:00+00:00,12,12,True
1212684210,,,,,,,10,0,True
1212684437,,,,,,,5,5,True
1212684638,,,,,,,5,5,True
1212684946,,,,,,,10,0,True
1212684971,,,,,,,10,0,True
1212685160,,,,,,,10,0,True
1212685425,,,,,,,10,0,True
1212685463,,,,,,,10,0,True
1212685521,,,,,,,10,0,True
1212685550,,,,,,,10,0,True
1212685630,,,,,,,6,0,True
1212686051,,,,,,,9,9,True
1212686340,,,,,,,6,0,True
1212686467,,,,,,,10,0,True
1212686491,,,,,,,8,2,True
1212686540,,,,,,,10,0,True
1212686761,,,,,,,10,0,True
1212686813,,,,,,,10,0,True
1212686903,,,,,,,10,10,True
1212687124,,,,,,,1,1,True
1212687138,,,,,,,10,10,True
1212687174,,,,,,,3,0,True
1212687268,,,,,,,10,0,True
1212687323,,,,,,,10,0,True
1212687423,,,,,,,10,10,True
1212687482,,,,,,,10,0,True
1212687612,,,,,,,5,5,True
1212687668,,,,,,,10,0,True
1212687726,1.0,1.0,1.0,1.0,2022-03-28 16:00:00+00:00,2022-03-28 16:00:00+00:00,9,9,True
1212687850,,,,,,,10,0,True
1212687881,,,,,,,7,0,True
1212687929,,,,,,,10,0,True
1212687963,,,,,,,10,0,True
1212687997,,,,,,,10,0,True
1212688057,,,,,,,10,10,True
1212688098,,,,,,,7,0,True
1212688175,,,,,,,10,5,True
1212688184,,,,,,,10,5,True
1212688209,,,,,,,10,0,True
1212688229,,,,,,,10,1,True
1212688308,,,,,,,10,0,True
1212688336,,,,,,,10,0,True
1212688365,,,,,,,10,0,True
1212688463,,,,,,,8,0,True
1212688576,,,,,,,10,0,True
1212688644,,,,,,,15,5,True
1212688660,,,,,,,10,0,True
1212689146,,,,,,,10,0,True
1212689391,,,,,,,3,0,True
1212698866,,,,,,,6,6,True
1212699030,,,,,,,10,0,True
1212699063,,,,,,,10,0,True
1212699120,,,,,,,10,0,True
1212699160,,,,,,,10,0,True
1212704192,,,,,,,10,0,True
1212704456,,,,,,,10,0,True
1212705334,,,,,,,10,0,True
1212705394,,,,,,,8,0,True
1212705676,,,,,,,10,0,True
1212705686,,,,,,,10,0,True
1212706157,,,,,,,10,0,True
1212706216,,,,,,,10,0,True
1212706638,,,,,,,9,0,True
1212706863,,,,,,,10,0,True
1212706915,,,,,,,5,0,True
1212706945,,,,,,,5,5,True
1212707095,,,,,,,9,0,True
1212707170,,,,,,,10,0,True
1212707279,,,,,,,10,0,True
1212707454,,,,,,,10,0,True
1212707489,,,,,,,10,0,True
1212707521,,,,,,,10,10,True
1212707645,,,,,,,10,1,True
1212707745,,,,,,,10,3,True
1212707784,,,,,,,10,0,True
1212707869,,,,,,,10,0,True
1212707882,,,,,,,10,0,True
1212708042,,,,,,,8,1,True
1212708236,,,,,,,10,0,True
1212708375,,,,,,,10,0,True
1212708719,,,,,,,7,0,True
1212708767,,,,,,,1,1,True
1212708801,,,,,,,10,0,True
1212708927,,,,,,,10,0,True
1212708948,,,,,,,10,0,True
1212709241,,,,,,,10,0,True
1212709342,,,,,,,1,0,True
1212709472,,,,,,,10,0,True
1212709563,,,,,,,10,0,True
1212709566,,,,,,,10,0,True
1212709729,,,,,,,10,0,True
1212709778,,,,,,,8,0,True
1212709824,,,,,,,10,1,True
1212709917,,,,,,,10,0,True
1212709996,,,,,,,10,0,True
1212710035,,,,,,,10,0,True
1212710104,,,,,,,10,1,True
1212710279,,,,,,,10,0,True
1212710348,,,,,,,10,0,True
1212710389,,,,,,,10,0,True
1212710445,,,,,,,7,7,True
1212710511,,,,,,,10,0,True
1212710543,,,,,,,14,0,True
1212710612,,,,,,,10,0,True
1212710652,,,,,,,10,0,True
1212710722,,,,,,,10,0,True
1212710745,,,,,,,10,0,True
1212710795,,,,,,,10,0,True
1212710834,2.0,2.0,2.0,2.0,2022-03-29 16:00:00+00:00,2022-03-29 16:00:00+00:00,10,2,True
1212710950,,,,,,,10,0,True
1212710996,,,,,,,10,0,True
1212711006,,,,,,,10,0,True
1212711064,,,,,,,10,0,True
1212711135,,,,,,,7,0,True
1212711231,,,,,,,10,0,True
1212711264,,,,,,,6,6,True
1212711312,,,,,,,10,0,True
1212711340,,,,,,,1,1,True
1212711491,,,,,,,10,0,True
1212711562,,,,,,,5,5,True
1212711585,,,,,,,10,0,True
1212711705,,,,,,,5,0,True
1212711720,1.0,1.0,1.0,1.0,2022-03-29 16:00:00+00:00,2022-03-29 16:00:00+00:00,10,10,True
1212711809,,,,,,,2,0,True
1212711851,,,,,,,10,0,True
1212712001,,,,,,,10,0,True
1212712102,,,,,,,9,8,True
1212712194,,,,,,,6,1,True
1212712311,2.0,2.0,1.0,2.0,2022-03-29 16:00:00+00:00,2022-03-29 16:00:00+00:00,9,9,True
1212712525,1.0,1.0,1.0,1.0,2022-03-29 16:00:00+00:00,2022-03-29 16:00:00+00:00,15,5,True
1212716482,,,,,,,10,0,True
1212721017,,,,,,,10,0,True
1212721030,,,,,,,10,0,True
1212721657,1.0,1.0,1.0,1.0,2022-03-30 16:00:00+00:00,2022-03-30 16:00:00+00:00,10,10,True
1212721730,,,,,,,1,1,True
1212723902,,,,,,,6,0,True
1212724028,,,,,,,10,0,True
1212724225,,,,,,,7,0,True
1212724560,2.0,2.0,2.0,1.0,2022-03-30 16:00:00+00:00,2022-03-30 16:00:00+00:00,10,10,True
1212724599,,,,,,,10,0,True
1212724733,,,,,,,10,0,True
1212724791,1.0,1.0,1.0,1.0,2022-03-30 16:00:00+00:00,2022-03-30 16:00:00+00:00,5,5,True
1212724828,,,,,,,1,1,True
1212724847,,,,,,,10,0,True
1212724900,,,,,,,7,0,True
1212724946,,,,,,,10,0,True
1212724975,,,,,,,10,0,True
1212725185,,,,,,,10,0,True
1212725368,,,,,,,9,0,True
1212725379,1.0,1.0,1.0,1.0,2022-03-30 16:00:00+00:00,2022-03-30 16:00:00+00:00,10,10,True
1212725406,,,,,,,6,0,True
1212725479,,,,,,,7,0,True
1212725538,,,,,,,10,0,True
1212725683,,,,,,,10,0,True
1212725753,,,,,,,10,0,True
1212725781,,,,,,,10,0,True
1212725834,1.0,1.0,1.0,1.0,2022-03-30 16:00:00+00:00,2022-03-30 16:00:00+00:00,10,10,True
1212725894,,,,,,,5,0,True
1212725980,,,,,,,10,0,True
1212726110,,,,,,,10,0,True
1212726232,,,,,,,3,3,True
1212726250,,,,,,,10,10,True
1212726410,,,,,,,10,0,True
1212726547,,,,,,,10,0,True
1212726626,,,,,,,10,0,True
1212726660,,,,,,,10,0,True
1212726787,,,,,,,10,0,True
1212726946,,,,,,,10,0,True
1212727002,,,,,,,10,0,True
1212727082,,,,,,,9,0,True
1212727187,,,,,,,10,0,True
1212727234,,,,,,,9,0,True
1212727246,,,,,,,8,0,True
1212727339,,,,,,,10,0,True
1212727390,,,,,,,10,10,True
1212727454,,,,,,,5,0,True
1212727591,,,,,,,10,10,True
1212727636,,,,,,,10,0,True
1212727684,,,,,,,7,0,True
1212727795,,,,,,,10,0,True
1212727824,,,,,,,6,0,True
1212727856,,,,,,,10,0,True
1212727879,,,,,,,10,5,True
1212727965,,,,,,,10,0,True
1212728189,,,,,,,1,1,True
1212728218,,,,,,,10,2,True
1212728307,,,,,,,10,0,True
1212728359,,,,,,,10,0,True
1212728451,,,,,,,6,0,True
1212728527,,,,,,,10,0,True
1212728603,,,,,,,10,0,True
1212728736,,,,,,,5,0,True
1212728888,,,,,,,10,0,True
1212729029,,,,,,,10,0,True
1212729087,,,,,,,10,0,True
1212729143,,,,,,,10,0,True
1212729148,,,,,,,10,0,True
1212729242,,,,,,,10,0,True
1212729246,,,,,,,10,1,True
1212729388,,,,,,,10,0,True
1212729472,,,,,,,9,0,True
1212729540,,,,,,,10,0,True
1212729571,,,,,,,10,0,True
1212729606,,,,,,,9,0,True
1212729683,,,,,,,9,0,True
1212729763,,,,,,,10,5,True
1212729802,,,,,,,10,0,True
1212729880,,,,,,,10,0,True
1212729915,,,,,,,10,0,True
1212730022,,,,,,,10,0,True
1212730075,,,,,,,10,3,True
1212730099,,,,,,,10,0,True
1212730276,,,,,,,10,0,True
1212730375,,,,,,,8,0,True
1212730415,,,,,,,10,0,True
1212730454,,,,,,,10,0,True
1212730520,,,,,,,10,0,True
1212730577,,,,,,,8,0,True
1212730622,,,,,,,10,0,True
1212730657,,,,,,,5,5,True
1212730719,,,,,,,10,0,True
1212730762,,,,,,,10,0,True
1212730797,,,,,,,10,3,True
1212730891,,,,,,,10,0,True
1212730903,,,,,,,10,0,True
1212730922,,,,,,,10,0,True
1212731035,,,,,,,1,1,True
1212731123,,,,,,,10,0,True
1212731408,,,,,,,10,0,True
1212731619,,,,,,,9,0,True
1212731805,,,,,,,10,10,True
1212731828,,,,,,,5,0,True
1212739303,,,,,,,10,0,True
1212739355,,,,,,,7,0,True
1212739389,,,,,,,10,10,True
1212739970,,,,,,,10,0,True
1212740336,,,,,,,10,0,True
1212740812,,,,,,,10,0,True
1212741059,,,,,,,10,1,True
1212741441,,,,,,,10,0,True
1212741839,,,,,,,10,0,True
1212742087,,,,,,,5,5,True
1212742310,,,,,,,10,0,True
1212742473,1.0,1.0,1.0,1.0,2022-03-31 16:00:00+00:00,2022-03-31 16:00:00+00:00,3,3,True
1212742504,,,,,,,10,0,True
1212742578,,,,,,,7,0,True
1212742718,,,,,,,7,7,True
1212742941,,,,,,,7,1,True
1212742968,,,,,,,10,0,True
1212743054,,,,,,,10,0,True
1212743212,,,,,,,10,0,True
1212743261,,,,,,,10,0,True
1212743585,,,,,,,10,0,True
1212743648,3.0,3.0,3.0,2.0,2022-03-31 16:00:00+00:00,2022-03-31 16:00:00+00:00,10,9,True
1212743823,,,,,,,9,1,True
1212743838,,,,,,,8,1,True
1212743936,,,,,,,5,5,True
1212743962,,,,,,,9,9,True
1212744254,,,,,,,5,5,True
1212744270,,,,,,,10,0,True
1212744289,,,,,,,5,5,True
1212744421,,,,,,,10,0,True
1212744451,,,,,,,8,0,True
1212744531,,,,,,,10,0,True
1212744597,,,,,,,10,0,True
1212744599,,,,,,,10,0,True
1212744627,,,,,,,9,0,True
1212744811,,,,,,,10,2,True
1212744868,,,,,,,10,10,True
1212744889,,,,,,,10,0,True
1212744940,,,,,,,9,9,True
1212745061,,,,,,,9,9,True
1212745134,,,,,,,10,0,True
1212745319,,,,,,,10,0,True
1212745393,,,,,,,10,10,True
1212745431,,,,,,,10,0,True
1212745463,,,,,,,10,0,True
1212745489,,,,,,,10,0,True
1212745553,,,,,,,10,0,True
1212745653,,,,,,,10,0,True
1212745737,,,,,,,10,0,True
1212745748,,,,,,,10,0,True
1212745809,,,,,,,9,0,True
1212745865,,,,,,,7,6,True
1212745954,,,,,,,6,6,True
1212746030,,,,,,,10,0,True
1212746077,,,,,,,10,0,True
1212746082,,,,,,,10,0,True
1212746275,,,,,,,1,1,True
1212746472,1.0,1.0,1.0,1.0,2022-03-31 16:00:00+00:00,2022-03-31 16:00:00+00:00,10,5,True
1212746587,,,,,,,10,0,True
1212746642,,,,,,,10,0,True
1212746799,,,,,,,6,0,True
1212746809,,,,,,,10,0,True
1212747054,,,,,,,1,1,True
1212747148,,,,,,,3,0,True
1212747236,,,,,,,10,0,True
1212747275,,,,,,,10,0,True
1212747308,,,,,,,10,0,True
1212747339,,,,,,,10,0,True
1212747537,,,,,,,10,0,True
1212747618,,,,,,,10,0,True
1212747630,,,,,,,10,0,True
1212747718,,,,,,,10,0,True
1212747772,,,,,,,10,0,True
1212747778,,,,,,,10,0,True
1212747899,,,,,,,6,0,True
1212747949,,,,,,,8,8,True
1212747989,,,,,,,9,0,True
1212748018,,,,,,,10,0,True
1212748028,,,,,,,10,0,True
1212748046,,,,,,,9,0,True
1212748180,,,,,,,15,15,True
1212748248,,,,,,,10,0,True
1212748324,,,,,,,9,0,True
1212748377,,,,,,,10,10,True
1212748441,,,,,,,9,0,True
1212748466,,,,,,,3,3,True
1212748493,,,,,,,10,0,True
1212748583,,,,,,,10,0,True
1212748612,,,,,,,10,0,True
1212748866,,,,,,,8,1,True
1212748880,,,,,,,10,0,True
1212749070,,,,,,,10,10,True
1212749148,,,,,,,10,6,True
1212749171,,,,,,,10,0,True
1212749265,,,,,,,10,0,True
1212749329,1.0,1.0,1.0,1.0,2022-03-31 16:00:00+00:00,2022-03-31 16:00:00+00:00,6,5,True
1212749432,,,,,,,10,0,True
1212749512,,,,,,,10,0,True
1212749591,,,,,,,10,0,True
1212749662,,,,,,,10,0,True
1212749701,,,,,,,10,0,True
1212749756,,,,,,,10,0,True
1212749868,,,,,,,10,4,True
1212749981,,,,,,,10,4,True
1212750117,,,,,,,6,0,True
1212750252,,,,,,,10,10,True
1212750276,,,,,,,10,0,True
1212750308,,,,,,,10,0,True
1212750334,,,,,,,10,0,True
1212750363,,,,,,,10,0,True
1212750434,,,,,,,10,0,True
1212750468,,,,,,,10,0,True
1212750511,,,,,,,10,4,True
1212750602,,,,,,,10,0,True
1212750631,,,,,,,5,5,True
1212750642,,,,,,,10,0,True
1212750677,,,,,,,10,0,True
1212750745,,,,,,,8,0,True
1212750799,,,,,,,10,0,True
1212750904,,,,,,,10,0,True
1212750970,,,,,,,10,10,True
1212750976,,,,,,,10,0,True
1212751032,,,,,,,10,0,True
1212751084,1.0,1.0,1.0,1.0,2022-03-31 16:00:00+00:00,2022-03-31 16:00:00+00:00,10,10,True
1212751102,,,,,,,1,1,True
1212751295,,,,,,,10,0,True
1212751308,,,,,,,10,0,True
1212751378,,,,,,,6,0,True
1212751406,,,,,,,10,0,True
1212751475,,,,,,,10,0,True
1212751504,,,,,,,10,0,True
1212751513,,,,,,,10,0,True
1212751601,,,,,,,10,0,True
1212751615,,,,,,,10,1,True
1212751680,,,,,,,6,0,True
1212751733,,,,,,,10,0,True
1212751767,,,,,,,8,1,True
1212751819,,,,,,,5,0,True
1212751880,,,,,,,5,3,True
1212752008,,,,,,,7,0,True
1212752023,,,,,,,10,0,True
1212752096,,,,,,,10,0,True
1212752146,,,,,,,15,5,True
1212752147,,,,,,,10,0,True
1212752265,,,,,,,10,0,True
1212752303,,,,,,,10,0,True
1212752343,,,,,,,10,0,True
1212752409,,,,,,,6,6,True
1212752597,,,,,,,10,0,True
1212752709,,,,,,,10,0,True
1212752717,,,,,,,10,0,True
1212752748,,,,,,,5,0,True
1212752790,,,,,,,9,0,True
1212752796,,,,,,,10,0,True
1212752872,,,,,,,10,0,True
1212752876,,,,,,,10,10,True
1212752922,,,,,,,10,0,True
1212753021,,,,,,,8,1,True
1212753051,,,,,,,10,0,True
1212753174,,,,,,,1,1,True
1212753194,,,,,,,2,2,True
1212753304,,,,,,,10,0,True
1212753392,,,,,,,10,0,True
1212753424,,,,,,,10,0,True
1212753728,,,,,,,10,10,True
1212753783,,,,,,,10,0,True
1212753801,,,,,,,10,0,True
1212753861,,,,,,,10,0,True
1212754080,,,,,,,3,3,True
1212754106,,,,,,,9,6,True
1212754302,,,,,,,5,0,True
1212754334,,,,,,,10,0,True
1212754364,,,,,,,3,3,True
1212754399,,,,,,,1,1,True
1212754457,,,,,,,1,1,True
1212754549,,,,,,,10,0,True
1212754550,,,,,,,10,0,True
1212754689,,,,,,,10,0,True
1212754851,,,,,,,10,0,True
1212754883,,,,,,,10,0,True
1212754900,,,,,,,10,0,True
1212757289,,,,,,,10,0,True
1212764262,,,,,,,5,5,True
1212764460,,,,,,,10,0,True
1212764854,,,,,,,1,1,True
1212765333,,,,,,,10,10,True
1212765708,,,,,,,10,0,True
1212765717,,,,,,,10,10,True
1212766710,,,,,,,10,0,True
1212767061,,,,,,,10,2,True
1212768014,,,,,,,7,1,True
1212768106,,,,,,,10,0,True
1212768191,,,,,,,10,0,True
1212768559,,,,,,,15,0,True
1212768841,,,,,,,10,0,True
1212768863,,,,,,,10,0,True
1212768877,,,,,,,10,0,True
1212769001,,,,,,,10,0,True
1212769044,,,,,,,10,5,True
1212769496,,,,,,,5,5,True
1212769537,,,,,,,10,0,True
1212769669,,,,,,,10,0,True
1212770033,,,,,,,10,0,True
1212770180,,,,,,,10,3,True
1212806774,,,,,,,10,4,True
1212807235,,,,,,,9,0,True
1212807964,,,,,,,7,0,True
1212808019,,,,,,,10,10,True
1212808423,,,,,,,10,10,True
1212808601,,,,,,,10,0,True
1212808904,,,,,,,10,0,True
1212809206,1.0,1.0,1.0,1.0,2022-04-02 16:00:00+00:00,2022-04-02 16:00:00+00:00,10,10,True
1212809558,,,,,,,10,0,True
1212809581,,,,,,,10,0,True
1212809627,,,,,,,10,0,True
1212809785,,,,,,,1,1,True
1212810123,,,,,,,10,0,True
1212810193,,,,,,,10,0,True
1212810220,,,,,,,10,0,True
1212810235,,,,,,,5,0,True
1212810299,,,,,,,10,0,True
1212810890,,,,,,,10,2,True
1212811062,,,,,,,10,0,True
1212811097,,,,,,,9,0,True
1212811103,1.0,1.0,1.0,1.0,2022-04-02 16:00:00+00:00,2022-04-02 16:00:00+00:00,10,10,True
1212811403,,,,,,,6,6,True
1212811420,,,,,,,7,0,True
1212811517,,,,,,,1,1,True
1212811609,,,,,,,1,1,True
1212811749,,,,,,,10,0,True
1212811849,,,,,,,10,0,True
1212811852,,,,,,,10,0,True
1212813385,,,,,,,10,0,True
1212824141,,,,,,,2,2,True
1212824435,,,,,,,10,0,True
1212825554,,,,,,,1,1,True
1212825613,,,,,,,5,0,True
1212825631,,,,,,,6,0,True
1212826576,,,,,,,7,0,True
1212826661,,,,,,,10,0,True
1212826702,,,,,,,6,0,True
1212826867,,,,,,,12,1,True
1212826932,,,,,,,10,0,True
1212827118,,,,,,,1,1,True
1212827268,,,,,,,10,0,True
1212827497,,,,,,,10,0,True
1212827635,,,,,,,10,0,True
1212827671,,,,,,,10,2,True
1212828126,1.0,1.0,1.0,1.0,2022-04-07 16:00:00+00:00,2022-04-07 16:00:00+00:00,10,10,True
1212828232,,,,,,,7,0,True
1212828289,,,,,,,10,10,True
1212828460,,,,,,,10,0,True
1212828516,,,,,,,7,7,True
1212828702,,,,,,,10,9,True
1212828946,3.0,3.0,1.0,3.0,2022-04-07 16:00:00+00:00,2022-04-07 16:00:00+00:00,10,5,True
1212836452,,,,,,,6,0,True
1212836721,,,,,,,7,0,True
1212836824,,,,,,,7,0,True
1212836874,,,,,,,10,0,True
1212837065,,,,,,,8,0,True
1212837128,,,,,,,10,0,True
1212837278,,,,,,,10,0,True
1212837456,,,,,,,6,6,True
1212837670,,,,,,,10,0,True
1212837803,,,,,,,8,0,True
1212838083,1.0,1.0,1.0,1.0,2022-04-08 16:00:00+00:00,2022-04-08 16:00:00+00:00,10,7,True
1212838210,,,,,,,10,0,True
1212838290,,,,,,,6,6,True
1212838378,,,,,,,10,0,True
1212838564,,,,,,,10,9,True
1212838648,,,,,,,7,0,True
1212838803,,,,,,,10,0,True
1212838819,,,,,,,10,4,True
1212838846,,,,,,,10,0,True
1212838936,,,,,,,6,0,True
1212838956,,,,,,,10,0,True
1212839004,,,,,,,10,0,True
1212839068,,,,,,,6,0,True
1212839251,,,,,,,10,0,True
1212839271,,,,,,,10,0,True
1212839302,,,,,,,6,0,True
1212839463,,,,,,,10,0,True
1212839516,,,,,,,8,0,True
1212839595,,,,,,,9,0,True
1212839637,,,,,,,10,0,True
1212839662,,,,,,,8,8,True
1212839839,,,,,,,10,0,True
1212839840,,,,,,,10,0,True
1212839897,,,,,,,7,0,True
1212839910,,,,,,,1,1,True
1212839954,,,,,,,10,0,True
1212839995,,,,,,,10,0,True
1212840032,,,,,,,10,0,True
1212840261,,,,,,,10,0,True
1212840313,,,,,,,5,2,True
1212840371,,,,,,,10,0,True
1212840372,,,,,,,10,0,True
1212840417,,,,,,,10,0,True
1212840440,,,,,,,10,0,True
1212840523,,,,,,,10,0,True
1212840607,,,,,,,10,0,True
1212840612,,,,,,,6,0,True
1212840685,,,,,,,6,6,True
1212840738,,,,,,,10,0,True
1212840747,,,,,,,6,0,True
1212840776,,,,,,,7,0,True
1212840787,,,,,,,10,0,True
1212840883,,,,,,,10,0,True
1212840934,,,,,,,10,0,True
1212841003,,,,,,,8,0,True
1212841065,,,,,,,10,0,True
1212841246,,,,,,,10,0,True
1212841448,,,,,,,10,0,True
1212841545,,,,,,,10,0,True
1212845292,,,,,,,10,10,True
1212853362,,,,,,,2,2,True
1212853779,,,,,,,10,0,True
1212853826,,,,,,,9,1,True
1212854254,,,,,,,10,0,True
1212854303,,,,,,,8,0,True
1212854339,,,,,,,8,0,True
1212854376,,,,,,,10,0,True
1212854546,,,,,,,10,0,True
1212854655,,,,,,,10,0,True
1212854718,,,,,,,10,0,True
1212854858,,,,,,,5,5,True
1212854934,,,,,,,3,3,True
1212855079,,,,,,,10,0,True
1212855175,,,,,,,10,10,True
1212855228,,,,,,,3,3,True
1212855236,,,,,,,10,0,True
1212855392,,,,,,,10,0,True
1212855427,,,,,,,10,0,True
1212855509,,,,,,,2,2,True
1212855561,,,,,,,10,0,True
1212855695,,,,,,,6,6,True
1212855747,,,,,,,10,0,True
1212855992,,,,,,,10,0,True
1212856090,,,,,,,1,1,True
1212856210,,,,,,,10,0,True
1212856294,,,,,,,8,8,True
1212856472,,,,,,,10,0,True
1212856498,1.0,1.0,1.0,1.0,2022-04-09 16:00:00+00:00,2022-04-09 16:00:00+00:00,10,10,True
1212856597,,,,,,,10,0,True
1212856624,,,,,,,10,10,True
1212856683,,,,,,,10,0,True
1212856704,,,,,,,10,0,True
1212856805,,,,,,,10,0,True
1212856903,,,,,,,10,0,True
1212856970,,,,,,,10,0,True
1212856989,,,,,,,10,5,True
1212857048,,,,,,,10,0,True
1212857118,,,,,,,10,0,True
1212857130,,,,,,,10,0,True
1212857297,2.0,2.0,1.0,2.0,2022-04-09 16:00:00+00:00,2022-04-09 16:00:00+00:00,8,8,True
1212857318,,,,,,,10,10,True
1212857385,,,,,,,10,0,True
1212857408,1.0,1.0,1.0,1.0,2022-04-09 16:00:00+00:00,2022-04-09 16:00:00+00:00,10,10,True
1212857533,,,,,,,9,0,True
1212857634,,,,,,,10,0,True
1212857688,,,,,,,10,0,True
1212857703,,,,,,,10,0,True
1212857815,,,,,,,10,0,True
1212857969,,,,,,,10,0,True
1212858037,,,,,,,10,0,True
1212858115,,,,,,,5,5,True
1212858280,,,,,,,10,0,True
1212858457,,,,,,,9,0,True
1212869875,,,,,,,1,1,True
1212869942,,,,,,,10,0,True
1212872624,,,,,,,10,0,True
1212872689,,,,,,,9,0,True
1212877688,,,,,,,8,8,True
1212880064,,,,,,,7,2,True
1212880107,,,,,,,10,0,True
1212881517,,,,,,,3,1,True
1212881631,,,,,,,1,1,True
1212881675,,,,,,,10,0,True
1212881732,1.0,1.0,1.0,1.0,2022-04-12 16:00:00+00:00,2022-04-12 16:00:00+00:00,6,5,True
1212881779,,,,,,,10,0,True
1212882229,,,,,,,1,1,True
1212882308,,,,,,,10,0,True
1212882564,,,,,,,5,5,True
1212882620,,,,,,,10,10,True
1212882671,,,,,,,10,0,True
1212882754,,,,,,,10,0,True
1212882874,,,,,,,6,6,True
1212882929,,,,,,,10,9,True
1212883073,,,,,,,10,0,True
1212883208,,,,,,,10,0,True
1212883306,,,,,,,9,0,True
1212883358,,,,,,,10,0,True
1212883398,,,,,,,10,0,True
1212883471,,,,,,,8,0,True
1212883589,,,,,,,7,0,True
1212883700,,,,,,,10,0,True
1212883843,,,,,,,8,0,True
1212883861,,,,,,,10,0,True
1212883882,,,,,,,10,0,True
1212883979,,,,,,,10,5,True
1212884054,,,,,,,10,0,True
1212884188,,,,,,,10,0,True
1212884348,,,,,,,15,0,True
1212884420,,,,,,,9,1,True
1212884486,,,,,,,10,0,True
1212884515,,,,,,,10,0,True
1212884559,,,,,,,7,0,True
1212884627,,,,,,,10,0,True
1212884796,,,,,,,10,0,True
1212884887,,,,,,,10,0,True
1212884973,1.0,1.0,1.0,1.0,2022-04-12 16:00:00+00:00,2022-04-12 16:00:00+00:00,10,10,True
1212885025,,,,,,,10,0,True
1212885065,,,,,,,10,0,True
1212885076,,,,,,,9,9,True
1212885171,,,,,,,10,0,True
1212885193,,,,,,,10,0,True
1212885259,,,,,,,10,0,True
1212885355,,,,,,,7,0,True
1212885435,,,,,,,10,0,True
1212885503,,,,,,,5,5,True
1212885551,,,,,,,20,0,True
1212885716,,,,,,,7,0,True
1212885801,,,,,,,1,1,True
1212885860,,,,,,,10,0,True
1212885943,,,,,,,10,0,True
1212885995,,,,,,,10,0,True
1212886092,,,,,,,8,0,True
1212886138,,,,,,,10,0,True
1212886183,,,,,,,10,0,True
1212886190,,,,,,,8,0,True
1212886337,,,,,,,10,0,True
1212886483,,,,,,,10,0,True
1212886603,,,,,,,10,0,True
1212886610,,,,,,,8,0,True
1212886659,,,,,,,6,0,True
1212886675,,,,,,,10,10,True
1212886771,,,,,,,10,0,True
1212886831,,,,,,,10,0,True
1212886867,,,,,,,10,0,True
1212886876,,,,,,,10,0,True
1212886940,,,,,,,8,0,True
1212887010,,,,,,,10,0,True
1212887047,,,,,,,10,0,True
1212887106,3.0,3.0,1.0,3.0,2022-04-12 16:00:00+00:00,2022-04-12 16:00:00+00:00,7,7,True
1212887303,,,,,,,10,0,True
1212887399,,,,,,,10,4,True
1212887453,,,,,,,10,10,True
1212887460,,,,,,,10,0,True
1212887556,,,,,,,10,0,True
1212887638,,,,,,,5,0,True
1212887693,,,,,,,10,0,True
1212893352,,,,,,,10,0,True
1212896804,,,,,,,1,1,True
1212896914,,,,,,,10,0,True
1212896969,,,,,,,10,0,True
1212897078,,,,,,,10,0,True
1212897106,,,,,,,10,10,True
1212897122,,,,,,,7,0,True
1212897215,,,,,,,2,2,True
1212897249,,,,,,,10,0,True
1212897555,,,,,,,10,0,True
1212897584,,,,,,,10,0,True
1212897637,,,,,,,10,0,True
1212897753,,,,,,,10,0,True
1212897947,,,,,,,10,0,True
1212898188,,,,,,,10,0,True
1212898226,,,,,,,10,0,True
1212898281,,,,,,,9,0,True
1212898346,,,,,,,10,0,True
1212898437,,,,,,,10,0,True
1212898526,,,,,,,14,4,True
1212898548,,,,,,,10,0,True
1212898664,,,,,,,10,0,True
1212898751,,,,,,,10,0,True
1212898802,,,,,,,8,3,True
1212898889,,,,,,,10,0,True
1212898910,,,,,,,10,0,True
1212898944,,,,,,,10,10,True
1212899055,,,,,,,10,0,True
1212899089,,,,,,,10,0,True
1212899161,,,,,,,10,0,True
1212899207,,,,,,,10,1,True
1212899325,,,,,,,7,0,True
1212899375,,,,,,,10,0,True
1212899410,,,,,,,10,0,True
1212901239,,,,,,,10,0,True
1212910697,,,,,,,10,0,True
1212910707,2.0,2.0,2.0,2.0,2022-04-14 16:00:00+00:00,2022-04-14 16:00:00+00:00,2,2,True
1212910917,,,,,,,10,1,True
1212911182,,,,,,,10,0,True
1212911316,,,,,,,10,0,True
1212911545,,,,,,,1,1,True
1212911625,,,,,,,8,0,True
1212911763,,,,,,,7,0,True
1212911862,,,,,,,10,0,True
1212911988,,,,,,,10,0,True
1212912157,,,,,,,10,0,True
1212913665,,,,,,,10,9,True
1212913891,,,,,,,10,0,True
1212913990,,,,,,,10,0,True
1212914029,,,,,,,10,0,True
1212914066,,,,,,,10,0,True
1212914098,,,,,,,10,0,True
1212914140,,,,,,,10,0,True
1212914438,,,,,,,10,0,True
1212914469,,,,,,,3,3,True
1212914805,,,,,,,1,1,True
1212917704,,,,,,,10,0,True
1212917716,,,,,,,10,0,True
1212917878,,,,,,,10,0,True
1212918008,,,,,,,10,1,True
1212918044,,,,,,,10,0,True
1212918080,,,,,,,9,0,True
1212918091,,,,,,,9,0,True
1212918120,,,,,,,7,0,True
1212918166,,,,,,,10,10,True
1212918203,,,,,,,10,0,True
1212918303,,,,,,,10,10,True
1212918342,,,,,,,10,0,True
1212918445,,,,,,,8,8,True
1212918512,,,,,,,7,1,True
1212918606,,,,,,,10,0,True
1212918660,1.0,1.0,1.0,1.0,2022-04-15 16:00:00+00:00,2022-04-15 16:00:00+00:00,10,10,True
1212918702,,,,,,,10,0,True
1212918764,,,,,,,10,0,True
1212918807,1.0,1.0,1.0,1.0,2022-04-15 16:00:00+00:00,2022-04-15 16:00:00+00:00,10,10,True
1212918913,,,,,,,10,1,True
1212918957,1.0,1.0,1.0,1.0,2022-04-15 16:00:00+00:00,2022-04-15 16:00:00+00:00,10,10,True
1212918972,,,,,,,10,0,True
1212918974,,,,,,,6,0,True
1212919013,1.0,1.0,1.0,1.0,2022-04-15 16:00:00+00:00,2022-04-15 16:00:00+00:00,10,10,True
1212919017,,,,,,,9,0,True
1212919115,,,,,,,10,0,True
1212919141,,,,,,,10,0,True
1212919202,,,,,,,7,0,True
1212919245,,,,,,,10,4,True
1212919273,,,,,,,10,10,True
1212919384,,,,,,,10,0,True
1212919437,,,,,,,8,0,True
1212919487,,,,,,,10,0,True
1212919494,,,,,,,7,0,True
1212919605,,,,,,,10,0,True
1212920150,,,,,,,7,0,True
1212920491,,,,,,,10,0,True
1212920642,,,,,,,1,0,True
1212920691,,,,,,,2,2,True
1212920716,,,,,,,4,4,True
1212920798,,,,,,,7,7,True
1212920856,,,,,,,10,10,True
1212920892,,,,,,,3,3,True
1212920940,,,,,,,1,1,True
1212921140,,,,,,,10,0,True
1212921289,,,,,,,10,2,True
1212921347,,,,,,,10,0,True
1212921397,,,,,,,1,1,True
1212921474,,,,,,,7,0,True
1212921571,,,,,,,10,0,True
1212921634,,,,,,,5,0,True
1212921757,,,,,,,6,0,True
1212921809,,,,,,,10,0,True
1212921953,,,,,,,5,0,True
1212922102,,,,,,,10,0,True
1212922136,,,,,,,10,0,True
1212922166,,,,,,,10,0,True
1212922198,,,,,,,6,0,True
1212922231,,,,,,,10,0,True
1212922249,,,,,,,10,0,True
1212922274,,,,,,,10,5,True
1212922383,,,,,,,10,0,True
1212922404,,,,,,,10,0,True
1212922429,,,,,,,10,0,True
1212922469,,,,,,,6,1,True
1212922506,,,,,,,10,1,True
1212922528,,,,,,,10,0,True
1212922549,,,,,,,10,0,True
1212922614,,,,,,,10,5,True
1212922642,,,,,,,10,1,True
1212922664,,,,,,,10,10,True
1212922740,,,,,,,10,0,True
1212922775,,,,,,,10,0,True
1212922919,,,,,,,10,0,True
1212923040,,,,,,,10,0,True
1212923063,,,,,,,10,0,True
1212923106,,,,,,,10,0,True
1212923152,,,,,,,10,0,True
1212923157,,,,,,,10,0,True
1212923243,,,,,,,10,0,True
1212923320,,,,,,,10,0,True
1212923504,,,,,,,1,1,True
1212923505,,,,,,,1,1,True
1212923553,,,,,,,10,5,True
1212923585,,,,,,,10,0,True
1212923653,,,,,,,6,0,True
1212923687,,,,,,,10,0,True
1212923756,,,,,,,10,0,True
1212923804,,,,,,,10,0,True
1212923827,,,,,,,10,0,True
1212923837,,,,,,,10,0,True
1212923874,,,,,,,10,0,True
1212923903,,,,,,,10,0,True
1212923975,,,,,,,10,10,True
1212923982,,,,,,,10,0,True
1212924047,,,,,,,10,0,True
1212924105,,,,,,,10,1,True
1212924120,,,,,,,10,1,True
1212924152,,,,,,,5,5,True
1212924210,,,,,,,10,0,True
1212924242,,,,,,,8,0,True
1212924287,,,,,,,10,0,True
1212924371,,,,,,,7,0,True
1212924399,,,,,,,1,1,True
1212924496,,,,,,,5,0,True
1212924622,,,,,,,8,3,True
1212924630,,,,,,,9,0,True
1212924684,,,,,,,10,0,True
1212924735,,,,,,,10,10,True
1212924868,,,,,,,10,0,True
1212924884,,,,,,,10,0,True
1212924936,,,,,,,10,0,True
1212924995,,,,,,,6,0,True
1212925020,,,,,,,10,0,True
1212925025,,,,,,,10,0,True
1212925142,,,,,,,10,10,True
1212925185,,,,,,,10,0,True
1212925241,,,,,,,10,0,True
1212925290,,,,,,,10,0,True
1212939064,1.0,1.0,1.0,1.0,2022-04-15 07:52:29+00:00,2022-04-15 07:52:29+00:00,10,10,True
1212939285,,,,,,,7,1,True
1212939365,,,,,,,10,0,True
1212939609,,,,,,,10,0,True
1212939720,,,,,,,1,1,True
1212939726,,,,,,,5,5,True
1212939804,,,,,,,10,0,True
1212939826,,,,,,,10,0,True
1212939836,,,,,,,10,10,True
1212939922,,,,,,,1,1,True
1212940036,,,,,,,9,9,True
1212940154,,,,,,,10,0,True
1212940255,,,,,,,2,0,True
1212940416,,,,,,,6,0,True
1212940453,,,,,,,6,0,True
1212940490,,,,,,,1,1,True
1212940550,,,,,,,1,0,True
1212940584,,,,,,,10,0,True
1212940608,,,,,,,10,1,True
1212940642,,,,,,,10,5,True
1212940679,,,,,,,3,3,True
1212940689,,,,,,,1,1,True
1212940824,,,,,,,6,0,True
1212940912,,,,,,,7,0,True
1212941015,,,,,,,3,3,True
1212941373,,,,,,,10,0,True
1212941396,,,,,,,10,0,True
1212941495,,,,,,,10,0,True
1212941544,,,,,,,10,6,True
1212941636,,,,,,,7,0,True
1212941695,,,,,,,10,0,True
1212941744,,,,,,,10,0,True
1212941831,,,,,,,10,0,True
1212941883,,,,,,,10,0,True
1212942029,,,,,,,10,0,True
1212942085,,,,,,,10,0,True
1212942128,,,,,,,10,0,True
1212942191,,,,,,,10,0,True
1212942236,,,,,,,10,2,True
1212942265,,,,,,,6,0,True
1212942386,,,,,,,10,0,True
1212942425,,,,,,,3,0,True
1212942526,,,,,,,10,0,True
1212942559,,,,,,,9,0,True
1212942592,,,,,,,10,5,True
1212942642,,,,,,,9,0,True
1212942748,,,,,,,10,0,True
1212942795,,,,,,,10,0,True
1212942853,,,,,,,10,0,True
1212942863,,,,,,,8,0,True
1212942957,,,,,,,10,0,True
1212942998,,,,,,,10,0,True
1212943100,,,,,,,10,0,True
1212943189,,,,,,,10,0,True
1212943205,1.0,1.0,1.0,1.0,2022-04-16 16:00:00+00:00,2022-04-16 16:00:00+00:00,10,10,True
1212943228,,,,,,,10,0,True
1212943299,,,,,,,10,1,True
1212943373,1.0,1.0,1.0,1.0,2022-04-16 16:00:00+00:00,2022-04-16 16:00:00+00:00,10,10,True
1212943466,,,,,,,10,0,True
1212943524,,,,,,,10,10,True
1212943570,,,,,,,10,0,True
1212943617,,,,,,,10,0,True
1212943659,,,,,,,3,3,True
1212943689,,,,,,,10,0,True
1212943740,1.0,1.0,1.0,1.0,2022-04-16 16:00:00+00:00,2022-04-16 16:00:00+00:00,9,8,True
1212943797,,,,,,,8,0,True
1212943849,,,,,,,7,0,True
1212943875,,,,,,,8,0,True
1212943952,,,,,,,10,0,True
1212943977,,,,,,,10,0,True
1212943999,1.0,1.0,1.0,1.0,2022-04-16 16:00:00+00:00,2022-04-16 16:00:00+00:00,14,14,True
1212944048,,,,,,,10,0,True
1212944107,,,,,,,10,6,True
1212944123,,,,,,,10,0,True
1212944178,,,,,,,10,1,True
1212944275,1.0,1.0,1.0,1.0,2022-04-16 16:00:00+00:00,2022-04-16 16:00:00+00:00,10,10,True
1212944352,,,,,,,2,1,True
1212944394,,,,,,,10,1,True
1212944410,,,,,,,10,0,True
1212944582,,,,,,,10,0,True
1212944643,,,,,,,10,0,True
1212944863,,,,,,,5,0,True
1212944920,,,,,,,1,1,True
1212944984,,,,,,,7,7,True
1212951435,1.0,1.0,1.0,1.0,2022-04-18 16:00:00+00:00,2022-04-18 16:00:00+00:00,5,5,True
1212951499,,,,,,,10,0,True
1212951564,,,,,,,1,1,True
1212951607,,,,,,,10,0,True
1212951655,,,,,,,10,0,True
1212951691,,,,,,,10,0,True
1212951704,,,,,,,10,0,True
1212951836,,,,,,,3,0,True
1212956677,,,,,,,10,0,True
1212956815,,,,,,,10,0,True
1212957253,,,,,,,10,0,True
1212957364,,,,,,,10,0,True
1212957533,,,,,,,10,10,True
1212957748,,,,,,,10,3,True
1212957778,,,,,,,10,0,True
1212957789,,,,,,,10,0,True
1212957819,,,,,,,2,2,True
1212958040,,,,,,,10,0,True
1212958239,,,,,,,10,0,True
1212958486,,,,,,,6,3,True
1212958682,,,,,,,10,0,True
1212958822,,,,,,,10,0,True
1212958858,,,,,,,10,0,True
1212958957,,,,,,,10,0,True
1212959026,,,,,,,10,0,True
1212959064,,,,,,,5,0,True
1212959209,,,,,,,10,10,True
1212959432,,,,,,,14,4,True
1212959453,,,,,,,6,0,True
1212959508,,,,,,,5,5,True
1212959527,,,,,,,10,2,True
1212959869,,,,,,,10,0,True
1212959971,,,,,,,10,10,True
1212960060,,,,,,,10,0,True
1212960129,,,,,,,10,2,True
1212960383,,,,,,,10,0,True
1212960456,,,,,,,10,0,True
1212960474,,,,,,,10,10,True
1212960489,,,,,,,2,2,True
1212960578,,,,,,,8,0,True
1212960706,,,,,,,8,2,True
1212960759,,,,,,,10,3,True
1212961196,,,,,,,4,4,True
1212961296,,,,,,,7,7,True
1212961386,,,,,,,10,0,True
1212961508,,,,,,,10,0,True
1212961690,1.0,1.0,1.0,1.0,2022-04-19 16:00:00+00:00,2022-04-19 16:00:00+00:00,10,4,True
1212961717,,,,,,,9,0,True
1212961786,,,,,,,5,0,True
1212961819,,,,,,,10,0,True
1212961874,,,,,,,10,0,True
1212961963,,,,,,,8,0,True
1212962028,,,,,,,10,0,True
1212962084,,,,,,,10,0,True
1212962156,,,,,,,10,0,True
1212962195,,,,,,,10,0,True
1212962265,,,,,,,10,0,True
1212962359,,,,,,,10,0,True
1212962485,,,,,,,10,10,True
1212962670,,,,,,,10,1,True
1212962773,,,,,,,10,0,True
1212962941,,,,,,,10,0,True
1212963038,,,,,,,8,0,True
1212963193,,,,,,,10,0,True
1212963195,,,,,,,10,0,True
1212963291,,,,,,,10,0,True
1212963473,,,,,,,10,0,True
1212963537,,,,,,,7,0,True
1212963604,,,,,,,5,5,True
1212963665,,,,,,,6,0,True
1212963832,,,,,,,7,0,True
1212963902,,,,,,,10,0,True
1212963925,,,,,,,10,0,True
1212963974,,,,,,,10,0,True
1212964065,,,,,,,10,0,True
1212964098,,,,,,,10,0,True
1212964133,,,,,,,10,0,True
1212964235,,,,,,,10,0,True
1212964251,,,,,,,10,0,True
1212964371,,,,,,,10,0,True
1212964382,,,,,,,10,0,True
1212964451,,,,,,,7,0,True
1212964478,1.0,1.0,1.0,1.0,2022-04-19 16:00:00+00:00,2022-04-19 16:00:00+00:00,10,10,True
1212964481,,,,,,,1,1,True
1212964525,,,,,,,10,0,True
1212964605,,,,,,,10,0,True
1212964643,,,,,,,9,0,True
1212964652,,,,,,,10,0,True
1212964706,,,,,,,10,0,True
1212964803,,,,,,,10,0,True
1212964918,,,,,,,10,1,True
1212965050,,,,,,,9,9,True
1212965056,,,,,,,10,0,True
1212965131,,,,,,,10,10,True
1212965223,,,,,,,10,0,True
1212965257,,,,,,,10,0,True
1212965403,,,,,,,5,5,True
1212965527,,,,,,,10,0,True
1212965554,,,,,,,10,0,True
1212965633,,,,,,,10,0,True
1212965674,,,,,,,10,0,True
1212965853,,,,,,,8,0,True
1212966293,,,,,,,6,0,True
1212966301,,,,,,,8,8,True
1212966681,,,,,,,10,0,True
1212966700,,,,,,,10,0,True
1212973514,,,,,,,10,2,True
1212973555,,,,,,,10,0,True
1212973590,,,,,,,10,0,True
1212973696,,,,,,,10,0,True
1212973735,,,,,,,10,0,True
1212973762,,,,,,,10,0,True
1212973798,,,,,,,10,0,True
1212973903,,,,,,,17,4,True
1212973954,,,,,,,10,10,True
1212974136,,,,,,,10,0,True
1212974209,,,,,,,10,0,True
1212974252,,,,,,,7,0,True
1212974302,,,,,,,10,10,True
1212974325,,,,,,,5,0,True
1212974374,,,,,,,10,0,True
1212974395,,,,,,,11,1,True
1212974443,,,,,,,9,9,True
1212974444,,,,,,,6,0,True
1212974476,,,,,,,1,1,True
1212974559,,,,,,,10,0,True
1212974653,,,,,,,9,0,True
1212974835,,,,,,,6,0,True
1212974920,,,,,,,10,0,True
1212975019,,,,,,,1,1,True
1212975050,,,,,,,10,10,True
1212975100,,,,,,,8,0,True
1212975306,,,,,,,10,0,True
1212975360,,,,,,,9,0,True
1212975376,,,,,,,10,0,True
1212975544,,,,,,,10,0,True
1212975555,,,,,,,12,2,True
1212975645,,,,,,,10,0,True
1212975669,,,,,,,10,10,True
1212975675,,,,,,,10,0,True
1212975724,,,,,,,7,1,True
1212975834,,,,,,,6,0,True
1212975853,,,,,,,10,0,True
1212975922,,,,,,,2,0,True
1212976110,,,,,,,10,0,True
1212976151,,,,,,,10,0,True
1212976284,,,,,,,5,5,True
1212976297,,,,,,,6,0,True
1212976384,,,,,,,10,0,True
1212976396,,,,,,,10,0,True
1212976444,,,,,,,7,0,True
1212976584,,,,,,,9,0,True
1212976644,,,,,,,10,0,True
1212976696,,,,,,,10,0,True
1212976702,,,,,,,9,0,True
1212976735,,,,,,,10,3,True
1212976803,,,,,,,10,0,True
1212976825,,,,,,,10,0,True
1212976903,,,,,,,10,0,True
1212977029,,,,,,,10,0,True
1212977118,,,,,,,10,0,True
1212977143,,,,,,,10,0,True
1212977173,,,,,,,10,0,True
1212977226,,,,,,,8,1,True
1212977264,1.0,1.0,1.0,1.0,2022-04-20 16:00:00+00:00,2022-04-20 16:00:00+00:00,6,6,True
1212977366,,,,,,,4,4,True
1212977476,,,,,,,10,5,True
1212977493,,,,,,,10,0,True
1212977551,,,,,,,10,0,True
1212977586,,,,,,,7,0,True
1212977656,,,,,,,10,0,True
1212977696,,,,,,,10,0,True
1212977764,,,,,,,2,0,True
1212977920,,,,,,,9,0,True
1212977969,,,,,,,10,0,True
1212978015,,,,,,,12,2,True
1212978018,,,,,,,10,1,True
1212978089,,,,,,,1,1,True
1212978255,,,,,,,10,0,True
1212978371,,,,,,,10,0,True
1212978515,,,,,,,10,0,True
1212978576,,,,,,,6,0,True
1212978588,,,,,,,10,0,True
1212978637,,,,,,,10,0,True
1212978716,,,,,,,10,0,True
1212978747,,,,,,,10,0,True
1212978759,,,,,,,9,3,True
1212978821,,,,,,,10,0,True
1212978870,,,,,,,10,1,True
1212978904,,,,,,,10,0,True
1212978944,,,,,,,10,0,True
1212978956,,,,,,,10,10,True
1212978983,,,,,,,10,0,True
1212979084,,,,,,,10,0,True
1212979120,,,,,,,10,1,True
1212979218,,,,,,,10,0,True
1212979242,,,,,,,10,0,True
1212979270,,,,,,,6,6,True
1212979292,,,,,,,10,0,True
1212979319,,,,,,,10,5,True
1212979335,,,,,,,10,0,True
1212979336,,,,,,,10,0,True
1212979366,,,,,,,6,0,True
1212979474,,,,,,,5,1,True
1212979490,,,,,,,10,0,True
1212979518,,,,,,,10,0,True
1212979610,,,,,,,10,0,True
1212979613,,,,,,,10,10,True
1212979618,,,,,,,10,0,True
1212979699,,,,,,,8,0,True
1212979718,,,,,,,9,0,True
1212979753,,,,,,,10,0,True
1212979813,,,,,,,10,0,True
1212979850,,,,,,,10,10,True
1212979864,,,,,,,1,1,True
1212980515,,,,,,,10,5,True
1212982632,,,,,,,10,0,True
1212983216,,,,,,,10,0,True
1212983510,,,,,,,10,0,True
1212983540,,,,,,,10,0,True
1212983609,1.0,1.0,1.0,1.0,2022-04-20 16:00:00+00:00,2022-04-20 16:00:00+00:00,5,5,True
1212983780,,,,,,,6,0,True
1212983838,,,,,,,10,0,True
1212983889,,,,,,,10,0,True
1212983968,,,,,,,10,0,True
1212984086,,,,,,,10,0,True
1212984124,,,,,,,9,0,True
1212984229,,,,,,,10,0,True
1212984374,,,,,,,10,0,True
1212984401,,,,,,,1,1,True
1212984426,,,,,,,10,0,True
1212984529,,,,,,,8,5,True
1212994169,,,,,,,10,0,True
1212996895,,,,,,,10,0,True
1212997787,,,,,,,10,0,True
1212997998,,,,,,,10,0,True
1212998238,,,,,,,1,1,True
1212998951,,,,,,,10,0,True
1212999292,,,,,,,10,0,True
1212999452,,,,,,,10,0,True
1212999588,,,,,,,10,0,True
1212999635,,,,,,,10,0,True
1212999765,,,,,,,10,0,True
1213000148,,,,,,,9,0,True
1213000423,,,,,,,10,0,True
1213000591,,,,,,,10,0,True
1213000714,,,,,,,10,0,True
1213000861,,,,,,,5,5,True
1213000916,,,,,,,1,1,True
1213001197,,,,,,,10,0,True
1213001265,,,,,,,10,5,True
1213001311,,,,,,,10,0,True
1213001411,,,,,,,7,0,True
1213001476,,,,,,,9,0,True
1213001585,,,,,,,1,0,True
1213001605,,,,,,,5,0,True
1213001747,,,,,,,10,0,True
1213001888,,,,,,,10,0,True
1213001907,,,,,,,10,0,True
1213002324,,,,,,,10,0,True
1213002345,,,,,,,10,0,True
1213002665,,,,,,,6,1,True
1213002885,,,,,,,6,0,True
1213002990,,,,,,,10,0,True
1213003147,,,,,,,10,0,True
1213003192,,,,,,,10,0,True
1213003256,,,,,,,10,0,True
1213003335,,,,,,,10,0,True
1213003369,,,,,,,10,1,True
1213003541,,,,,,,10,0,True
1213003563,,,,,,,10,0,True
1213003603,,,,,,,10,0,True
1213003810,,,,,,,10,0,True
1213003977,,,,,,,10,0,True
1213004047,,,,,,,10,0,True
1213004048,,,,,,,10,0,True
1213004255,,,,,,,10,0,True
1213004638,,,,,,,10,0,True
1213004705,,,,,,,5,0,True
1213004778,,,,,,,10,0,True
1213005236,,,,,,,8,0,True
1213005381,,,,,,,10,0,True
1213015145,,,,,,,10,0,True
1213015246,,,,,,,10,0,True
1213015646,,,,,,,6,0,True
1213016270,,,,,,,10,0,True
1213016973,,,,,,,7,0,True
1213017121,,,,,,,8,0,True
1213017182,,,,,,,10,10,True
1213017251,,,,,,,10,0,True
1213017525,,,,,,,6,0,True
1213017614,,,,,,,9,0,True
1213017907,,,,,,,10,0,True
1213017966,,,,,,,10,0,True
1213017975,,,,,,,10,0,True
1213018138,,,,,,,10,0,True
1213018228,,,,,,,10,0,True
1213018375,,,,,,,10,0,True
1213018450,,,,,,,10,0,True
1213018593,,,,,,,10,0,True
1213018623,,,,,,,11,11,True
1213018646,,,,,,,10,0,True
1213018759,,,,,,,10,0,True
1213018996,,,,,,,9,4,True
1213019103,,,,,,,10,0,True
1213019149,,,,,,,10,0,True
1213019198,,,,,,,6,0,True
1213019467,,,,,,,10,0,True
1213019580,,,,,,,10,0,True
1213019703,,,,,,,9,0,True
1213019743,,,,,,,9,0,True
1213019888,,,,,,,10,0,True
1213019939,,,,,,,6,0,True
1213020050,,,,,,,10,0,True
1213020158,,,,,,,1,1,True
1213020351,,,,,,,10,0,True
1213020444,,,,,,,10,0,True
1213020629,,,,,,,10,0,True
1213020706,,,,,,,10,0,True
1213020944,,,,,,,10,0,True
1213021056,,,,,,,8,8,True
1213021112,,,,,,,10,0,True
1213021244,,,,,,,10,0,True
1213021329,,,,,,,10,0,True
1213021343,,,,,,,8,0,True
1213021441,,,,,,,10,0,True
1213021550,,,,,,,10,0,True
1213021635,,,,,,,10,0,True
1213021668,,,,,,,10,0,True
1213021700,,,,,,,10,0,True
1213021815,,,,,,,7,0,True
1213021817,,,,,,,4,4,True
1213021914,,,,,,,10,0,True
1213022034,,,,,,,6,0,True
1213022096,,,,,,,9,9,True
1213022113,,,,,,,10,0,True
1213022211,,,,,,,10,0,True
1213022367,,,,,,,10,0,True
1213022410,,,,,,,10,0,True
1213022482,,,,,,,10,0,True
1213022501,,,,,,,10,0,True
1213022622,,,,,,,10,0,True
1213022683,,,,,,,10,0,True
1213022700,,,,,,,10,0,True
1213022753,,,,,,,9,8,True
1213022954,,,,,,,10,0,True
1213023014,,,,,,,10,0,True
1213023053,,,,,,,10,0,True
1213023181,,,,,,,10,0,True
1213023208,,,,,,,10,0,True
1213023551,,,,,,,10,0,True
1213023599,1.0,1.0,1.0,1.0,2022-04-22 16:00:00+00:00,2022-04-22 16:00:00+00:00,10,10,True
1213023686,,,,,,,10,0,True
1213023777,,,,,,,10,0,True
1213023838,,,,,,,10,0,True
1213023857,,,,,,,10,0,True
1213023981,,,,,,,1,1,True
1213024009,,,,,,,8,0,True
1213024022,,,,,,,10,0,True
1213024164,,,,,,,10,0,True
1213024217,,,,,,,7,0,True
1213024255,,,,,,,10,10,True
1213024375,,,,,,,6,0,True
1213024416,,,,,,,7,0,True
1213024492,,,,,,,9,0,True
1213024594,,,,,,,10,0,True
1213024710,,,,,,,5,5,True
1213024713,,,,,,,10,0,True
1213024947,,,,,,,10,0,True
1213024978,,,,,,,10,0,True
1213025032,,,,,,,10,0,True
1213025078,,,,,,,10,0,True
1213025104,,,,,,,10,0,True
1213025122,,,,,,,10,0,True
1213025197,,,,,,,10,0,True
1213025298,,,,,,,6,1,True
1213025419,1.0,1.0,1.0,1.0,2022-04-22 16:00:00+00:00,2022-04-22 16:00:00+00:00,10,10,True
1213025558,,,,,,,10,0,True
1213025671,,,,,,,10,0,True
1213025695,,,,,,,10,0,True
1213025821,,,,,,,10,0,True
1213025834,,,,,,,7,0,True
1213025868,,,,,,,8,0,True
1213025896,,,,,,,6,0,True
1213026060,,,,,,,9,0,True
1213026072,,,,,,,10,0,True
1213026108,,,,,,,6,0,True
1213026145,,,,,,,10,0,True
1213026169,,,,,,,9,0,True
1213026280,,,,,,,10,0,True
1213026351,,,,,,,8,0,True
1213026410,,,,,,,10,0,True
1213026423,,,,,,,10,5,True
1213026465,,,,,,,7,0,True
1213026482,,,,,,,10,0,True
1213026539,,,,,,,10,0,True
1213026552,,,,,,,5,5,True
1213026599,,,,,,,10,0,True
1213026629,,,,,,,5,5,True
1213026712,,,,,,,9,0,True
1213026753,,,,,,,10,0,True
1213026799,,,,,,,10,0,True
1213026874,,,,,,,10,0,True
1213026938,,,,,,,10,0,True
1213026958,,,,,,,8,0,True
1213027017,,,,,,,10,0,True
1213027052,,,,,,,8,0,True
1213027095,,,,,,,10,0,True
1213027130,,,,,,,6,0,True
1213027157,,,,,,,10,0,True
1213027272,,,,,,,10,0,True
1213027303,,,,,,,7,0,True
1213027349,,,,,,,10,0,True
1213027389,,,,,,,10,0,True
1213027402,,,,,,,10,2,True
1213027512,,,,,,,6,0,True
1213027619,,,,,,,10,0,True
1213027750,,,,,,,10,0,True
1213027758,,,,,,,10,0,True
1213027903,,,,,,,6,0,True
1213027970,,,,,,,10,0,True
1213028048,,,,,,,6,0,True
1213028136,,,,,,,10,10,True
1213028173,,,,,,,10,0,True
1213028258,,,,,,,10,1,True
1213028283,,,,,,,8,8,True
1213028323,,,,,,,6,1,True
1213028353,,,,,,,10,0,True
1213028466,,,,,,,10,0,True
1213028497,,,,,,,10,0,True
1213028525,,,,,,,10,0,True
1213028572,,,,,,,7,0,True
1213028619,,,,,,,10,0,True
1213028679,,,,,,,10,10,True
1213028701,,,,,,,10,0,True
1213028732,,,,,,,10,0,True
1213028832,,,,,,,10,0,True
1213028857,,,,,,,10,0,True
1213028926,,,,,,,10,0,True
1213028943,,,,,,,10,0,True
1213028999,,,,,,,6,0,True
1213029064,,,,,,,10,0,True
1213029200,,,,,,,7,0,True
1213029226,,,,,,,10,0,True
1213029318,,,,,,,9,9,True
1213029445,,,,,,,7,0,True
1213029795,,,,,,,10,10,True
1213029830,,,,,,,2,2,True
1213029866,,,,,,,10,0,True
1213029997,,,,,,,10,0,True
1213030146,,,,,,,10,0,True
1213030270,,,,,,,10,0,True
1213030276,,,,,,,10,0,True
1213030419,,,,,,,10,0,True
1213030510,,,,,,,10,0,True
1213032224,,,,,,,10,0,True
1213042141,,,,,,,6,0,True
1213042247,,,,,,,10,0,True
1213042277,,,,,,,7,0,True
1213042319,,,,,,,10,1,True
1213042365,,,,,,,10,0,True
1213042468,,,,,,,10,0,True
1213042482,1.0,1.0,1.0,1.0,2022-04-23 16:00:00+00:00,2022-04-23 16:00:00+00:00,9,5,True
1213042550,,,,,,,10,0,True
1213042739,,,,,,,8,0,True
1213042832,,,,,,,10,0,True
1213042881,,,,,,,10,0,True
1213043030,,,,,,,9,0,True
1213043614,,,,,,,9,0,True
1213043647,,,,,,,10,10,True
1213043785,,,,,,,10,0,True
1213044117,,,,,,,10,0,True
1213044792,,,,,,,10,0,True
1213045297,,,,,,,10,0,True
1213045606,,,,,,,10,0,True
1213046091,,,,,,,10,0,True
1213046150,,,,,,,10,0,True
1213046270,,,,,,,7,1,True
1213046504,,,,,,,10,0,True
1213046572,,,,,,,10,0,True
1213046762,,,,,,,10,0,True
1213046834,,,,,,,10,3,True
1213047077,,,,,,,10,0,True
1213047182,,,,,,,10,0,True
1213047275,,,,,,,10,0,True
1213047302,,,,,,,10,0,True
1213047328,,,,,,,10,10,True
1213047476,1.0,1.0,1.0,1.0,2022-04-23 16:00:00+00:00,2022-04-23 16:00:00+00:00,16,16,True
1213047503,,,,,,,10,0,True
1213047702,,,,,,,7,0,True
1213047724,,,,,,,10,0,True
1213047736,,,,,,,10,5,True
1213047825,,,,,,,10,0,True
1213047939,,,,,,,10,0,True
1213047943,,,,,,,7,7,True
1213048107,,,,,,,10,0,True
1213048110,,,,,,,8,0,True
1213048245,,,,,,,10,0,True
1213048289,,,,,,,10,0,True
1213048509,,,,,,,3,0,True
1213048561,,,,,,,7,7,True
1213048719,,,,,,,8,0,True
1213048728,,,,,,,9,0,True
1213048758,,,,,,,8,0,True
1213048833,,,,,,,10,10,True
1213048864,,,,,,,10,0,True
1213048969,,,,,,,5,5,True
1213049163,,,,,,,6,0,True
1213049252,,,,,,,10,0,True
1213049263,,,,,,,10,0,True
1213049320,,,,,,,10,1,True
1213049562,,,,,,,10,0,True
1213049601,1.0,1.0,1.0,1.0,2022-04-23 16:00:00+00:00,2022-04-23 16:00:00+00:00,10,9,True
1213049668,,,,,,,10,0,True
1213049826,,,,,,,10,0,True
1213049944,,,,,,,10,0,True
1213050023,,,,,,,10,10,True
1213050077,,,,,,,5,5,True
1213050157,,,,,,,10,0,True
1213050289,,,,,,,10,0,True
1213050367,,,,,,,10,10,True
1213050498,,,,,,,10,0,True
1213050513,1.0,1.0,1.0,1.0,2022-04-25 16:00:00+00:00,2022-04-25 16:00:00+00:00,10,10,True
1213050645,,,,,,,6,0,True
1213050753,,,,,,,10,0,True
1213050931,,,,,,,10,0,True
1213050981,,,,,,,10,10,True
1213051008,,,,,,,7,0,True
1213051108,,,,,,,10,10,True
1213051187,,,,,,,8,0,True
1213051277,,,,,,,10,0,True
1213051284,,,,,,,10,10,True
1213051424,,,,,,,9,9,True
1213051455,,,,,,,10,0,True
1213051489,,,,,,,10,0,True
1213051650,,,,,,,10,2,True
1213051848,,,,,,,10,0,True
1213051872,,,,,,,10,0,True
1213051936,,,,,,,10,0,True
1213052107,,,,,,,10,10,True
1213052204,,,,,,,10,0,True
1213052241,,,,,,,10,0,True
1213052246,,,,,,,7,0,True
1213052319,,,,,,,10,0,True
1213052336,,,,,,,7,0,True
1213052415,,,,,,,10,10,True
1213052509,,,,,,,6,0,True
1213052540,,,,,,,10,0,True
1213052590,,,,,,,4,3,True
1213052637,,,,,,,10,0,True
1213052701,,,,,,,10,5,True
1213052843,,,,,,,10,0,True
1213052853,,,,,,,8,0,True
1213052963,,,,,,,10,0,True
1213052964,,,,,,,10,0,True
1213053024,,,,,,,6,0,True
1213053074,,,,,,,10,0,True
1213053197,,,,,,,7,7,True
1213053354,,,,,,,10,0,True
1213053388,,,,,,,6,6,True
1213053440,,,,,,,10,0,True
1213053459,,,,,,,10,0,True
1213053538,,,,,,,10,0,True
1213053552,,,,,,,7,0,True
1213053699,,,,,,,6,0,True
1213053755,,,,,,,5,0,True
1213053771,,,,,,,10,10,True
1213053845,,,,,,,10,5,True
1213053870,,,,,,,10,10,True
1213053957,,,,,,,10,0,True
1213054112,,,,,,,10,0,True
1213054257,,,,,,,4,4,True
1213054332,,,,,,,10,0,True
1213054342,,,,,,,10,0,True
1213054556,,,,,,,10,0,True
1213054559,,,,,,,8,0,True
1213054656,,,,,,,10,0,True
1213054735,,,,,,,10,2,True
1213054802,,,,,,,10,0,True
1213054833,,,,,,,1,1,True
1213055019,,,,,,,10,0,True
1213055058,,,,,,,10,0,True
1213055156,,,,,,,10,0,True
1213055191,,,,,,,10,0,True
1213055228,1.0,1.0,1.0,1.0,2022-04-25 16:00:00+00:00,2022-04-25 16:00:00+00:00,10,10,True
1213055251,,,,,,,10,10,True
1213055380,,,,,,,8,0,True
1213055492,,,,,,,6,0,True
1213055500,,,,,,,10,5,True
1213055560,,,,,,,10,0,True
1213055701,,,,,,,10,0,True
1213055820,,,,,,,10,0,True
1213055846,,,,,,,10,0,True
1213055913,,,,,,,10,0,True
1213055960,,,,,,,5,0,True
1213056018,,,,,,,10,0,True
1213056090,,,,,,,10,0,True
1213056098,,,,,,,10,0,True
1213056186,,,,,,,10,10,True
1213056196,,,,,,,10,0,True
1213056241,,,,,,,9,6,True
1213056253,,,,,,,3,3,True
1213056384,3.0,3.0,2.0,3.0,2022-04-23 16:00:00+00:00,2022-04-23 16:00:00+00:00,10,10,True
1213056443,,,,,,,10,0,True
1213056499,,,,,,,10,0,True
1213056533,,,,,,,9,0,True
1213056608,,,,,,,10,0,True
1213056655,,,,,,,1,1,True
1213056682,,,,,,,10,0,True
1213056753,,,,,,,9,0,True
1213056830,,,,,,,10,10,True
1213056926,,,,,,,10,2,True
1213056936,,,,,,,7,1,True
1213056992,,,,,,,10,2,True
1213057017,,,,,,,10,0,True
1213057093,,,,,,,6,0,True
1213057225,,,,,,,10,0,True
1213057353,,,,,,,10,0,True
1213057382,,,,,,,10,10,True
1213057501,,,,,,,6,0,True
1213057522,,,,,,,10,0,True
1213057592,,,,,,,10,0,True
1213057641,,,,,,,9,2,True
1213057649,,,,,,,10,0,True
1213057723,,,,,,,10,0,True
1213057762,,,,,,,10,0,True
1213057862,,,,,,,10,1,True
1213057966,,,,,,,10,0,True
1213058002,,,,,,,10,0,True
1213058048,,,,,,,10,0,True
1213058081,,,,,,,10,2,True
1213058119,,,,,,,1,1,True
1213058226,,,,,,,7,0,True
1213058248,,,,,,,7,0,True
1213058353,,,,,,,6,0,True
1213058379,,,,,,,10,0,True
1213058384,,,,,,,10,1,True
1213058483,,,,,,,10,1,True
1213058562,,,,,,,10,0,True
1213058639,,,,,,,10,0,True
1213058725,,,,,,,7,0,True
1213058778,,,,,,,10,0,True
1213058944,,,,,,,7,0,True
1213059013,,,,,,,10,10,True
1213059052,,,,,,,9,0,True
1213059108,,,,,,,9,0,True
1213059274,,,,,,,10,0,True
1213059325,,,,,,,10,0,True
1213059359,,,,,,,10,10,True
1213059454,,,,,,,2,2,True
1213059469,,,,,,,10,0,True
1213059514,,,,,,,10,0,True
1213059571,,,,,,,10,0,True
1213059630,,,,,,,8,1,True
1213059647,,,,,,,10,0,True
1213059710,,,,,,,10,0,True
1213059783,,,,,,,10,0,True
1213059834,,,,,,,10,0,True
1213059882,,,,,,,5,5,True
1213059920,,,,,,,10,0,True
1213059959,,,,,,,9,0,True
1213060080,,,,,,,10,0,True
1213060084,,,,,,,10,0,True
1213060200,,,,,,,10,0,True
1213060269,,,,,,,10,0,True
1213060337,,,,,,,6,0,True
1213060454,,,,,,,10,0,True
1213060502,,,,,,,10,0,True
1213060532,,,,,,,8,8,True
1213060579,,,,,,,10,0,True
1213060612,,,,,,,10,10,True
1213060684,,,,,,,10,0,True
1213060761,,,,,,,10,0,True
1213060795,,,,,,,10,0,True
1213060803,,,,,,,10,0,True
1213060886,,,,,,,10,0,True
1213060919,,,,,,,10,0,True
1213060987,,,,,,,10,0,True
1213061074,,,,,,,10,0,True
1213061148,1.0,1.0,1.0,1.0,2022-04-23 16:00:00+00:00,2022-04-23 16:00:00+00:00,10,5,True
1213061154,,,,,,,10,0,True
1213061217,,,,,,,10,1,True
1213061271,,,,,,,10,0,True
1213061287,,,,,,,10,0,True
1213061432,,,,,,,10,0,True
1213061448,,,,,,,10,0,True
1213061548,,,,,,,10,4,True
1213061593,,,,,,,10,0,True
1213061636,,,,,,,10,0,True
1213061751,,,,,,,9,0,True
1213061841,,,,,,,9,1,True
1213061880,,,,,,,10,0,True
1213061934,,,,,,,6,0,True
1213061988,,,,,,,9,0,True
1213062021,,,,,,,10,0,True
1213062081,,,,,,,9,0,True
1213062143,,,,,,,10,0,True
1213062214,,,,,,,10,0,True
1213062254,,,,,,,10,0,True
1213062354,,,,,,,10,0,True
1213062376,,,,,,,10,0,True
1213062484,,,,,,,10,0,True
1213062638,,,,,,,10,0,True
1213062640,,,,,,,10,0,True
1213062710,,,,,,,10,0,True
1213086450,,,,,,,10,0,True
1213086485,,,,,,,1,0,True
1213086493,,,,,,,10,0,True
1213086680,,,,,,,10,0,True
1213086955,,,,,,,10,0,True
1213086981,,,,,,,10,0,True
1213087029,,,,,,,10,0,True
1213087068,,,,,,,10,0,True
1213087129,,,,,,,8,0,True
1213087151,,,,,,,10,0,True
1213090049,,,,,,,7,2,True
1213097165,,,,,,,10,0,True
1213097203,,,,,,,8,0,True
1213097416,1.0,1.0,1.0,1.0,2022-04-26 16:00:00+00:00,2022-04-26 16:00:00+00:00,7,7,True
1213097513,,,,,,,7,1,True
1213097584,,,,,,,10,0,True
1213098010,,,,,,,10,0,True
1213098193,,,,,,,10,10,True
1213098221,,,,,,,10,0,True
1213098246,,,,,,,10,0,True
1213098298,,,,,,,10,0,True
1213098303,,,,,,,10,0,True
1213098331,,,,,,,10,0,True
1213098385,,,,,,,10,0,True
1213098553,,,,,,,2,2,True
1213098563,,,,,,,3,3,True
1213098605,,,,,,,6,6,True
1213098650,,,,,,,10,0,True
1213098692,,,,,,,10,0,True
1213098720,,,,,,,5,0,True
1213098772,,,,,,,8,0,True
1213098820,,,,,,,11,1,True
1213098880,,,,,,,6,0,True
1213098921,,,,,,,10,0,True
1213099124,1.0,1.0,1.0,1.0,2022-04-26 16:00:00+00:00,2022-04-26 16:00:00+00:00,7,7,True
1213099226,,,,,,,10,0,True
1213099256,,,,,,,1,1,True
1213099345,,,,,,,10,0,True
1213099399,,,,,,,10,0,True
1213099404,,,,,,,10,10,True
1213099509,,,,,,,10,10,True
1213099533,,,,,,,10,10,True
1213099599,,,,,,,10,10,True
1213099657,,,,,,,10,0,True
1213099742,,,,,,,10,1,True
1213099778,,,,,,,10,0,True
1213099845,,,,,,,10,0,True
1213099899,,,,,,,10,0,True
1213099997,,,,,,,10,0,True
1213100087,,,,,,,5,5,True
1213100162,,,,,,,10,0,True
1213100176,,,,,,,10,0,True
1213100287,,,,,,,7,0,True
1213100296,,,,,,,10,0,True
1213100309,,,,,,,10,0,True
1213100358,,,,,,,10,0,True
1213100424,,,,,,,10,0,True
1213100492,,,,,,,1,1,True
1213100717,,,,,,,10,0,True
1213100767,,,,,,,8,0,True
1213100838,,,,,,,10,0,True
1213100897,,,,,,,6,6,True
1213100904,,,,,,,6,0,True
1213100941,,,,,,,10,0,True
1213101053,,,,,,,10,10,True
1213101189,,,,,,,5,0,True
1213101223,,,,,,,10,0,True
1213101229,,,,,,,10,1,True
1213101289,,,,,,,10,0,True
1213101362,,,,,,,7,0,True
1213101423,,,,,,,10,5,True
1213101524,,,,,,,2,2,True
1213101704,,,,,,,10,0,True
1213101734,,,,,,,9,2,True
1213101810,,,,,,,10,0,True
1213101838,,,,,,,10,0,True
1213101961,,,,,,,6,0,True
1213102039,,,,,,,8,0,True
1213102077,,,,,,,10,0,True
1213102166,,,,,,,10,0,True
1213102215,,,,,,,7,0,True
1213102232,,,,,,,10,0,True
1213102274,,,,,,,10,0,True
1213102343,,,,,,,10,0,True
1213102367,,,,,,,10,2,True
1213102508,,,,,,,10,0,True
1213102584,1.0,1.0,1.0,1.0,2022-04-26 16:00:00+00:00,2022-04-26 16:00:00+00:00,6,6,True
1213102711,,,,,,,10,0,True
1213102750,,,,,,,10,0,True
1213102821,,,,,,,10,0,True
1213102872,,,,,,,10,0,True
1213102931,1.0,1.0,1.0,1.0,2022-04-26 16:00:00+00:00,2022-04-26 16:00:00+00:00,8,3,True
1213103004,,,,,,,10,0,True
1213103006,,,,,,,6,0,True
1213103194,,,,,,,10,10,True
1213103314,,,,,,,10,0,True
1213103340,,,,,,,10,0,True
1213103380,,,,,,,10,0,True
1213103407,1.0,1.0,1.0,1.0,2022-04-26 16:00:00+00:00,2022-04-26 16:00:00+00:00,10,1,True
1213103495,,,,,,,10,0,True
1213103516,,,,,,,8,0,True
1213103575,,,,,,,1,1,True
1213103606,,,,,,,10,0,True
1213103627,,,,,,,10,0,True
1213103630,,,,,,,8,0,True
1213103662,,,,,,,10,0,True
1213103687,,,,,,,10,0,True
1213103744,,,,,,,10,0,True
1213103818,,,,,,,6,0,True
1213103866,,,,,,,10,0,True
1213103878,,,,,,,10,0,True
1213103953,,,,,,,10,0,True
1213104001,,,,,,,10,0,True
1213104103,,,,,,,4,4,True
1213104162,,,,,,,10,0,True
1213104235,,,,,,,10,0,True
1213104264,,,,,,,10,0,True
1213104298,,,,,,,1,1,True
1213104441,,,,,,,1,1,True
1213104526,,,,,,,8,0,True
1213104549,,,,,,,8,6,True
1213104613,,,,,,,5,5,True
1213104779,,,,,,,10,10,True
1213104917,,,,,,,10,0,True
1213104975,1.0,1.0,1.0,1.0,2022-04-26 16:00:00+00:00,2022-04-26 16:00:00+00:00,10,10,True
1213105082,,,,,,,10,0,True
1213105242,,,,,,,10,0,True
1213105292,,,,,,,10,10,True
1213105311,,,,,,,10,0,True
1213105372,,,,,,,4,0,True
1213105418,,,,,,,10,6,True
1213105663,,,,,,,10,0,True
1213105665,,,,,,,10,0,True
1213105745,,,,,,,7,0,True
1213105783,,,,,,,10,0,True
1213105828,,,,,,,7,0,True
1213105841,,,,,,,6,0,True
1213105905,,,,,,,10,0,True
1213105920,,,,,,,10,1,True
1213105971,,,,,,,10,0,True
1213106197,,,,,,,10,0,True
1213106207,,,,,,,10,10,True
1213106253,,,,,,,10,0,True
1213106318,,,,,,,10,0,True
1213106351,,,,,,,10,0,True
1213106368,,,,,,,10,0,True
1213106404,,,,,,,10,0,True
1213106501,,,,,,,6,0,True
1213106525,,,,,,,10,0,True
1213106530,,,,,,,8,0,True
1213106601,,,,,,,10,0,True
1213106641,,,,,,,10,10,True
1213106642,,,,,,,10,0,True
1213106668,,,,,,,10,0,True
1213106697,,,,,,,10,0,True
1213106753,,,,,,,10,0,True
1213106773,,,,,,,10,0,True
1213106778,,,,,,,10,0,True
1213106822,,,,,,,10,0,True
1213106856,,,,,,,10,0,True
1213106924,,,,,,,7,0,True
1213106957,,,,,,,10,0,True
1213106981,,,,,,,7,7,True
1213106989,,,,,,,10,0,True
1213107014,,,,,,,10,0,True
1213107078,,,,,,,10,0,True
1213107146,,,,,,,10,0,True
1213107217,,,,,,,9,0,True
1213107221,,,,,,,10,0,True
1213107285,,,,,,,10,0,True
1213107313,,,,,,,9,0,True
1213107390,,,,,,,10,0,True
1213107452,,,,,,,10,0,True
1213107486,,,,,,,10,0,True
1213107488,,,,,,,10,0,True
1213107522,,,,,,,7,0,True
1213107664,,,,,,,10,0,True
1213107672,,,,,,,8,0,True
1213107734,,,,,,,10,0,True
1213107772,,,,,,,6,0,True
1213107870,,,,,,,10,0,True
1213107996,,,,,,,10,0,True
1213108071,,,,,,,10,0,True
1213108076,,,,,,,10,0,True
1213108154,,,,,,,10,0,True
1213108257,,,,,,,10,0,True
1213108260,,,,,,,10,0,True
1213108340,,,,,,,10,0,True
1213108395,1.0,1.0,1.0,1.0,2022-04-26 16:00:00+00:00,2022-04-26 16:00:00+00:00,10,10,True
1213108432,1.0,1.0,1.0,1.0,2022-04-26 16:00:00+00:00,2022-04-26 16:00:00+00:00,8,4,True
1213108465,,,,,,,10,0,True
1213108482,,,,,,,10,0,True
1213108566,,,,,,,10,0,True
1213108685,,,,,,,10,0,True
1213108687,,,,,,,10,0,True
1213108821,,,,,,,10,0,True
1213108860,,,,,,,7,0,True
1213108877,,,,,,,7,0,True
1213108919,,,,,,,8,0,True
1213108960,,,,,,,10,10,True
1213108981,,,,,,,6,4,True
1213109016,,,,,,,7,0,True
1213109053,,,,,,,10,0,True
1213109071,,,,,,,10,0,True
1213109138,,,,,,,10,0,True
1213109167,,,,,,,10,10,True
1213109169,,,,,,,10,0,True
1213109269,,,,,,,6,1,True
1213109406,,,,,,,3,3,True
1213109482,,,,,,,5,2,True
1213109485,,,,,,,10,0,True
1213109517,,,,,,,10,10,True
1213109574,,,,,,,10,0,True
1213109672,,,,,,,10,10,True
1213109791,,,,,,,10,0,True
1213109835,,,,,,,10,0,True
1213109888,,,,,,,6,0,True
1213109915,,,,,,,10,0,True
1213109957,,,,,,,10,1,True
1213109998,,,,,,,10,0,True
1213110008,,,,,,,10,0,True
1213110061,,,,,,,10,0,True
1213110074,,,,,,,10,0,True
1213110125,,,,,,,10,0,True
1213110211,,,,,,,10,1,True
1213110247,,,,,,,10,7,True
1213110670,,,,,,,5,0,True
1213112914,,,,,,,10,0,True
1213113117,,,,,,,10,0,True
1213113124,,,,,,,10,0,True
1213113202,,,,,,,10,0,True
1213113277,,,,,,,7,1,True
1213113386,,,,,,,7,0,True
1213113590,,,,,,,8,0,True
1213113803,,,,,,,10,0,True
1213113996,,,,,,,10,0,True
1213114172,,,,,,,10,0,True
1213115141,,,,,,,10,0,True
1213115163,,,,,,,7,0,True
1213115726,,,,,,,10,9,True
1213116065,,,,,,,10,0,True
1213116317,,,,,,,10,0,True
1213116566,,,,,,,8,8,True
1213116831,,,,,,,10,0,True
1213117166,,,,,,,10,0,True
1213117228,,,,,,,10,0,True
1213117740,,,,,,,9,0,True
1213117796,,,,,,,10,0,True
1213117927,,,,,,,10,0,True
1213117935,,,,,,,10,0,True
1213118013,,,,,,,7,0,True
1213118045,,,,,,,10,10,True
1213118088,,,,,,,6,0,True
1213118229,,,,,,,10,0,True
1213118247,,,,,,,10,0,True
1213118335,,,,,,,10,0,True
1213118375,,,,,,,9,0,True
1213118418,,,,,,,10,0,True
1213118455,,,,,,,7,0,True
1213118565,,,,,,,10,0,True
1213118627,,,,,,,10,1,True
1213118659,,,,,,,5,0,True
1213118705,,,,,,,10,0,True
1213118771,,,,,,,10,0,True
1213118821,,,,,,,10,0,True
1213118849,,,,,,,10,0,True
1213118918,,,,,,,10,0,True
1213118941,,,,,,,10,0,True
1213118958,,,,,,,10,0,True
1213118997,,,,,,,9,2,True
1213119071,,,,,,,10,0,True
1213119546,,,,,,,10,0,True
1213119636,,,,,,,10,0,True
1213121023,,,,,,,10,0,True
1213121119,,,,,,,5,0,True
1213121329,,,,,,,2,2,True
1213121434,,,,,,,4,4,True
1213121501,,,,,,,2,2,True
1213121624,,,,,,,10,0,True
1213121666,,,,,,,10,0,True
1213121723,,,,,,,10,0,True
1213121760,,,,,,,10,0,True
1213121787,,,,,,,9,4,True
1213121809,,,,,,,10,0,True
1213121847,,,,,,,10,1,True
1213121873,,,,,,,10,0,True
1213121901,,,,,,,10,0,True
1213121945,,,,,,,10,0,True
1213122004,,,,,,,10,0,True
1213122025,,,,,,,10,0,True
1213123105,,,,,,,9,0,True
1213126135,,,,,,,10,0,True
1213126480,,,,,,,7,7,True
1213126481,,,,,,,7,7,True
1213126944,1.0,1.0,1.0,1.0,2022-04-27 16:00:00+00:00,2022-04-27 16:00:00+00:00,1,1,True
1213127017,,,,,,,10,0,True
1213127105,,,,,,,10,0,True
1213127767,,,,,,,9,0,True
1213128054,,,,,,,8,0,True
1213128513,,,,,,,10,0,True
1213128743,,,,,,,10,0,True
1213128942,,,,,,,10,0,True
1213128984,,,,,,,10,1,True
1213129347,,,,,,,10,0,True
1213129371,,,,,,,10,0,True
1213129521,,,,,,,10,0,True
1213130104,,,,,,,10,0,True
1213130429,,,,,,,9,0,True
1213130448,,,,,,,10,0,True
1213130618,,,,,,,5,0,True
1213130794,,,,,,,10,0,True
1213130805,,,,,,,6,0,True
1213130823,,,,,,,10,0,True
1213130940,,,,,,,10,1,True
1213131021,,,,,,,10,0,True
1213131071,,,,,,,7,0,True
1213131307,,,,,,,10,0,True
1213131377,,,,,,,10,0,True
1213131464,,,,,,,10,0,True
1213131493,,,,,,,10,0,True
1213131758,,,,,,,10,0,True
1213131786,,,,,,,10,0,True
1213131932,,,,,,,10,0,True
1213132001,,,,,,,1,1,True
1213132056,,,,,,,10,0,True
1213132213,,,,,,,10,0,True
1213132232,,,,,,,10,0,True
1213132381,,,,,,,10,0,True
1213132402,,,,,,,6,0,True
1213132660,,,,,,,10,0,True
1213132705,,,,,,,10,1,True
1213132744,,,,,,,10,0,True
1213132909,,,,,,,8,8,True
1213133015,,,,,,,10,0,True
1213133039,,,,,,,10,0,True
1213133393,,,,,,,8,8,True
1213133603,,,,,,,10,0,True
1213133612,,,,,,,10,4,True
1213133659,,,,,,,10,0,True
1213133852,,,,,,,10,0,True
1213133963,,,,,,,10,10,True
1213134063,,,,,,,7,0,True
1213134121,,,,,,,10,0,True
1213134231,,,,,,,6,0,True
1213134314,,,,,,,7,0,True
1213134491,,,,,,,8,0,True
1213134595,,,,,,,8,0,True
1213134669,,,,,,,10,0,True
1213134768,,,,,,,6,0,True
1213134831,,,,,,,10,5,True
1213135262,,,,,,,10,0,True
1213135371,,,,,,,10,0,True
1213135415,,,,,,,10,0,True
1213135500,,,,,,,7,7,True
1213135700,,,,,,,10,10,True
1213135765,,,,,,,10,0,True
1213135924,,,,,,,8,0,True
1213136038,,,,,,,6,1,True
1213136052,,,,,,,5,5,True
1213136180,,,,,,,10,10,True
1213136262,,,,,,,10,0,True
1213136310,,,,,,,10,0,True
1213136362,,,,,,,10,0,True
1213136399,,,,,,,10,0,True
1213136700,,,,,,,10,10,True
1213136766,,,,,,,10,0,True
1213136769,,,,,,,10,0,True
1213136814,,,,,,,9,1,True
1213136981,1.0,1.0,1.0,1.0,2022-04-27 16:00:00+00:00,2022-04-27 16:00:00+00:00,10,5,True
1213137090,,,,,,,10,0,True
1213137149,,,,,,,10,0,True
1213137198,,,,,,,10,0,True
1213137320,,,,,,,4,4,True
1213137331,,,,,,,10,0,True
1213137399,,,,,,,10,0,True
1213137536,,,,,,,8,0,True
1213137591,,,,,,,10,0,True
1213137641,,,,,,,10,0,True
1213137702,,,,,,,10,10,True
1213137759,,,,,,,10,0,True
1213137770,,,,,,,10,0,True
1213137834,,,,,,,10,0,True
1213137836,,,,,,,6,6,True
1213137885,,,,,,,10,0,True
1213137986,,,,,,,10,0,True
1213138114,,,,,,,10,10,True
1213138243,,,,,,,10,0,True
1213138274,,,,,,,10,1,True
1213138385,,,,,,,10,0,True
1213138697,,,,,,,1,0,True
1213138735,,,,,,,10,0,True
1213138812,,,,,,,10,0,True
1213138841,,,,,,,10,0,True
1213138867,,,,,,,9,0,True
1213138922,,,,,,,10,0,True
1213139261,,,,,,,10,0,True
1213139268,,,,,,,2,0,True
1213139374,,,,,,,10,0,True
1213139634,,,,,,,10,0,True
1213139641,,,,,,,10,0,True
1213139649,,,,,,,10,0,True
1213139751,,,,,,,9,0,True
1213139922,,,,,,,10,0,True
1213139943,,,,,,,7,0,True
1213140133,,,,,,,10,0,True
1213140145,,,,,,,10,10,True
1213140283,,,,,,,10,2,True
1213140284,,,,,,,10,1,True
1213140302,,,,,,,9,0,True
1213140415,,,,,,,10,0,True
1213140433,,,,,,,10,0,True
1213140697,,,,,,,10,0,True
1213140702,,,,,,,10,0,True
1213140753,,,,,,,10,0,True
1213140833,,,,,,,1,1,True
1213140881,,,,,,,5,5,True
1213140971,,,,,,,10,0,True
1213141023,,,,,,,10,0,True
1213141048,,,,,,,7,0,True
1213141151,,,,,,,10,0,True
1213141232,,,,,,,10,10,True
1213141314,,,,,,,10,0,True
1213141316,,,,,,,7,0,True
1213141340,,,,,,,10,0,True
1213141341,,,,,,,10,0,True
1213141380,,,,,,,10,0,True
1213141441,,,,,,,10,0,True
1213141516,,,,,,,10,0,True
1213141523,,,,,,,10,0,True
1213141651,,,,,,,6,0,True
1213141847,,,,,,,10,0,True
1213142020,,,,,,,5,0,True
1213142052,,,,,,,10,0,True
1213142101,1.0,1.0,1.0,1.0,2022-04-27 16:00:00+00:00,2022-04-27 16:00:00+00:00,10,10,True
1213142142,,,,,,,10,0,True
1213142186,,,,,,,10,0,True
1213142223,1.0,1.0,1.0,1.0,2022-04-27 16:00:00+00:00,2022-04-27 16:00:00+00:00,10,10,True
1213142300,,,,,,,6,0,True
1213142400,,,,,,,10,0,True
1213142472,,,,,,,10,0,True
1213142565,,,,,,,9,0,True
1213142669,,,,,,,10,0,True
1213142677,,,,,,,10,0,True
1213142851,,,,,,,10,0,True
1213142902,,,,,,,10,0,True
1213142973,,,,,,,5,0,True
1213143111,,,,,,,9,0,True
1213143187,,,,,,,10,0,True
1213143225,,,,,,,8,0,True
1213143229,,,,,,,10,0,True
1213143435,,,,,,,8,0,True
1213143531,,,,,,,10,0,True
1213143638,,,,,,,10,0,True
1213143649,,,,,,,10,0,True
1213143732,,,,,,,10,0,True
1213143744,,,,,,,6,0,True
1213143773,,,,,,,10,0,True
1213143954,,,,,,,6,0,True
1213144057,,,,,,,10,0,True
1213144143,,,,,,,10,0,True
1213144164,,,,,,,10,0,True
1213144219,,,,,,,10,0,True
1213144332,,,,,,,10,0,True
1213144436,,,,,,,10,0,True
1213144508,,,,,,,1,1,True
1213144716,,,,,,,10,0,True
1213144793,,,,,,,3,0,True
1213144839,2.0,2.0,2.0,1.0,2022-04-27 16:00:00+00:00,2022-04-27 16:00:00+00:00,10,10,True
1213144846,,,,,,,10,10,True
1213144906,,,,,,,10,10,True
1213144983,,,,,,,6,0,True
1213145032,,,,,,,10,0,True
1213145221,,,,,,,10,0,True
1213145378,,,,,,,8,1,True
1213145404,,,,,,,7,1,True
1213145441,,,,,,,10,10,True
1213145510,,,,,,,10,0,True
1213145553,,,,,,,9,0,True
1213145682,,,,,,,10,0,True
1213145872,,,,,,,6,0,True
1213146122,,,,,,,10,0,True
1213146137,,,,,,,10,0,True
1213146181,,,,,,,8,0,True
1213146388,,,,,,,10,0,True
1213146462,,,,,,,10,0,True
1213146466,,,,,,,10,0,True
1213146481,,,,,,,10,0,True
1213146572,,,,,,,10,0,True
1213146616,,,,,,,6,1,True
1213146741,,,,,,,10,0,True
1213146828,,,,,,,10,0,True
1213146965,,,,,,,10,0,True
1213147099,,,,,,,10,0,True
1213147400,,,,,,,10,0,True
1213147508,,,,,,,10,0,True
1213147549,,,,,,,10,0,True
1213148169,,,,,,,10,0,True
1213148204,,,,,,,10,0,True
1213148529,,,,,,,10,0,True
1213148556,,,,,,,10,0,True
1213148815,,,,,,,10,0,True
1213148865,,,,,,,7,1,True
1213148916,,,,,,,10,0,True
1213149094,,,,,,,10,0,True
1213149179,,,,,,,4,4,True
1213149224,,,,,,,10,10,True
1213149263,,,,,,,10,10,True
1213149305,,,,,,,10,0,True
1213149400,,,,,,,10,0,True
1213149432,,,,,,,10,10,True
1213149445,,,,,,,6,0,True
1213149446,,,,,,,10,0,True
1213149555,,,,,,,10,0,True
1213151676,,,,,,,10,0,True
1213154818,,,,,,,6,6,True
1213155616,,,,,,,5,5,True
1213158735,,,,,,,7,7,True
1213158816,,,,,,,10,0,True
1213158839,,,,,,,10,10,True
1213158955,,,,,,,5,5,True
1213159020,,,,,,,1,1,True
1213159145,,,,,,,10,0,True
1213159173,,,,,,,10,0,True
1213159183,,,,,,,1,1,True
1213159624,,,,,,,10,0,True
1213159770,1.0,1.0,1.0,1.0,2022-04-28 16:00:00+00:00,2022-04-28 16:00:00+00:00,6,6,True
1213159783,,,,,,,10,10,True
1213159884,,,,,,,8,0,True
1213160031,,,,,,,1,1,True
1213160098,1.0,1.0,1.0,1.0,2022-04-28 16:00:00+00:00,2022-04-28 16:00:00+00:00,15,15,True
1213160141,,,,,,,10,0,True
1213160204,,,,,,,10,0,True
1213160298,,,,,,,9,0,True
1213160360,,,,,,,10,10,True
1213160393,,,,,,,5,5,True
1213160551,,,,,,,5,0,True
1213160567,,,,,,,10,10,True
1213160642,,,,,,,10,0,True
1213160649,,,,,,,8,0,True
1213160754,,,,,,,10,0,True
1213160764,,,,,,,10,0,True
1213160894,,,,,,,10,0,True
1213160942,,,,,,,10,0,True
1213160962,,,,,,,10,0,True
1213161053,,,,,,,10,0,True
1213161106,,,,,,,4,4,True
1213161133,,,,,,,8,0,True
1213161153,2.0,2.0,2.0,1.0,2022-04-28 16:00:00+00:00,2022-04-28 16:00:00+00:00,10,10,True
1213161193,,,,,,,10,0,True
1213161243,,,,,,,10,0,True
1213161322,,,,,,,7,0,True
1213161459,,,,,,,15,0,True
1213161470,,,,,,,10,0,True
1213161602,,,,,,,10,10,True
1213161763,,,,,,,10,0,True
1213161824,,,,,,,10,0,True
1213161837,,,,,,,10,0,True
1213161954,,,,,,,6,0,True
1213161959,,,,,,,10,0,True
1213161998,,,,,,,10,3,True
1213162089,,,,,,,10,0,True
1213162233,,,,,,,6,0,True
1213162269,,,,,,,10,0,True
1213162272,,,,,,,10,0,True
1213162316,,,,,,,10,0,True
1213162330,,,,,,,7,0,True
1213162367,,,,,,,10,0,True
1213162379,,,,,,,10,0,True
1213162495,,,,,,,6,0,True
1213162600,,,,,,,10,0,True
1213162664,,,,,,,10,0,True
1213162667,,,,,,,10,0,True
1213162687,,,,,,,10,0,True
1213162699,,,,,,,10,0,True
1213162727,,,,,,,9,0,True
1213162830,,,,,,,10,10,True
1213162900,,,,,,,6,0,True
1213162954,,,,,,,10,0,True
1213162963,,,,,,,5,5,True
1213163004,,,,,,,10,5,True
1213163116,,,,,,,10,0,True
1213163167,1.0,1.0,1.0,1.0,2022-04-28 16:00:00+00:00,2022-04-28 16:00:00+00:00,6,5,True
1213163286,,,,,,,10,10,True
1213163397,,,,,,,5,0,True
1213163470,,,,,,,8,0,True
1213163545,,,,,,,10,0,True
1213163546,,,,,,,8,0,True
1213163615,,,,,,,10,0,True
1213163636,,,,,,,10,0,True
1213163807,,,,,,,10,0,True
1213163808,,,,,,,10,0,True
1213164031,,,,,,,10,0,True
1213164195,,,,,,,10,0,True
1213164334,,,,,,,10,0,True
1213164375,,,,,,,8,0,True
1213164410,,,,,,,10,0,True
1213164423,,,,,,,10,0,True
1213164475,,,,,,,10,0,True
1213164615,,,,,,,10,10,True
1213164754,,,,,,,10,0,True
1213164797,,,,,,,10,0,True
1213164842,,,,,,,10,0,True
1213164895,,,,,,,10,0,True
1213165000,,,,,,,10,0,True
1213165018,1.0,1.0,1.0,1.0,2022-04-28 16:00:00+00:00,2022-04-28 16:00:00+00:00,5,5,True
1213165055,,,,,,,10,0,True
1213165141,,,,,,,10,0,True
1213165199,,,,,,,10,0,True
1213165206,,,,,,,10,0,True
1213165327,,,,,,,10,0,True
1213165370,,,,,,,10,10,True
1213165483,,,,,,,6,1,True
1213165516,,,,,,,10,0,True
1213165587,,,,,,,10,0,True
1213165610,,,,,,,10,0,True
1213165622,,,,,,,10,0,True
1213165628,,,,,,,10,0,True
1213165698,,,,,,,10,0,True
1213165730,,,,,,,10,0,True
1213165793,,,,,,,10,0,True
1213165800,,,,,,,10,0,True
1213165841,1.0,1.0,1.0,1.0,2022-04-28 16:00:00+00:00,2022-04-28 16:00:00+00:00,7,2,True
1213165855,,,,,,,10,0,True
1213165863,,,,,,,7,0,True
1213166065,,,,,,,10,0,True
1213166128,,,,,,,10,0,True
1213166161,,,,,,,8,0,True
1213166175,,,,,,,8,1,True
1213166269,,,,,,,10,0,True
1213166270,,,,,,,10,0,True
1213166285,,,,,,,10,0,True
1213166305,,,,,,,8,0,True
1213166325,,,,,,,10,0,True
1213166366,,,,,,,10,0,True
1213166394,,,,,,,7,0,True
1213166415,,,,,,,7,0,True
1213166508,,,,,,,4,1,True
1213166593,,,,,,,7,0,True
1213166681,,,,,,,10,10,True
1213166710,,,,,,,15,5,True
1213166716,,,,,,,10,0,True
1213166783,,,,,,,8,0,True
1213166808,,,,,,,10,10,True
1213166904,,,,,,,10,1,True
1213166938,,,,,,,10,0,True
1213166980,,,,,,,10,0,True
1213167068,,,,,,,10,0,True
1213167082,,,,,,,10,0,True
1213167113,,,,,,,8,0,True
1213167209,,,,,,,10,5,True
1213167431,,,,,,,10,0,True
1213167484,,,,,,,6,0,True
1213167593,,,,,,,10,0,True
1213167689,,,,,,,10,10,True
1213167737,,,,,,,8,0,True
1213167765,,,,,,,7,0,True
1213167773,,,,,,,10,0,True
1213167893,,,,,,,6,1,True
1213167951,,,,,,,10,0,True
1213167960,,,,,,,10,0,True
1213168008,,,,,,,10,0,True
1213168026,,,,,,,5,0,True
1213168062,,,,,,,3,3,True
1213168189,,,,,,,10,0,True
1213168197,,,,,,,5,0,True
1213168251,,,,,,,10,0,True
1213168347,,,,,,,10,1,True
1213168403,,,,,,,7,0,True
1213168425,,,,,,,10,0,True
1213168473,,,,,,,10,0,True
1213168501,,,,,,,10,0,True
1213168555,,,,,,,9,0,True
1213168589,,,,,,,10,0,True
1213168606,,,,,,,10,0,True
1213168682,,,,,,,8,8,True
1213168758,,,,,,,10,0,True
1213168786,,,,,,,18,2,True
1213168915,,,,,,,1,1,True
1213169133,,,,,,,10,0,True
1213169152,,,,,,,10,0,True
1213169167,1.0,1.0,1.0,1.0,2022-04-27 12:10:31+00:00,2022-04-27 12:10:31+00:00,10,1,True
1213169186,,,,,,,10,3,True
1213169254,,,,,,,10,0,True
1213169287,,,,,,,6,0,True
1213169379,,,,,,,7,0,True
1213169387,,,,,,,10,0,True
1213169462,,,,,,,4,4,True
1213169468,,,,,,,10,0,True
1213169523,,,,,,,10,0,True
1213169618,,,,,,,10,10,True
1213169799,,,,,,,10,0,True
1213169854,,,,,,,7,0,True
1213169896,,,,,,,9,0,True
1213170060,,,,,,,6,0,True
1213170094,,,,,,,10,0,True
1213170136,,,,,,,7,0,True
1213170188,,,,,,,10,0,True
1213170236,,,,,,,2,2,True
1213170248,,,,,,,10,5,True
1213170273,,,,,,,10,0,True
1213170379,,,,,,,10,0,True
1213170533,,,,,,,10,0,True
1213170560,,,,,,,8,7,True
1213170598,,,,,,,10,0,True
1213170660,,,,,,,10,0,True
1213170711,,,,,,,9,5,True
1213170733,,,,,,,10,10,True
1213170749,,,,,,,10,0,True
1213170859,,,,,,,10,0,True
1213170867,,,,,,,7,0,True
1213170880,,,,,,,10,0,True
1213171008,1.0,1.0,1.0,1.0,2022-04-28 16:00:00+00:00,2022-04-28 16:00:00+00:00,10,10,True
1213171027,,,,,,,10,5,True
1213171042,,,,,,,2,0,True
1213171095,,,,,,,10,0,True
1213171108,,,,,,,10,0,True
1213171159,,,,,,,10,0,True
1213171250,,,,,,,8,0,True
1213171430,,,,,,,7,0,True
1213171440,,,,,,,10,0,True
1213171557,,,,,,,10,0,True
1213171620,,,,,,,8,0,True
1213171680,,,,,,,10,0,True
1213171697,,,,,,,5,0,True
1213171754,,,,,,,10,0,True
1213171817,,,,,,,8,0,True
1213171882,,,,,,,10,0,True
1213171928,,,,,,,9,0,True
1213171977,,,,,,,10,0,True
1213171995,,,,,,,10,5,True
1213172015,,,,,,,10,0,True
1213172084,,,,,,,10,0,True
1213172089,,,,,,,10,0,True
1213172170,,,,,,,10,5,True
1213172179,,,,,,,10,0,True
1213172312,,,,,,,10,0,True
1213172317,,,,,,,1,1,True
1213172415,,,,,,,6,4,True
1213172468,,,,,,,10,0,True
1213172601,3.0,3.0,2.0,3.0,2022-04-28 16:00:00+00:00,2022-04-28 16:00:00+00:00,10,10,True
1213172617,,,,,,,10,0,True
1213172633,,,,,,,10,0,True
1213172687,,,,,,,6,6,True
1213172718,,,,,,,10,0,True
1213172719,,,,,,,10,0,True
1213172721,,,,,,,10,0,True
1213172750,,,,,,,10,0,True
1213172819,,,,,,,10,0,True
1213172865,,,,,,,10,0,True
1213172934,3.0,3.0,3.0,2.0,2022-04-28 16:00:00+00:00,2022-04-28 16:00:00+00:00,10,10,True
1213172984,,,,,,,10,1,True
1213173051,,,,,,,5,0,True
1213173095,,,,,,,10,0,True
1213173148,,,,,,,10,0,True
1213173230,,,,,,,10,0,True
1213173275,,,,,,,10,0,True
1213173281,,,,,,,10,10,True
1213173329,,,,,,,10,0,True
1213173371,,,,,,,7,0,True
1213173400,,,,,,,8,0,True
1213173448,,,,,,,7,0,True
1213173496,1.0,1.0,1.0,1.0,2022-04-28 16:00:00+00:00,2022-04-28 16:00:00+00:00,8,1,True
1213173526,,,,,,,10,3,True
1213173562,,,,,,,10,0,True
1213173586,,,,,,,10,0,True
1213173595,,,,,,,5,5,True
1213173683,,,,,,,1,1,True
1213173793,,,,,,,10,0,True
1213173830,,,,,,,15,2,True
1213173977,,,,,,,1,1,True
1213174002,,,,,,,5,0,True
1213174050,,,,,,,3,3,True
1213174109,,,,,,,10,10,True
1213174170,,,,,,,10,0,True
1213174205,,,,,,,10,0,True
1213174223,,,,,,,10,0,True
1213174312,,,,,,,8,0,True
1213174362,,,,,,,5,0,True
1213174409,,,,,,,10,0,True
1213174423,,,,,,,10,0,True
1213174445,,,,,,,10,0,True
1213174503,,,,,,,10,0,True
1213174555,,,,,,,10,0,True
1213174581,1.0,1.0,1.0,1.0,2022-04-28 16:00:00+00:00,2022-04-28 16:00:00+00:00,10,10,True
1213174674,,,,,,,10,0,True
1213174742,,,,,,,10,0,True
1213174768,,,,,,,10,0,True
1213174785,,,,,,,10,0,True
1213174864,,,,,,,10,0,True
1213174866,,,,,,,10,3,True
1213174931,,,,,,,10,0,True
1213174967,,,,,,,7,1,True
1213175021,,,,,,,10,0,True
1213175065,,,,,,,1,1,True
1213175162,,,,,,,10,10,True
1213175238,,,,,,,9,5,True
1213175303,,,,,,,1,1,True
1213175325,,,,,,,5,5,True
1213175351,,,,,,,10,0,True
1213175395,,,,,,,9,0,True
1213175466,,,,,,,9,4,True
1213175502,,,,,,,10,0,True
1213175676,,,,,,,10,0,True
1213175760,,,,,,,10,0,True
1213175805,1.0,1.0,1.0,1.0,2022-04-28 16:00:00+00:00,2022-04-28 16:00:00+00:00,10,10,True
1213175850,,,,,,,10,0,True
1213175918,,,,,,,5,0,True
1213176106,,,,,,,10,0,True
1213176212,,,,,,,10,0,True
1213176250,,,,,,,6,0,True
1213176298,,,,,,,6,6,True
1213176333,,,,,,,10,0,True
1213176386,1.0,1.0,1.0,1.0,2022-04-28 16:00:00+00:00,2022-04-28 16:00:00+00:00,10,10,True
1213176561,,,,,,,9,0,True
1213176602,,,,,,,10,0,True
1213176624,,,,,,,10,0,True
1213176683,,,,,,,10,0,True
1213176837,,,,,,,10,0,True
1213176853,,,,,,,6,0,True
1213176895,,,,,,,10,0,True
1213176959,,,,,,,10,0,True
1213177051,,,,,,,10,0,True
1213177153,,,,,,,10,0,True
1213177201,,,,,,,10,0,True
1213177248,,,,,,,10,0,True
1213177254,,,,,,,1,1,True
1213177370,,,,,,,10,10,True
1213177385,,,,,,,2,2,True
1213177453,,,,,,,5,5,True
1213177821,,,,,,,9,0,True
1213178341,,,,,,,10,0,True
1213178357,,,,,,,3,0,True
1213178453,,,,,,,10,0,True
1213178458,,,,,,,8,8,True
1213178842,,,,,,,1,1,True
1213178985,,,,,,,5,0,True
1213179010,,,,,,,8,8,True
1213179056,,,,,,,5,0,True
1213179099,,,,,,,5,0,True
1213179207,,,,,,,10,0,True
1213179342,,,,,,,4,2,True
1213179417,,,,,,,10,0,True
1213179463,,,,,,,10,0,True
1213179506,,,,,,,10,0,True
1213179545,,,,,,,10,1,True
1213180648,,,,,,,10,0,True
1213180729,,,,,,,10,0,True
1213180799,,,,,,,10,0,True
1213180863,,,,,,,10,0,True
1213180929,,,,,,,10,0,True
1213182492,,,,,,,10,0,True
1213182518,,,,,,,10,0,True
1213182549,,,,,,,10,10,True
1213182572,,,,,,,10,0,True
1213182638,,,,,,,5,1,True
1213182681,,,,,,,10,0,True
1213182687,,,,,,,10,0,True
1213182752,,,,,,,10,0,True
1213183916,,,,,,,10,0,True
1213183956,,,,,,,10,0,True
1213184011,,,,,,,10,0,True
1213184046,,,,,,,10,2,True
1213184115,,,,,,,10,0,True
1213184177,,,,,,,10,0,True
1213185113,,,,,,,10,0,True
1213185263,,,,,,,10,0,True
1213185312,,,,,,,7,7,True
1213185388,,,,,,,10,10,True
1213189424,,,,,,,10,0,True
1213189862,,,,,,,10,0,True
1213194305,,,,,,,10,0,True
1213194546,,,,,,,10,0,True
1213194798,,,,,,,10,0,True
1213194814,,,,,,,10,0,True
1213194953,,,,,,,10,0,True
1213194972,,,,,,,7,4,True
1213195388,,,,,,,5,5,True
1213195757,,,,,,,6,0,True
1213195934,,,,,,,10,10,True
1213196143,,,,,,,10,0,True
1213196184,,,,,,,8,0,True
1213196274,,,,,,,10,0,True
1213197054,,,,,,,10,0,True
1213197088,,,,,,,6,0,True
1213197178,,,,,,,9,0,True
1213197986,,,,,,,10,0,True
1213198120,,,,,,,10,0,True
1213198455,,,,,,,10,0,True
1213198696,,,,,,,10,10,True
1213198961,,,,,,,1,1,True
1213199168,,,,,,,6,0,True
1213199333,,,,,,,10,1,True
1213199483,,,,,,,10,0,True
1213199976,,,,,,,10,0,True
1213200279,,,,,,,10,5,True
1213200363,,,,,,,8,8,True
1213201324,,,,,,,10,0,True
1213201355,,,,,,,7,0,True
1213201408,,,,,,,10,2,True
1213201521,,,,,,,10,10,True
1213201697,,,,,,,10,0,True
1213202012,,,,,,,10,0,True
1213202402,,,,,,,10,0,True
1213202568,,,,,,,10,0,True
1213202576,,,,,,,10,0,True
1213202582,,,,,,,10,0,True
1213202635,,,,,,,10,0,True
1213202641,,,,,,,10,0,True
1213202723,,,,,,,10,0,True
1213202980,,,,,,,7,1,True
1213203122,,,,,,,6,0,True
1213203322,,,,,,,10,0,True
1213203379,,,,,,,10,0,True
1213203509,,,,,,,6,6,True
1213203691,,,,,,,10,4,True
1213203857,,,,,,,15,0,True
1213203881,,,,,,,6,0,True
1213203934,,,,,,,10,0,True
1213204162,,,,,,,10,5,True
1213204354,,,,,,,10,0,True
1213204415,,,,,,,1,1,True
1213204445,,,,,,,10,0,True
1213204664,,,,,,,10,0,True
1213204723,,,,,,,10,0,True
1213204963,,,,,,,10,10,True
1213204996,,,,,,,10,0,True
1213205163,,,,,,,8,0,True
1213205229,,,,,,,10,0,True
1213205298,,,,,,,10,5,True
1213205311,1.0,1.0,1.0,1.0,2022-04-29 16:00:00+00:00,2022-04-29 16:00:00+00:00,7,7,True
1213205314,,,,,,,10,0,True
1213205381,,,,,,,10,0,True
1213205440,,,,,,,10,0,True
1213205691,,,,,,,10,0,True
1213206060,,,,,,,10,0,True
1213206206,,,,,,,10,0,True
1213206302,,,,,,,10,0,True
1213206448,,,,,,,10,10,True
1213206468,,,,,,,10,0,True
1213206644,,,,,,,10,0,True
1213206785,,,,,,,7,1,True
1213206841,,,,,,,6,5,True
1213206923,,,,,,,8,2,True
1213206956,,,,,,,10,10,True
1213207053,,,,,,,10,0,True
1213207137,,,,,,,15,0,True
1213207159,,,,,,,10,0,True
1213207585,,,,,,,10,0,True
1213207649,,,,,,,10,0,True
1213207670,,,,,,,11,1,True
1213208286,,,,,,,10,0,True
1213208473,,,,,,,10,0,True
1213208525,,,,,,,10,0,True
1213208586,,,,,,,10,0,True
1213208592,,,,,,,10,0,True
1213208692,,,,,,,10,0,True
1213209150,,,,,,,10,0,True
1213209189,,,,,,,8,0,True
1213209305,,,,,,,10,0,True
1213209313,,,,,,,10,0,True
1213209341,,,,,,,10,0,True
1213209380,,,,,,,9,0,True
1213209446,,,,,,,6,0,True
1213209494,,,,,,,10,0,True
1213209544,,,,,,,10,0,True
1213209615,,,,,,,10,0,True
1213209715,,,,,,,6,0,True
1213209810,,,,,,,10,0,True
1213209953,,,,,,,10,0,True
1213210031,,,,,,,10,0,True
1213210037,,,,,,,10,0,True
1213210089,,,,,,,10,0,True
1213210132,,,,,,,10,0,True
1213210188,,,,,,,10,0,True
1213210213,,,,,,,10,0,True
1213210688,,,,,,,10,0,True
1213210865,,,,,,,9,9,True
1213210926,,,,,,,10,0,True
1213210949,,,,,,,10,0,True
1213211030,,,,,,,10,0,True
1213211051,,,,,,,10,0,True
1213211082,,,,,,,9,0,True
1213211107,,,,,,,10,5,True
1213211281,,,,,,,10,0,True
1213211362,,,,,,,6,6,True
1213211506,,,,,,,10,0,True
1213211666,,,,,,,5,0,True
1213211747,,,,,,,6,1,True
1213211795,,,,,,,10,0,True
1213212115,,,,,,,6,0,True
1213212116,,,,,,,10,0,True
1213212244,,,,,,,10,0,True
1213212280,,,,,,,9,0,True
1213212330,,,,,,,10,0,True
1213212362,,,,,,,10,0,True
1213212376,,,,,,,10,0,True
1213212637,,,,,,,7,0,True
1213212643,,,,,,,9,0,True
1213212724,,,,,,,6,6,True
1213212827,,,,,,,10,0,True
1213213037,,,,,,,7,0,True
1213213263,1.0,1.0,1.0,1.0,2022-04-29 16:00:00+00:00,2022-04-29 16:00:00+00:00,10,8,True
1213213295,,,,,,,4,1,True
1213213303,,,,,,,2,2,True
1213213315,,,,,,,10,0,True
1213213490,,,,,,,10,0,True
1213213529,,,,,,,8,0,True
1213213543,,,,,,,8,0,True
1213213545,,,,,,,3,3,True
1213213600,,,,,,,6,6,True
1213213656,,,,,,,10,0,True
1213213678,,,,,,,10,0,True
1213213717,,,,,,,10,0,True
1213213733,,,,,,,10,0,True
1213213830,,,,,,,10,0,True
1213213836,,,,,,,10,0,True
1213213910,,,,,,,10,0,True
1213213912,,,,,,,8,0,True
1213213955,,,,,,,10,0,True
1213214034,,,,,,,9,9,True
1213214042,,,,,,,10,0,True
1213214046,,,,,,,10,0,True
1213214145,,,,,,,2,0,True
1213214244,,,,,,,1,1,True
1213214329,,,,,,,10,0,True
1213214373,,,,,,,10,0,True
1213214409,,,,,,,9,0,True
1213214495,,,,,,,10,0,True
1213214562,,,,,,,10,0,True
1213214572,,,,,,,7,0,True
1213214615,,,,,,,6,0,True
1213214825,,,,,,,10,0,True
1213214898,,,,,,,10,0,True
1213214955,,,,,,,10,10,True
1213215065,,,,,,,13,0,True
1213215189,,,,,,,10,1,True
1213215229,,,,,,,9,0,True
1213215341,,,,,,,10,0,True
1213215388,,,,,,,10,0,True
1213215599,,,,,,,10,0,True
1213215662,,,,,,,9,5,True
1213215885,,,,,,,10,0,True
1213216017,,,,,,,10,10,True
1213216023,,,,,,,10,0,True
1213216309,,,,,,,2,2,True
1213216749,,,,,,,6,0,True
1213217016,,,,,,,10,0,True
1213217226,,,,,,,10,0,True
1213217549,1.0,1.0,1.0,1.0,2022-04-29 16:00:00+00:00,2022-04-29 16:00:00+00:00,8,1,True
1213217688,,,,,,,5,1,True
1213217922,,,,,,,10,0,True
1213217958,,,,,,,10,0,True
1213217992,,,,,,,8,8,True
1213218026,,,,,,,8,0,True
1213218250,,,,,,,7,0,True
1213218386,,,,,,,5,0,True
1213218582,,,,,,,10,10,True
1213218615,,,,,,,10,0,True
1213218666,,,,,,,10,0,True
1213218679,,,,,,,9,0,True
1213218707,,,,,,,5,5,True
1213219295,,,,,,,10,0,True
1213219332,,,,,,,10,0,True
1213219429,,,,,,,10,0,True
1213219464,,,,,,,5,5,True
1213219606,,,,,,,5,0,True
1213219644,,,,,,,10,0,True
1213219774,,,,,,,10,0,True
1213219945,,,,,,,10,0,True
1213219950,,,,,,,7,0,True
1213220053,,,,,,,10,0,True
1213220178,,,,,,,10,0,True
1213220227,,,,,,,7,0,True
1213220251,,,,,,,10,0,True
1213220308,,,,,,,10,0,True
1213220328,,,,,,,10,0,True
1213220527,,,,,,,10,0,True
1213220945,,,,,,,8,0,True
1213220986,,,,,,,10,0,True
1213221021,,,,,,,10,0,True
1213221433,,,,,,,10,0,True
1213221471,,,,,,,10,0,True
1213221656,,,,,,,10,0,True
1213221685,,,,,,,10,5,True
1213221737,,,,,,,10,0,True
1213221812,,,,,,,10,4,True
1213221885,,,,,,,10,0,True
1213221895,,,,,,,10,0,True
1213221909,,,,,,,9,0,True
1213221916,,,,,,,5,0,True
1213221949,,,,,,,10,0,True
1213221980,,,,,,,10,0,True
1213221999,,,,,,,10,0,True
1213222067,,,,,,,6,6,True
1213222128,,,,,,,10,0,True
1213222211,,,,,,,10,0,True
1213222245,,,,,,,10,0,True
1213222785,,,,,,,8,0,True
1213222920,1.0,1.0,1.0,1.0,2022-04-29 16:00:00+00:00,2022-04-29 16:00:00+00:00,5,5,True
1213222962,,,,,,,5,2,True
1213223103,,,,,,,10,0,True
1213223116,,,,,,,10,0,True
1213223119,,,,,,,6,1,True
1213223146,,,,,,,10,0,True
1213223262,,,,,,,10,0,True
1213223374,,,,,,,4,4,True
1213223458,,,,,,,5,5,True
1213223468,,,,,,,10,10,True
1213223783,,,,,,,2,2,True
1213224052,,,,,,,1,1,True
1213224132,,,,,,,1,1,True
1213224162,,,,,,,10,0,True
1213224241,,,,,,,2,2,True
1213224852,,,,,,,3,0,True
1213225106,,,,,,,10,0,True
1213225361,,,,,,,1,1,True
1213225524,,,,,,,10,0,True
1213225614,,,,,,,1,1,True
1213225694,,,,,,,10,0,True
1213225942,,,,,,,10,0,True
1213226066,,,,,,,10,0,True
1213226135,,,,,,,10,0,True
1213226149,,,,,,,10,0,True
1213226244,,,,,,,10,0,True
1213226297,,,,,,,8,0,True
1213226340,,,,,,,10,0,True
1213226358,,,,,,,9,9,True
1213226402,,,,,,,10,0,True
1213226439,,,,,,,10,0,True
1213226478,,,,,,,10,0,True
1213226497,,,,,,,7,0,True
1213226540,,,,,,,6,4,True
1213226561,,,,,,,10,0,True
1213226657,,,,,,,10,0,True
1213226686,,,,,,,10,0,True
1213226716,,,,,,,10,0,True
1213226767,,,,,,,10,1,True
1213226784,,,,,,,10,0,True
1213226828,,,,,,,10,0,True
1213226858,,,,,,,10,0,True
1213226986,,,,,,,10,0,True
1213245548,,,,,,,8,1,True
1213245602,,,,,,,10,0,True
1213245798,1.0,1.0,1.0,1.0,2022-04-30 16:00:00+00:00,2022-04-30 16:00:00+00:00,6,6,True
1213245837,,,,,,,10,0,True
1213246354,,,,,,,10,0,True
1213246447,,,,,,,10,0,True
1213246935,,,,,,,10,0,True
1213247296,,,,,,,10,0,True
1213248134,,,,,,,5,0,True
1213248472,,,,,,,7,0,True
1213248505,,,,,,,8,3,True
1213248557,,,,,,,7,0,True
1213248624,,,,,,,10,0,True
1213249067,,,,,,,10,0,True
1213249247,,,,,,,10,10,True
1213249284,,,,,,,10,0,True
1213249481,,,,,,,10,0,True
1213249559,,,,,,,8,2,True
1213249608,,,,,,,10,0,True
1213249916,,,,,,,10,0,True
1213249969,,,,,,,1,1,True
1213250009,,,,,,,7,0,True
1213250036,,,,,,,10,0,True
1213250719,,,,,,,10,0,True
1213250850,,,,,,,5,5,True
1213251304,,,,,,,6,0,True
1213251585,,,,,,,10,0,True
1213252078,,,,,,,10,1,True
1213252096,,,,,,,11,0,True
1213252282,,,,,,,6,0,True
1213252546,,,,,,,10,0,True
1213252709,,,,,,,10,0,True
1213253179,,,,,,,6,0,True
1213253231,,,,,,,10,0,True
1213253280,,,,,,,10,0,True
1213253289,,,,,,,10,0,True
1213253319,,,,,,,10,0,True
1213253343,,,,,,,5,0,True
1213253386,,,,,,,10,0,True
1213253401,,,,,,,10,0,True
1213253443,,,,,,,10,0,True
1213253589,,,,,,,10,0,True
1213254109,,,,,,,14,0,True
1213254157,,,,,,,6,0,True
1213254218,,,,,,,10,1,True
1213254527,,,,,,,10,0,True
1213254666,,,,,,,10,10,True
1213254727,,,,,,,10,0,True
1213254843,,,,,,,9,0,True
1213255153,,,,,,,10,5,True
1213255343,,,,,,,10,5,True
1213255518,,,,,,,1,1,True
1213255629,,,,,,,10,0,True
1213255684,,,,,,,10,0,True
1213255805,,,,,,,10,0,True
1213256003,,,,,,,10,0,True
1213256039,,,,,,,9,0,True
1213256098,,,,,,,7,0,True
1213256159,,,,,,,10,0,True
1213256206,,,,,,,6,0,True
1213256258,,,,,,,10,0,True
1213256376,,,,,,,10,0,True
1213256393,,,,,,,10,1,True
1213256731,,,,,,,10,0,True
1213256807,,,,,,,10,0,True
1213256849,,,,,,,5,5,True
1213257079,,,,,,,9,9,True
1213257131,,,,,,,9,0,True
1213257183,,,,,,,10,0,True
1213257199,,,,,,,5,5,True
1213257308,,,,,,,10,0,True
1213257329,,,,,,,10,5,True
1213257429,,,,,,,8,0,True
1213257641,,,,,,,10,0,True
1213257917,,,,,,,10,9,True
1213258114,,,,,,,7,0,True
1213258175,,,,,,,10,1,True
1213258299,,,,,,,10,0,True
1213258374,,,,,,,10,1,True
1213258409,,,,,,,8,0,True
1213258478,,,,,,,15,0,True
1213258501,,,,,,,6,0,True
1213258539,,,,,,,10,0,True
1213258543,,,,,,,11,1,True
1213258908,,,,,,,9,0,True
1213259250,,,,,,,10,0,True
1213259283,,,,,,,10,0,True
1213259294,,,,,,,10,0,True
1213259364,,,,,,,10,0,True
1213259401,,,,,,,10,0,True
1213259679,,,,,,,14,3,True
1213259746,,,,,,,10,0,True
1213259885,,,,,,,2,0,True
1213259929,,,,,,,10,0,True
1213259962,,,,,,,10,0,True
1213259982,,,,,,,7,7,True
1213260006,,,,,,,10,0,True
1213260080,,,,,,,10,0,True
1213260090,,,,,,,10,0,True
1213260126,,,,,,,5,5,True
1213260204,,,,,,,10,0,True
1213260328,,,,,,,10,0,True
1213260459,,,,,,,9,0,True
1213260509,,,,,,,10,0,True
1213260750,,,,,,,10,0,True
1213260833,,,,,,,10,1,True
1213261085,,,,,,,8,0,True
1213261379,,,,,,,10,0,True
1213261604,,,,,,,10,0,True
1213261613,,,,,,,10,0,True
1213261705,,,,,,,9,0,True
1213261714,,,,,,,10,0,True
1213261783,,,,,,,10,0,True
1213261834,,,,,,,10,0,True
1213261891,,,,,,,10,0,True
1213262035,,,,,,,10,0,True
1213262144,,,,,,,10,2,True
1213262404,,,,,,,10,0,True
1213262470,,,,,,,10,0,True
1213262535,,,,,,,10,0,True
1213262538,,,,,,,7,0,True
1213262583,,,,,,,10,0,True
1213262585,,,,,,,10,0,True
1213262594,,,,,,,10,0,True
1213262639,,,,,,,10,0,True
1213262676,,,,,,,10,0,True
1213262881,,,,,,,7,0,True
1213262931,,,,,,,8,0,True
1213262999,,,,,,,10,0,True
1213263000,,,,,,,9,0,True
1213263067,,,,,,,6,0,True
1213263105,,,,,,,1,0,True
1213263148,,,,,,,10,0,True
1213263171,,,,,,,8,0,True
1213263241,1.0,1.0,1.0,1.0,2022-04-30 16:00:00+00:00,2022-04-30 16:00:00+00:00,6,2,True
1213263293,,,,,,,9,0,True
1213263369,,,,,,,7,0,True
1213263439,,,,,,,10,0,True
1213263489,,,,,,,8,0,True
1213263535,,,,,,,10,0,True
1213263735,,,,,,,10,0,True
1213263785,,,,,,,10,0,True
1213263823,,,,,,,10,0,True
1213263840,,,,,,,5,0,True
1213263918,,,,,,,10,0,True
1213264036,,,,,,,6,0,True
1213264114,,,,,,,10,0,True
1213264140,,,,,,,10,1,True
1213264167,,,,,,,10,0,True
1213264184,,,,,,,6,0,True
1213264229,,,,,,,10,0,True
1213264280,,,,,,,10,0,True
1213264312,,,,,,,10,0,True
1213264365,,,,,,,10,0,True
1213264411,,,,,,,10,0,True
1213264418,,,,,,,10,0,True
1213264500,,,,,,,10,0,True
1213264545,,,,,,,10,0,True
1213264572,,,,,,,8,0,True
1213264605,,,,,,,10,0,True
1213264649,,,,,,,10,0,True
1213264698,,,,,,,10,0,True
1213264758,,,,,,,10,0,True
1213264815,,,,,,,10,0,True
1213264831,,,,,,,10,0,True
1213264884,,,,,,,10,0,True
1213264930,,,,,,,10,0,True
1213264979,,,,,,,5,0,True
1213264989,,,,,,,10,0,True
1213265013,,,,,,,10,0,True
1213265199,,,,,,,6,0,True
1213265216,,,,,,,10,0,True
1213265282,,,,,,,10,0,True
1213265331,,,,,,,10,10,True
1213265357,,,,,,,7,7,True
1213265361,,,,,,,10,0,True
1213265412,,,,,,,9,0,True
1213265439,,,,,,,9,0,True
1213265491,,,,,,,10,8,True
1213265577,,,,,,,10,0,True
1213265632,,,,,,,10,0,True
1213265669,,,,,,,9,5,True
1213265727,,,,,,,10,0,True
1213265769,,,,,,,10,0,True
1213265812,,,,,,,10,0,True
1213265873,,,,,,,10,0,True
1213265897,,,,,,,6,6,True
1213265929,,,,,,,10,0,True
1213266232,,,,,,,10,0,True
1213266285,,,,,,,6,1,True
1213266293,,,,,,,10,0,True
1213266377,,,,,,,10,0,True
1213266396,,,,,,,10,10,True
1213266437,,,,,,,10,0,True
1213266521,,,,,,,10,0,True
1213266525,,,,,,,10,0,True
1213266564,,,,,,,6,0,True
1213266621,,,,,,,10,0,True
1213266622,,,,,,,10,0,True
1213266894,,,,,,,10,0,True
1213266953,,,,,,,10,0,True
1213266994,,,,,,,10,8,True
1213267052,,,,,,,6,0,True
1213267095,,,,,,,10,0,True
1213267332,,,,,,,10,0,True
1213267369,,,,,,,8,0,True
1213267491,,,,,,,10,0,True
1213267526,,,,,,,10,0,True
1213267581,,,,,,,10,0,True
1213267582,,,,,,,10,0,True
1213267585,,,,,,,10,0,True
1213267587,,,,,,,10,0,True
1213267593,,,,,,,7,0,True
1213267652,,,,,,,10,0,True
1213267662,,,,,,,10,0,True
1213267712,,,,,,,10,0,True
1213267747,,,,,,,8,8,True
1213267755,,,,,,,6,6,True
1213267793,,,,,,,10,0,True
1213268100,,,,,,,2,2,True
1213268172,,,,,,,6,0,True
1213268184,,,,,,,5,1,True
1213268318,,,,,,,1,1,True
1213268549,,,,,,,10,10,True
1213268561,,,,,,,2,0,True
1213268700,,,,,,,3,2,True
1213268739,,,,,,,10,0,True
1213268787,,,,,,,3,1,True
1213268819,,,,,,,5,5,True
1213268872,,,,,,,10,0,True
1213268888,,,,,,,1,1,True
1213269332,,,,,,,1,1,True
1213269543,,,,,,,8,0,True
1213269765,,,,,,,10,0,True
1213269868,,,,,,,5,0,True
1213269984,,,,,,,3,3,True
1213270194,,,,,,,1,1,True
1213270300,,,,,,,5,5,True
1213270533,,,,,,,9,9,True
1213270590,,,,,,,1,1,True
1213270650,,,,,,,6,6,True
1213271122,,,,,,,9,0,True
1213271360,,,,,,,10,0,True
1213271474,,,,,,,1,0,True
1213271523,,,,,,,10,0,True
1213271671,1.0,1.0,1.0,1.0,2022-04-30 16:00:00+00:00,2022-04-30 16:00:00+00:00,10,10,True
1213272557,,,,,,,10,0,True
1213272772,1.0,1.0,1.0,1.0,2022-04-30 16:00:00+00:00,2022-04-30 16:00:00+00:00,10,10,True
1213272819,2.0,2.0,2.0,2.0,2022-04-30 16:00:00+00:00,2022-04-30 16:00:00+00:00,2,2,True
1213272883,,,,,,,5,5,True
1213272946,,,,,,,2,2,True
1213273033,,,,,,,9,5,True
1213273075,,,,,,,10,0,True
1213273120,,,,,,,10,0,True
1213273145,,,,,,,10,0,True
1213273209,,,,,,,10,0,True
1213273255,,,,,,,10,0,True
1213273279,,,,,,,10,0,True
1213273342,,,,,,,10,0,True
1213273372,,,,,,,10,0,True
1213273395,,,,,,,10,1,True
1213273427,,,,,,,10,0,True
1213273457,,,,,,,10,0,True
1213273499,,,,,,,10,0,True
1213273544,,,,,,,10,0,True
1213273586,,,,,,,10,0,True
1213273615,,,,,,,10,0,True
1213273673,,,,,,,10,0,True
1213273749,,,,,,,10,0,True
1213273773,,,,,,,10,0,True
1213273829,,,,,,,10,0,True
1213273883,,,,,,,10,0,True
1213274121,,,,,,,10,0,True
1213274169,1.0,1.0,1.0,1.0,2022-04-30 16:00:00+00:00,2022-04-30 16:00:00+00:00,10,10,True
1213274202,,,,,,,9,0,True
1213274256,,,,,,,10,0,True
1213274323,,,,,,,10,0,True
1213274339,,,,,,,1,1,True
1213281586,,,,,,,9,0,True
1213283211,,,,,,,10,0,True
1213283573,,,,,,,8,8,True
1213283583,,,,,,,6,0,True
1213285296,,,,,,,5,0,True
1213287183,,,,,,,10,0,True
1213289374,,,,,,,9,0,True
1213289502,,,,,,,6,6,True
1213290327,,,,,,,10,0,True
1213290347,,,,,,,10,0,True
1213291854,,,,,,,1,1,True
1213292153,,,,,,,10,0,True
1213299671,,,,,,,10,0,True
1213300700,,,,,,,10,0,True
1213300973,,,,,,,10,0,True
1213301305,,,,,,,6,0,True
1213301383,,,,,,,10,0,True
1213302719,,,,,,,10,1,True
1213305195,,,,,,,10,0,True
1213309184,,,,,,,10,0,True
1213309191,,,,,,,10,0,True
1213309551,,,,,,,10,2,True
1213321224,,,,,,,10,0,True
1213323352,,,,,,,8,0,True
1213324660,,,,,,,10,0,True
1213330283,,,,,,,9,1,True
1213336236,,,,,,,10,0,True
1213337333,,,,,,,10,4,True
1213349853,,,,,,,10,0,True
1213354383,,,,,,,10,10,True
1213357780,,,,,,,10,0,True
1213357781,,,,,,,10,0,True
1213371154,,,,,,,10,0,True
1213381162,,,,,,,10,1,True
1213384847,,,,,,,10,0,True
1213385065,,,,,,,10,0,True
1213385076,,,,,,,10,0,True
1213399064,,,,,,,10,0,True
1213400837,1.0,1.0,1.0,1.0,2022-05-18 12:06:13+00:00,2022-05-18 12:06:13+00:00,10,10,True
1213401098,,,,,,,10,0,True
1213412699,,,,,,,6,6,True
1213413246,,,,,,,10,0,True
1213413761,,,,,,,9,0,True
1213416700,,,,,,,10,0,True
1213416866,,,,,,,7,0,True
1213417072,,,,,,,10,0,True
1213417650,,,,,,,10,0,True
1213417677,,,,,,,10,0,True
1213417962,,,,,,,7,0,True
1213432603,,,,,,,5,0,True
1213434402,,,,,,,10,0,True
1213436654,,,,,,,9,0,True
1213438858,,,,,,,10,1,True
1213440441,,,,,,,10,0,True
1213440488,,,,,,,10,0,True
1213441047,,,,,,,10,0,True
1213447351,,,,,,,6,0,True
1213459529,,,,,,,1,1,True
1213459552,,,,,,,10,0,True
1213460054,,,,,,,10,0,True
1213462060,,,,,,,7,7,True
1213462698,,,,,,,10,0,True
1213463639,,,,,,,10,0,True
1213463872,,,,,,,10,0,True
1213478181,,,,,,,2,2,True
1213478430,1.0,1.0,1.0,1.0,2022-05-25 16:00:00+00:00,2022-05-25 16:00:00+00:00,5,5,True
1213478968,,,,,,,1,1,True
1213479273,,,,,,,5,0,True
1213479627,,,,,,,5,5,True
1213479974,,,,,,,10,0,True
1213480790,,,,,,,10,0,True
1213481374,,,,,,,10,0,True
1213481507,,,,,,,6,0,True
1213481937,,,,,,,10,0,True
1213500520,,,,,,,10,0,True
1213500972,,,,,,,6,6,True
1213501184,,,,,,,10,0,True
1213501878,,,,,,,10,0,True
1213501911,,,,,,,10,5,True
1213513589,,,,,,,10,0,True
1213515465,,,,,,,9,9,True
1213526742,,,,,,,10,0,True
1213527533,,,,,,,2,0,True
1213528741,,,,,,,2,2,True
1213530143,,,,,,,10,0,True
1213531017,,,,,,,7,0,True
1213531098,,,,,,,10,0,True
1213531376,,,,,,,8,0,True
1213531795,,,,,,,10,0,True
1213532153,,,,,,,15,5,True
1213539417,,,,,,,2,2,True
1213548491,,,,,,,10,0,True
1213549239,,,,,,,10,0,True
1213550285,,,,,,,9,0,True
1213550454,,,,,,,4,0,True
1213550829,,,,,,,10,0,True
1213550837,,,,,,,10,0,True
1213550864,,,,,,,10,0,True
1213551090,,,,,,,10,0,True
1213551383,,,,,,,10,10,True
1213552864,,,,,,,6,6,True
1213569184,,,,,,,10,0,True
1213569920,,,,,,,10,10,True
1213570179,,,,,,,10,0,True
1213570351,,,,,,,10,10,True
1213571035,,,,,,,6,4,True
1213571509,,,,,,,10,0,True
1213571762,,,,,,,10,0,True
1213571931,1.0,1.0,1.0,1.0,2022-06-01 16:00:00+00:00,2022-06-01 16:00:00+00:00,10,10,True
1213573579,,,,,,,10,0,True
1213573904,,,,,,,10,0,True
1213574140,,,,,,,10,0,True
1213589064,,,,,,,10,0,True
1213589182,,,,,,,10,0,True
1213589451,,,,,,,10,0,True
1213589761,,,,,,,10,0,True
1213589775,,,,,,,10,0,True
1213589838,,,,,,,10,0,True
1213606611,,,,,,,10,10,True
1213606669,,,,,,,7,7,True
1213606744,,,,,,,10,0,True
1213612954,,,,,,,10,0,True
1213617999,,,,,,,9,9,True
1213619363,,,,,,,10,0,True
1213621108,,,,,,,10,0,True
1213621843,,,,,,,11,1,True
1213622610,,,,,,,10,0,True
1213630130,,,,,,,10,0,True
1213631284,,,,,,,10,0,True
1213631348,,,,,,,7,0,True
1213631360,,,,,,,10,0,True
1213632078,,,,,,,10,0,True
1213632094,,,,,,,6,1,True
1213632806,,,,,,,9,9,True
1213645317,,,,,,,10,0,True
1213645966,,,,,,,4,2,True
1213648206,,,,,,,10,0,True
1213655503,,,,,,,10,0,True
1213658774,,,,,,,10,0,True
1213659302,,,,,,,10,0,True
1213659712,,,,,,,10,0,True
1213660667,,,,,,,10,0,True
1213674047,,,,,,,10,0,True
1213674149,,,,,,,10,0,True
1213675006,,,,,,,10,0,True
1213675425,,,,,,,10,10,True
1213676275,,,,,,,10,0,True
1213677500,,,,,,,10,0,True
1213677928,,,,,,,10,0,True
1213689468,,,,,,,10,7,True
1213690358,,,,,,,6,0,True
1213704738,,,,,,,10,0,True
1213704856,,,,,,,8,0,True
1213707120,,,,,,,1,1,True
1213720015,,,,,,,10,0,True
1213721433,,,,,,,10,0,True
1213721801,,,,,,,15,15,True
1213731982,,,,,,,10,0,True
1213731991,,,,,,,10,0,True
1213732188,,,,,,,5,5,True
1213733367,,,,,,,10,0,True
1213740871,,,,,,,9,0,True
1213741623,,,,,,,10,0,True
1213743737,,,,,,,10,0,True
1213762307,,,,,,,10,0,True
1213777114,,,,,,,7,7,True
1213790625,,,,,,,5,5,True
1213792479,,,,,,,5,0,True
1213805546,,,,,,,9,0,True
1213817734,,,,,,,5,5,True
1213820007,,,,,,,10,0,True
1213820406,,,,,,,10,0,True
1213820408,,,,,,,10,0,True
1213820410,,,,,,,8,0,True
1213822786,,,,,,,10,0,True
1213834502,,,,,,,1,1,True
1213835362,,,,,,,10,0,True
1213835363,,,,,,,10,0,True
1213835589,,,,,,,10,5,True
1213836228,,,,,,,8,0,True
1213836276,,,,,,,10,0,True
1213836578,,,,,,,10,10,True
1213836579,,,,,,,10,10,True
1213838233,,,,,,,10,1,True
1213838234,,,,,,,10,1,True
1213853118,,,,,,,10,0,True
1213854718,,,,,,,10,0,True
1213854719,,,,,,,10,0,True
1213854721,,,,,,,10,0,True
1213854722,,,,,,,8,0,True
1213854723,,,,,,,10,0,True
1213854725,,,,,,,10,0,True
1213856936,,,,,,,10,10,True
1213873862,,,,,,,10,0,True
1213875348,,,,,,,15,0,True
1213875993,,,,,,,10,0,True
1213877241,,,,,,,9,9,True
1213877755,,,,,,,9,0,True
1213879656,,,,,,,10,0,True
1213879756,,,,,,,8,0,True
1213880209,,,,,,,10,10,True
1213896551,,,,,,,10,10,True
1213915734,,,,,,,10,10,True
1213919796,,,,,,,10,0,True
1213939371,,,,,,,10,1,True
1213957606,,,,,,,6,6,True
1213958266,,,,,,,9,0,True
1213997844,,,,,,,9,6,True
1213999091,,,,,,,15,5,True
1213999940,,,,,,,6,0,True
1214014911,,,,,,,3,0,True
1214015698,,,,,,,3,0,True
1214058075,,,,,,,1,1,True
1214060639,,,,,,,10,0,True
1214060646,,,,,,,10,0,True
1214082900,,,,,,,10,0,True
1214092432,,,,,,,10,0,True
1214109862,,,,,,,8,0,True
1214120548,,,,,,,10,0,True
1214159977,,,,,,,10,0,True
1214160334,,,,,,,10,0,True
1214174086,,,,,,,10,0,True
1214176706,,,,,,,10,0,True
1214189629,,,,,,,10,0,True
1214189631,,,,,,,10,0,True
1214232654,,,,,,,10,0,True
1214261325,,,,,,,10,0,True
1214288292,,,,,,,10,0,True
1214310652,,,,,,,1,0,True
1214310653,,,,,,,5,0,True
1214310654,,,,,,,5,0,True
1214331408,,,,,,,3,3,True
1214331568,,,,,,,10,0,True
1214332474,,,,,,,10,10,True
1214333332,,,,,,,10,0,True
1214357912,,,,,,,7,0,True
1214386112,,,,,,,10,0,True
1214387523,,,,,,,9,0,True
1214389605,,,,,,,10,0,True
1214424399,,,,,,,10,0,True
1214424408,,,,,,,10,0,True
1214498385,,,,,,,10,10,True
1214498386,,,,,,,10,10,True
1214498589,,,,,,,7,7,True
1214526002,,,,,,,7,0,True
1214548596,,,,,,,10,0,True
1214577336,,,,,,,10,0,True
1214587045,,,,,,,10,0,True
1214609209,,,,,,,10,10,True
1214609430,,,,,,,8,8,True
1214636793,,,,,,,7,7,True
1214636794,,,,,,,10,1,True
1214662665,,,,,,,9,0,True
1214662673,,,,,,,10,0,True
1214662687,,,,,,,10,0,True
1214662695,,,,,,,10,0,True
1214662705,,,,,,,10,0,True
1214698875,,,,,,,6,0,True
1214710306,,,,,,,10,0,True
1214843056,,,,,,,10,0,True
1214853613,,,,,,,9,0,True
1214853614,,,,,,,10,0,True
1214853616,,,,,,,10,0,True
1214940185,,,,,,,10,3,True
1214969159,,,,,,,10,0,True
1214969161,,,,,,,10,0,True
1214969397,,,,,,,10,0,True
1215118330,,,,,,,10,0,True
1215255183,,,,,,,10,0,True
1215255186,,,,,,,10,0,True
1215256085,,,,,,,10,0,True
1215267317,,,,,,,8,0,True
1215268415,,,,,,,10,0,True
1215268416,,,,,,,6,0,True
1215268417,,,,,,,10,0,True
1215268418,,,,,,,10,0,True
1215268419,,,,,,,10,0,True
1215325116,,,,,,,6,0,True
1215428029,,,,,,,10,10,True
1215468859,,,,,,,10,0,True
1215468862,,,,,,,5,0,True
1215469324,,,,,,,15,3,True
1215485941,,,,,,,9,0,True
1218857644,,,,,,,10,0,True
1219250936,,,,,,,3,3,True
1221177447,,,,,,,10,0,True
1222003735,,,,,,,2,0,True
1222003740,,,,,,,2,0,True
1225404299,,,,,,,7,0,True
1225404301,,,,,,,10,0,True
1225404303,,,,,,,10,0,True
1225404305,,,,,,,10,0,True
1225404307,,,,,,,10,0,True
1225404309,,,,,,,9,0,True
