supplier_id,customer_id,effective_start,effective_end,source_document_id,source_period_end,source_company_id,relationship_confidence,economic_weight,weight_source,publication_datetime
SSE:600018,SSE:603713,2019-03-22 16:00:00+00:00,2020-09-22 16:00:00+00:00,1205925391,2018-12-31,SSE:603713,1.0,1.0,equal,2019-03-22 16:00:00+00:00
SSE:600018,SSE:603713,2020-04-02 16:00:00+00:00,2021-10-04 16:00:00+00:00,1207448233,2019-12-31,SSE:603713,1.0,1.0,equal,2020-04-02 16:00:00+00:00
SSE:600018,SSE:603713,2021-03-31 16:00:00+00:00,2022-10-02 16:00:00+00:00,1209496359,2020-12-31,SSE:603713,1.0,1.0,equal,2021-03-31 16:00:00+00:00
SSE:600028,SSE:603329,2022-04-28 16:00:00+00:00,2023-10-30 16:00:00+00:00,1213160098,2021-12-31,SSE:603329,1.0,1.0,equal,2022-04-28 16:00:00+00:00
SSE:600028,SZSE:000626,2018-04-28 16:00:00+00:00,2019-10-30 16:00:00+00:00,1204825263,2017-12-31,SZSE:000626,1.0,1.0,equal,2018-04-28 16:00:00+00:00
SSE:600028,SZSE:000626,2019-03-21 16:00:00+00:00,2020-09-21 16:00:00+00:00,1205920527,2018-12-31,SZSE:000626,1.0,1.0,equal,2019-03-21 16:00:00+00:00
SSE:600028,SZSE:000626,2020-04-24 16:00:00+00:00,2021-10-26 16:00:00+00:00,1207583747,2019-12-31,SZSE:000626,1.0,1.0,equal,2020-04-24 16:00:00+00:00
SSE:600028,SZSE:000626,2021-04-24 16:00:00+00:00,2022-10-26 16:00:00+00:00,1209787910,2020-12-31,SZSE:000626,1.0,1.0,equal,2021-04-24 16:00:00+00:00
SSE:600050,SZSE:002238,2017-03-30 16:00:00+00:00,2018-10-01 16:00:00+00:00,1203224276,2016-12-31,SZSE:002238,1.0,1.0,equal,2017-03-30 16:00:00+00:00
SSE:600050,SZSE:300578,2017-05-19 08:17:27+00:00,2018-11-20 08:17:27+00:00,1203543546,2016-12-31,SZSE:300578,1.0,1.0,equal,2017-05-19 08:17:27+00:00
SSE:600098,SSE:600755,2020-04-18 16:00:00+00:00,2021-10-20 16:00:00+00:00,1207527863,2019-12-31,SSE:600098,1.0,1.0,equal,2020-04-18 16:00:00+00:00
SSE:600121,SSE:600157,2016-04-28 16:00:00+00:00,2017-10-30 16:00:00+00:00,1202260161,2015-12-31,SSE:600157,1.0,1.0,equal,2016-04-28 16:00:00+00:00
SSE:600121,SSE:600157,2017-04-28 16:00:00+00:00,2018-10-30 16:00:00+00:00,1203417502,2016-12-31,SSE:600157,1.0,1.0,equal,2017-04-28 16:00:00+00:00
SSE:600121,SSE:600157,2018-04-28 16:00:00+00:00,2019-10-30 16:00:00+00:00,1204832245,2017-12-31,SSE:600157,1.0,1.0,equal,2018-04-28 16:00:00+00:00
SSE:600121,SSE:600157,2020-04-29 16:00:00+00:00,2021-10-31 16:00:00+00:00,1207667773,2019-12-31,SSE:600157,1.0,1.0,equal,2020-04-29 16:00:00+00:00
SSE:600121,SSE:600157,2021-04-16 16:00:00+00:00,2022-10-18 16:00:00+00:00,1209702187,2020-12-31,SSE:600157,1.0,1.0,equal,2021-04-16 16:00:00+00:00
SSE:600143,SZSE:002260,2016-06-03 16:00:00+00:00,2017-12-05 16:00:00+00:00,1202353728,2015-12-31,SZSE:002260,1.0,1.0,equal,2016-06-03 16:00:00+00:00
SSE:600143,SZSE:300100,2022-04-19 16:00:00+00:00,2023-10-21 16:00:00+00:00,1212961690,2021-12-31,SZSE:300100,1.0,1.0,equal,2022-04-19 16:00:00+00:00
SSE:600150,SZSE:300527,2020-04-29 16:00:00+00:00,2021-10-31 16:00:00+00:00,1207655904,2019-12-31,SZSE:300527,1.0,1.0,equal,2020-04-29 16:00:00+00:00
SSE:600150,SZSE:300527,2021-04-27 16:00:00+00:00,2022-10-29 16:00:00+00:00,1209813024,2020-12-31,SZSE:300527,1.0,1.0,equal,2021-04-27 16:00:00+00:00
SSE:600150,SZSE:300527,2022-04-27 16:00:00+00:00,2023-10-29 16:00:00+00:00,1213144839,2021-12-31,SZSE:300527,1.0,1.0,equal,2022-04-27 16:00:00+00:00
SSE:600150,SZSE:300527,2022-04-28 16:00:00+00:00,2023-10-30 16:00:00+00:00,1213161153,2021-12-31,SZSE:300527,1.0,1.0,equal,2022-04-28 16:00:00+00:00
SSE:600170,SSE:600009,2017-03-25 16:00:00+00:00,2018-09-26 16:00:00+00:00,1203193813,2016-12-31,SSE:600170,1.0,1.0,equal,2017-03-25 16:00:00+00:00
SSE:600170,SSE:600009,2018-03-28 16:00:00+00:00,2019-09-29 16:00:00+00:00,1204523169,2017-12-31,SSE:600170,1.0,1.0,equal,2018-03-28 16:00:00+00:00
SSE:600170,SSE:600009,2019-03-29 16:00:00+00:00,2020-09-29 16:00:00+00:00,1205956330,2018-12-31,SSE:600170,1.0,1.0,equal,2019-03-29 16:00:00+00:00
SSE:600170,SSE:600009,2022-04-18 16:00:00+00:00,2023-10-20 16:00:00+00:00,1212951435,2021-12-31,SSE:600170,1.0,1.0,equal,2022-04-18 16:00:00+00:00
SSE:600188,SZSE:000778,2019-04-02 16:00:00+00:00,2020-10-03 16:00:00+00:00,1205983333,2018-12-31,SZSE:000778,1.0,1.0,equal,2019-04-02 16:00:00+00:00
SSE:600219,SZSE:300057,2021-04-10 16:00:00+00:00,2022-10-12 16:00:00+00:00,1209666588,2020-12-31,SZSE:300057,1.0,1.0,equal,2021-04-10 16:00:00+00:00
SSE:600219,SZSE:300057,2022-03-30 16:00:00+00:00,2023-10-01 16:00:00+00:00,1212724560,2021-12-31,SZSE:300057,1.0,1.0,equal,2022-03-30 16:00:00+00:00
SSE:600232,SZSE:000982,2015-04-10 16:00:00+00:00,2016-10-11 16:00:00+00:00,1200803951,2014-12-31,SSE:600232,1.0,1.0,equal,2015-04-10 16:00:00+00:00
SSE:600232,SZSE:000982,2015-07-03 16:00:00+00:00,2017-01-03 16:00:00+00:00,1201229984,2014-12-31,SSE:600232,1.0,1.0,equal,2015-07-03 16:00:00+00:00
SSE:600248,SZSE:000006,2022-04-16 16:00:00+00:00,2023-10-18 16:00:00+00:00,1212943740,2021-12-31,SZSE:000006,1.0,1.0,equal,2022-04-16 16:00:00+00:00
SSE:600271,SZSE:002368,2015-03-28 16:00:00+00:00,2016-09-28 16:00:00+00:00,1200753195,2014-12-31,SZSE:002368,1.0,1.0,equal,2015-03-28 16:00:00+00:00
SSE:600271,SZSE:002368,2018-03-31 16:00:00+00:00,2019-10-02 16:00:00+00:00,1204557988,2017-12-31,SZSE:002368,1.0,1.0,equal,2018-03-31 16:00:00+00:00
SSE:600271,SZSE:300271,2018-04-10 16:00:00+00:00,2019-10-12 16:00:00+00:00,1204597406,2017-12-31,SZSE:300271,1.0,1.0,equal,2018-04-10 16:00:00+00:00
SSE:600273,SZSE:002637,2015-03-20 16:00:00+00:00,2016-09-20 16:00:00+00:00,1200720284,2014-12-31,SSE:600273,1.0,1.0,equal,2015-03-20 16:00:00+00:00
SSE:600273,SZSE:002637,2018-03-29 16:00:00+00:00,2019-09-30 16:00:00+00:00,1204533915,2017-12-31,SSE:600273,1.0,1.0,equal,2018-03-29 16:00:00+00:00
SSE:600288,SZSE:002008,2018-04-17 16:00:00+00:00,2019-10-19 16:00:00+00:00,1204641333,2017-12-31,SSE:600288,1.0,1.0,equal,2018-04-17 16:00:00+00:00
SSE:600288,SZSE:002008,2019-04-03 16:00:00+00:00,2020-10-04 16:00:00+00:00,1205987607,2018-12-31,SSE:600288,1.0,1.0,equal,2019-04-03 16:00:00+00:00
SSE:600288,SZSE:002008,2020-04-28 16:00:00+00:00,2021-10-30 16:00:00+00:00,1207646912,2019-12-31,SSE:600288,1.0,1.0,equal,2020-04-28 16:00:00+00:00
SSE:600288,SZSE:002008,2021-04-16 16:00:00+00:00,2022-10-18 16:00:00+00:00,1209699652,2020-12-31,SSE:600288,1.0,1.0,equal,2021-04-16 16:00:00+00:00
SSE:600288,SZSE:002008,2022-04-20 16:00:00+00:00,2023-10-22 16:00:00+00:00,1212983609,2021-12-31,SSE:600288,1.0,1.0,equal,2022-04-20 16:00:00+00:00
SSE:600288,SZSE:300358,2016-04-23 16:00:00+00:00,2017-10-25 16:00:00+00:00,1202226183,2015-12-31,SSE:600288,1.0,1.0,equal,2016-04-23 16:00:00+00:00
SSE:600288,SZSE:300358,2020-04-28 16:00:00+00:00,2021-10-30 16:00:00+00:00,1207646912,2019-12-31,SSE:600288,1.0,1.0,equal,2020-04-28 16:00:00+00:00
SSE:600348,SZSE:000898,2015-04-09 16:00:00+00:00,2016-10-10 16:00:00+00:00,1200800075,2014-12-31,SSE:600348,1.0,1.0,equal,2015-04-09 16:00:00+00:00
SSE:600348,SZSE:000898,2015-05-08 16:00:00+00:00,2016-11-08 16:00:00+00:00,1200979610,2014-12-31,SSE:600348,1.0,1.0,equal,2015-05-08 16:00:00+00:00
SSE:600348,SZSE:000898,2016-04-09 16:00:00+00:00,2017-10-11 16:00:00+00:00,1202155515,2015-12-31,SSE:600348,1.0,1.0,equal,2016-04-09 16:00:00+00:00
SSE:600348,SZSE:000898,2016-06-17 16:00:00+00:00,2017-12-19 16:00:00+00:00,1202371773,2015-12-31,SSE:600348,1.0,1.0,equal,2016-06-17 16:00:00+00:00
SSE:600362,SZSE:002468,2016-03-02 16:00:00+00:00,2017-09-03 16:00:00+00:00,1202011007,2015-12-31,SZSE:002468,1.0,1.0,equal,2016-03-02 16:00:00+00:00
SSE:600418,SSE:603768,2022-04-28 16:00:00+00:00,2023-10-30 16:00:00+00:00,1213172934,2021-12-31,SSE:603768,1.0,1.0,equal,2022-04-28 16:00:00+00:00
SSE:600446,SSE:601229,2019-07-06 16:00:00+00:00,2021-01-06 16:00:00+00:00,1206430289,2018-12-31,SSE:600446,1.0,1.0,equal,2019-07-06 16:00:00+00:00
SSE:600462,SZSE:000677,2015-04-25 16:00:00+00:00,2016-10-26 16:00:00+00:00,1200906379,2014-12-31,SSE:600462,1.0,1.0,equal,2015-04-25 16:00:00+00:00
SSE:600491,SSE:600162,2022-04-29 16:00:00+00:00,2023-10-31 16:00:00+00:00,1213222920,2021-12-31,SSE:600162,1.0,1.0,equal,2022-04-29 16:00:00+00:00
SSE:600491,SSE:600162,2022-05-25 16:00:00+00:00,2023-11-26 16:00:00+00:00,1213478430,2021-12-31,SSE:600162,1.0,1.0,equal,2022-05-25 16:00:00+00:00
SSE:600491,SSE:600503,2022-04-27 16:00:00+00:00,2023-10-29 16:00:00+00:00,1213126944,2021-12-31,SSE:600503,1.0,1.0,equal,2022-04-27 16:00:00+00:00
SSE:600515,SZSE:000796,2015-04-10 16:00:00+00:00,2016-10-11 16:00:00+00:00,1200807401,2014-12-31,SSE:600515,1.0,1.0,equal,2015-04-10 16:00:00+00:00
SSE:600549,SZSE:000657,2019-04-19 16:00:00+00:00,2020-10-20 16:00:00+00:00,1206052955,2018-12-31,SZSE:000657,1.0,1.0,equal,2019-04-19 16:00:00+00:00
SSE:600566,SSE:600851,2015-04-30 16:00:00+00:00,2016-10-31 16:00:00+00:00,1200947377,2014-12-31,SSE:600851,1.0,1.0,equal,2015-04-30 16:00:00+00:00
SSE:600566,SSE:600851,2017-04-25 16:00:00+00:00,2018-10-27 16:00:00+00:00,1203379681,2016-12-31,SSE:600851,1.0,1.0,equal,2017-04-25 16:00:00+00:00
SSE:600566,SSE:600851,2017-04-27 16:00:00+00:00,2018-10-29 16:00:00+00:00,1203406732,2016-12-31,SSE:600851,1.0,1.0,equal,2017-04-27 16:00:00+00:00
SSE:600566,SSE:600851,2017-05-26 16:00:00+00:00,2018-11-27 16:00:00+00:00,1203568551,2016-12-31,SSE:600851,1.0,1.0,equal,2017-05-26 16:00:00+00:00
SSE:600566,SSE:600851,2018-04-21 16:00:00+00:00,2019-10-23 16:00:00+00:00,1204681092,2017-12-31,SSE:600851,1.0,1.0,equal,2018-04-21 16:00:00+00:00
SSE:600566,SSE:600851,2019-04-16 16:00:00+00:00,2020-10-17 16:00:00+00:00,1206022259,2018-12-31,SSE:600851,1.0,1.0,equal,2019-04-16 16:00:00+00:00
SSE:600566,SSE:600851,2020-04-28 16:00:00+00:00,2021-10-30 16:00:00+00:00,1207648188,2019-12-31,SSE:600851,1.0,1.0,equal,2020-04-28 16:00:00+00:00
SSE:600566,SSE:600851,2021-04-21 16:00:00+00:00,2022-10-23 16:00:00+00:00,1209740491,2020-12-31,SSE:600851,1.0,1.0,equal,2021-04-21 16:00:00+00:00
SSE:600569,SSE:601666,2015-04-14 16:00:00+00:00,2016-10-15 16:00:00+00:00,1200828981,2014-12-31,SSE:601666,1.0,1.0,equal,2015-04-14 16:00:00+00:00
SSE:600569,SSE:601666,2016-04-26 16:00:00+00:00,2017-10-28 16:00:00+00:00,1202246192,2015-12-31,SSE:601666,1.0,1.0,equal,2016-04-26 16:00:00+00:00
SSE:600569,SSE:601666,2018-04-28 16:00:00+00:00,2019-10-30 16:00:00+00:00,1204828496,2017-12-31,SSE:601666,1.0,1.0,equal,2018-04-28 16:00:00+00:00
SSE:600569,SZSE:300527,2019-04-25 16:00:00+00:00,2020-10-26 16:00:00+00:00,1206093942,2018-12-31,SZSE:300527,1.0,1.0,equal,2019-04-25 16:00:00+00:00
SSE:600569,SZSE:300569,2017-04-20 16:00:00+00:00,2018-10-22 16:00:00+00:00,1203335137,2016-12-31,SZSE:300569,1.0,1.0,equal,2017-04-20 16:00:00+00:00
SSE:600569,SZSE:300569,2018-03-28 16:00:00+00:00,2019-09-29 16:00:00+00:00,1204525910,2017-12-31,SZSE:300569,1.0,1.0,equal,2018-03-28 16:00:00+00:00
SSE:600569,SZSE:300569,2019-05-01 16:00:00+00:00,2020-11-01 16:00:00+00:00,1206200365,2018-12-31,SZSE:300569,1.0,1.0,equal,2019-05-01 16:00:00+00:00
SSE:600577,SZSE:002309,2017-03-07 16:00:00+00:00,2018-09-08 16:00:00+00:00,1203135067,2016-12-31,SSE:600577,1.0,1.0,equal,2017-03-07 16:00:00+00:00
SSE:600577,SZSE:002309,2018-03-20 16:00:00+00:00,2019-09-21 16:00:00+00:00,1204493110,2017-12-31,SSE:600577,1.0,1.0,equal,2018-03-20 16:00:00+00:00
SSE:600577,SZSE:002309,2019-04-02 16:00:00+00:00,2020-10-03 16:00:00+00:00,1205981360,2018-12-31,SSE:600577,1.0,1.0,equal,2019-04-02 16:00:00+00:00
SSE:600577,SZSE:002309,2019-07-10 16:00:00+00:00,2021-01-10 16:00:00+00:00,1206434427,2018-12-31,SSE:600577,1.0,1.0,equal,2019-07-10 16:00:00+00:00
SSE:600577,SZSE:300907,2021-04-10 16:00:00+00:00,2022-10-12 16:00:00+00:00,1209668485,2020-12-31,SZSE:300907,1.0,1.0,equal,2021-04-10 16:00:00+00:00
SSE:600577,SZSE:300907,2022-04-02 16:00:00+00:00,2023-10-04 16:00:00+00:00,1212811103,2021-12-31,SZSE:300907,1.0,1.0,equal,2022-04-02 16:00:00+00:00
SSE:600635,SSE:600597,2016-03-05 16:00:00+00:00,2017-09-06 16:00:00+00:00,1202023741,2015-12-31,SSE:600635,1.0,1.0,equal,2016-03-05 16:00:00+00:00
SSE:600635,SSE:600597,2018-03-30 16:00:00+00:00,2019-10-01 16:00:00+00:00,1204553820,2017-12-31,SSE:600635,1.0,1.0,equal,2018-03-30 16:00:00+00:00
SSE:600754,SSE:600958,2016-03-31 16:00:00+00:00,2017-10-02 16:00:00+00:00,1202113117,2015-12-31,SSE:600754,1.0,1.0,equal,2016-03-31 16:00:00+00:00
SSE:600754,SSE:601328,2015-03-28 16:00:00+00:00,2016-09-28 16:00:00+00:00,1200757477,2014-12-31,SSE:600754,1.0,1.0,equal,2015-03-28 16:00:00+00:00
SSE:600755,SSE:605208,2022-03-11 16:00:00+00:00,2023-09-12 16:00:00+00:00,1212540844,2021-12-31,SSE:605208,1.0,1.0,equal,2022-03-11 16:00:00+00:00
SSE:600776,SZSE:300038,2016-08-27 16:00:00+00:00,2018-02-28 16:00:00+00:00,1202636202,2015-12-31,SZSE:300038,1.0,1.0,equal,2016-08-27 16:00:00+00:00
SSE:600801,SZSE:002302,2015-03-31 16:00:00+00:00,2016-10-01 16:00:00+00:00,1200767154,2014-12-31,SZSE:002302,1.0,1.0,equal,2015-03-31 16:00:00+00:00
SSE:600832,SSE:600000,2015-03-28 16:00:00+00:00,2016-09-28 16:00:00+00:00,1200757451,2014-12-31,SSE:600832,1.0,1.0,equal,2015-03-28 16:00:00+00:00
SSE:600871,SSE:601857,2022-03-30 16:00:00+00:00,2023-10-01 16:00:00+00:00,1212724791,2021-12-31,SSE:600871,1.0,1.0,equal,2022-03-30 16:00:00+00:00
SSE:600875,SSE:600157,2016-04-28 16:00:00+00:00,2017-10-30 16:00:00+00:00,1202260161,2015-12-31,SSE:600157,1.0,1.0,equal,2016-04-28 16:00:00+00:00
SSE:600875,SSE:600157,2017-04-28 16:00:00+00:00,2018-10-30 16:00:00+00:00,1203417502,2016-12-31,SSE:600157,1.0,1.0,equal,2017-04-28 16:00:00+00:00
SSE:600875,SSE:600157,2018-04-28 16:00:00+00:00,2019-10-30 16:00:00+00:00,1204832245,2017-12-31,SSE:600157,1.0,1.0,equal,2018-04-28 16:00:00+00:00
SSE:600875,SZSE:000539,2018-04-28 16:00:00+00:00,2019-10-30 16:00:00+00:00,1204821751,2017-12-31,SZSE:000539,1.0,1.0,equal,2018-04-28 16:00:00+00:00
SSE:600875,SZSE:000539,2019-04-12 16:00:00+00:00,2020-10-13 16:00:00+00:00,1206009073,2018-12-31,SZSE:000539,1.0,1.0,equal,2019-04-12 16:00:00+00:00
SSE:600875,SZSE:002564,2022-03-25 16:00:00+00:00,2023-09-26 16:00:00+00:00,1212671439,2021-12-31,SZSE:002564,1.0,1.0,equal,2022-03-25 16:00:00+00:00
SSE:600888,SSE:600338,2015-04-30 16:00:00+00:00,2016-10-31 16:00:00+00:00,1200948165,2014-12-31,SSE:600338,1.0,1.0,equal,2015-04-30 16:00:00+00:00
SSE:600888,SZSE:002484,2018-04-12 16:00:00+00:00,2019-10-14 16:00:00+00:00,1204616202,2017-12-31,SZSE:002484,1.0,1.0,equal,2018-04-12 16:00:00+00:00
SSE:600888,SZSE:002662,2015-03-31 16:00:00+00:00,2016-10-01 16:00:00+00:00,1200764967,2014-12-31,SZSE:002662,1.0,1.0,equal,2015-03-31 16:00:00+00:00
SSE:600888,SZSE:002662,2016-02-27 16:00:00+00:00,2017-08-30 16:00:00+00:00,1202003102,2015-12-31,SZSE:002662,1.0,1.0,equal,2016-02-27 16:00:00+00:00
SSE:600888,SZSE:002662,2017-03-08 16:00:00+00:00,2018-09-09 16:00:00+00:00,1203138589,2016-12-31,SZSE:002662,1.0,1.0,equal,2017-03-08 16:00:00+00:00
SSE:600888,SZSE:002662,2018-03-22 16:00:00+00:00,2019-09-23 16:00:00+00:00,1204501830,2017-12-31,SZSE:002662,1.0,1.0,equal,2018-03-22 16:00:00+00:00
SSE:600888,SZSE:002662,2019-04-24 16:00:00+00:00,2020-10-25 16:00:00+00:00,1206078561,2018-12-31,SZSE:002662,1.0,1.0,equal,2019-04-24 16:00:00+00:00
SSE:600888,SZSE:002662,2020-04-29 16:00:00+00:00,2021-10-31 16:00:00+00:00,1207660438,2019-12-31,SZSE:002662,1.0,1.0,equal,2020-04-29 16:00:00+00:00
SSE:600888,SZSE:002806,2017-04-13 16:00:00+00:00,2018-10-15 16:00:00+00:00,1203290201,2016-12-31,SZSE:002806,1.0,1.0,equal,2017-04-13 16:00:00+00:00
SSE:600888,SZSE:002806,2018-04-21 16:00:00+00:00,2019-10-23 16:00:00+00:00,1204677981,2017-12-31,SZSE:002806,1.0,1.0,equal,2018-04-21 16:00:00+00:00
SSE:600888,SZSE:002806,2019-04-09 16:00:00+00:00,2020-10-10 16:00:00+00:00,1205999527,2018-12-31,SZSE:002806,1.0,1.0,equal,2019-04-09 16:00:00+00:00
SSE:600997,SZSE:000709,2015-03-28 16:00:00+00:00,2016-09-28 16:00:00+00:00,1200754904,2014-12-31,SSE:600997,1.0,1.0,equal,2015-03-28 16:00:00+00:00
SSE:600997,SZSE:000709,2016-03-31 16:00:00+00:00,2017-10-02 16:00:00+00:00,1202116257,2015-12-31,SSE:600997,1.0,1.0,equal,2016-03-31 16:00:00+00:00
SSE:600997,SZSE:000709,2017-04-28 16:00:00+00:00,2018-10-30 16:00:00+00:00,1203420226,2016-12-31,SSE:600997,1.0,1.0,equal,2017-04-28 16:00:00+00:00
SSE:600997,SZSE:000709,2018-03-17 16:00:00+00:00,2019-09-18 16:00:00+00:00,1204484837,2017-12-31,SSE:600997,1.0,1.0,equal,2018-03-17 16:00:00+00:00
SSE:600997,SZSE:000709,2018-05-15 16:00:00+00:00,2019-11-16 16:00:00+00:00,1204942400,2017-12-31,SSE:600997,1.0,1.0,equal,2018-05-15 16:00:00+00:00
SSE:600997,SZSE:000709,2019-03-30 16:00:00+00:00,2020-09-30 16:00:00+00:00,1205968284,2018-12-31,SSE:600997,1.0,1.0,equal,2019-03-30 16:00:00+00:00
SSE:600997,SZSE:000709,2020-04-10 16:00:00+00:00,2021-10-12 16:00:00+00:00,1207470737,2019-12-31,SSE:600997,1.0,1.0,equal,2020-04-10 16:00:00+00:00
SSE:600997,SZSE:000709,2021-03-27 16:00:00+00:00,2022-09-28 16:00:00+00:00,1209462778,2020-12-31,SSE:600997,1.0,1.0,equal,2021-03-27 16:00:00+00:00
SSE:600997,SZSE:000709,2022-04-23 16:00:00+00:00,2023-10-25 16:00:00+00:00,1213047476,2021-12-31,SSE:600997,1.0,1.0,equal,2022-04-23 16:00:00+00:00
SSE:600997,SZSE:000898,2015-03-28 16:00:00+00:00,2016-09-28 16:00:00+00:00,1200754904,2014-12-31,SSE:600997,1.0,1.0,equal,2015-03-28 16:00:00+00:00
SSE:600997,SZSE:000898,2016-03-31 16:00:00+00:00,2017-10-02 16:00:00+00:00,1202116257,2015-12-31,SSE:600997,1.0,1.0,equal,2016-03-31 16:00:00+00:00
SSE:600997,SZSE:000898,2017-04-28 16:00:00+00:00,2018-10-30 16:00:00+00:00,1203420226,2016-12-31,SSE:600997,1.0,1.0,equal,2017-04-28 16:00:00+00:00
SSE:600997,SZSE:000898,2018-03-17 16:00:00+00:00,2019-09-18 16:00:00+00:00,1204484837,2017-12-31,SSE:600997,1.0,1.0,equal,2018-03-17 16:00:00+00:00
SSE:600997,SZSE:000898,2018-05-15 16:00:00+00:00,2019-11-16 16:00:00+00:00,1204942400,2017-12-31,SSE:600997,1.0,1.0,equal,2018-05-15 16:00:00+00:00
SSE:600997,SZSE:000898,2019-03-30 16:00:00+00:00,2020-09-30 16:00:00+00:00,1205968284,2018-12-31,SSE:600997,1.0,1.0,equal,2019-03-30 16:00:00+00:00
SSE:600997,SZSE:000898,2020-04-10 16:00:00+00:00,2021-10-12 16:00:00+00:00,1207470737,2019-12-31,SSE:600997,1.0,1.0,equal,2020-04-10 16:00:00+00:00
SSE:601001,SSE:600886,2018-03-27 16:00:00+00:00,2019-09-28 16:00:00+00:00,1204519014,2017-12-31,SSE:600886,1.0,1.0,equal,2018-03-27 16:00:00+00:00
SSE:601002,SSE:688569,2021-03-30 16:00:00+00:00,2022-10-01 16:00:00+00:00,1209473206,2020-12-31,SSE:688569,1.0,1.0,equal,2021-03-30 16:00:00+00:00
SSE:601002,SSE:688569,2022-03-30 16:00:00+00:00,2023-10-01 16:00:00+00:00,1212721657,2021-12-31,SSE:688569,1.0,1.0,equal,2022-03-30 16:00:00+00:00
SSE:601005,SZSE:300767,2020-05-15 16:00:00+00:00,2021-11-16 16:00:00+00:00,1207811638,2019-12-31,SZSE:300767,1.0,1.0,equal,2020-05-15 16:00:00+00:00
SSE:601006,SZSE:001896,2022-04-09 16:00:00+00:00,2023-10-11 16:00:00+00:00,1212856498,2021-12-31,SZSE:001896,1.0,1.0,equal,2022-04-09 16:00:00+00:00
SSE:601177,SZSE:000880,2015-04-10 16:00:00+00:00,2016-10-11 16:00:00+00:00,1200804694,2014-12-31,SSE:601177,1.0,1.0,equal,2015-04-10 16:00:00+00:00
SSE:601177,SZSE:000880,2015-05-14 16:00:00+00:00,2016-11-14 16:00:00+00:00,1201010304,2014-12-31,SSE:601177,1.0,1.0,equal,2015-05-14 16:00:00+00:00
SSE:601186,SSE:688425,2022-03-31 16:00:00+00:00,2023-10-02 16:00:00+00:00,1212743648,2021-12-31,SSE:688425,1.0,1.0,equal,2022-03-31 16:00:00+00:00
SSE:601226,SSE:600309,2015-04-09 16:00:00+00:00,2016-10-10 16:00:00+00:00,1200801854,2014-12-31,SSE:601226,1.0,1.0,equal,2015-04-09 16:00:00+00:00
SSE:601226,SSE:600642,2016-04-21 16:00:00+00:00,2017-10-23 16:00:00+00:00,1202212383,2015-12-31,SSE:601226,1.0,1.0,equal,2016-04-21 16:00:00+00:00
SSE:601226,SSE:601000,2016-04-21 16:00:00+00:00,2017-10-23 16:00:00+00:00,1202212383,2015-12-31,SSE:601226,1.0,1.0,equal,2016-04-21 16:00:00+00:00
SSE:601600,SZSE:000807,2022-03-22 16:00:00+00:00,2023-09-23 16:00:00+00:00,1212634984,2021-12-31,SZSE:000807,1.0,1.0,equal,2022-03-22 16:00:00+00:00
SSE:601607,SZSE:000950,2022-04-30 16:00:00+00:00,2023-11-01 16:00:00+00:00,1213245798,2021-12-31,SZSE:000950,1.0,1.0,equal,2022-04-30 16:00:00+00:00
SSE:601668,SZSE:003816,2020-03-26 16:00:00+00:00,2021-09-27 16:00:00+00:00,1207405169,2019-12-31,SZSE:003816,1.0,1.0,equal,2020-03-26 16:00:00+00:00
SSE:601668,SZSE:003816,2021-04-23 16:00:00+00:00,2022-10-25 16:00:00+00:00,1209771425,2020-12-31,SZSE:003816,1.0,1.0,equal,2021-04-23 16:00:00+00:00
SSE:601668,SZSE:003816,2022-03-18 16:00:00+00:00,2023-09-19 16:00:00+00:00,1212609411,2021-12-31,SZSE:003816,1.0,1.0,equal,2022-03-18 16:00:00+00:00
SSE:601727,SSE:600157,2016-04-28 16:00:00+00:00,2017-10-30 16:00:00+00:00,1202260161,2015-12-31,SSE:600157,1.0,1.0,equal,2016-04-28 16:00:00+00:00
SSE:601727,SSE:600157,2018-04-28 16:00:00+00:00,2019-10-30 16:00:00+00:00,1204832245,2017-12-31,SSE:600157,1.0,1.0,equal,2018-04-28 16:00:00+00:00
SSE:601727,SSE:600157,2019-04-30 16:00:00+00:00,2020-10-31 16:00:00+00:00,1206168416,2018-12-31,SSE:600157,1.0,1.0,equal,2019-04-30 16:00:00+00:00
SSE:601727,SSE:600157,2021-04-16 16:00:00+00:00,2022-10-18 16:00:00+00:00,1209702187,2020-12-31,SSE:600157,1.0,1.0,equal,2021-04-16 16:00:00+00:00
SSE:601727,SSE:600886,2019-03-29 16:00:00+00:00,2020-09-29 16:00:00+00:00,1205958353,2018-12-31,SSE:600886,1.0,1.0,equal,2019-03-29 16:00:00+00:00
SSE:601727,SZSE:003816,2020-03-26 16:00:00+00:00,2021-09-27 16:00:00+00:00,1207405169,2019-12-31,SZSE:003816,1.0,1.0,equal,2020-03-26 16:00:00+00:00
SSE:601728,SZSE:300288,2022-04-26 16:00:00+00:00,2023-10-28 16:00:00+00:00,1213104975,2021-12-31,SZSE:300288,1.0,1.0,equal,2022-04-26 16:00:00+00:00
SSE:601766,SSE:688425,2022-03-31 16:00:00+00:00,2023-10-02 16:00:00+00:00,1212743648,2021-12-31,SSE:688425,1.0,1.0,equal,2022-03-31 16:00:00+00:00
SSE:601899,SZSE:002300,2015-04-09 16:00:00+00:00,2016-10-10 16:00:00+00:00,1200799561,2014-12-31,SZSE:002300,1.0,1.0,equal,2015-04-09 16:00:00+00:00
SSE:601899,SZSE:002300,2016-04-08 16:00:00+00:00,2017-10-10 16:00:00+00:00,1202148862,2015-12-31,SZSE:002300,1.0,1.0,equal,2016-04-08 16:00:00+00:00
SSE:601899,SZSE:002300,2017-04-13 16:00:00+00:00,2018-10-15 16:00:00+00:00,1203290221,2016-12-31,SZSE:002300,1.0,1.0,equal,2017-04-13 16:00:00+00:00
SSE:601899,SZSE:002300,2022-03-31 16:00:00+00:00,2023-10-02 16:00:00+00:00,1212749329,2021-12-31,SZSE:002300,1.0,1.0,equal,2022-03-31 16:00:00+00:00
SSE:601988,SZSE:002574,2015-04-23 16:00:00+00:00,2016-10-24 16:00:00+00:00,1200891000,2014-12-31,SZSE:002574,1.0,1.0,equal,2015-04-23 16:00:00+00:00
SSE:601988,SZSE:002574,2016-04-08 16:00:00+00:00,2017-10-10 16:00:00+00:00,1202149807,2015-12-31,SZSE:002574,1.0,1.0,equal,2016-04-08 16:00:00+00:00
SSE:601988,SZSE:002574,2017-03-21 16:00:00+00:00,2018-09-22 16:00:00+00:00,1203180931,2016-12-31,SZSE:002574,1.0,1.0,equal,2017-03-21 16:00:00+00:00
SSE:601988,SZSE:002574,2018-04-21 16:00:00+00:00,2019-10-23 16:00:00+00:00,1204679799,2017-12-31,SZSE:002574,1.0,1.0,equal,2018-04-21 16:00:00+00:00
SSE:601988,SZSE:002574,2019-04-20 16:00:00+00:00,2020-10-21 16:00:00+00:00,1206059424,2018-12-31,SZSE:002574,1.0,1.0,equal,2019-04-20 16:00:00+00:00
SSE:601988,SZSE:002574,2021-04-28 16:00:00+00:00,2022-10-30 16:00:00+00:00,1209830307,2020-12-31,SZSE:002574,1.0,1.0,equal,2021-04-28 16:00:00+00:00
SSE:601988,SZSE:002574,2022-04-29 16:00:00+00:00,2023-10-31 16:00:00+00:00,1213205311,2021-12-31,SZSE:002574,1.0,1.0,equal,2022-04-29 16:00:00+00:00
SSE:603081,SSE:600170,2022-04-26 16:00:00+00:00,2023-10-28 16:00:00+00:00,1213102584,2021-12-31,SSE:603081,1.0,1.0,equal,2022-04-26 16:00:00+00:00
SSE:603320,SZSE:000404,2022-04-14 16:00:00+00:00,2023-10-16 16:00:00+00:00,1212910707,2021-12-31,SSE:603320,1.0,1.0,equal,2022-04-14 16:00:00+00:00
SSE:603322,SSE:601728,2022-04-30 16:00:00+00:00,2023-11-01 16:00:00+00:00,1213271671,2021-12-31,SSE:603322,1.0,1.0,equal,2022-04-30 16:00:00+00:00
SSE:603713,SSE:600309,2020-04-02 16:00:00+00:00,2021-10-04 16:00:00+00:00,1207448233,2019-12-31,SSE:603713,1.0,1.0,equal,2020-04-02 16:00:00+00:00
SSE:603768,SSE:600418,2022-04-28 16:00:00+00:00,2023-10-30 16:00:00+00:00,1213172934,2021-12-31,SSE:603768,1.0,1.0,equal,2022-04-28 16:00:00+00:00
SSE:603906,SSE:600761,2018-04-26 16:00:00+00:00,2019-10-28 16:00:00+00:00,1204797130,2017-12-31,SSE:603906,1.0,1.0,equal,2018-04-26 16:00:00+00:00
SSE:603906,SSE:600761,2019-04-20 16:00:00+00:00,2020-10-21 16:00:00+00:00,1206063076,2018-12-31,SSE:603906,1.0,1.0,equal,2019-04-20 16:00:00+00:00
SSE:603990,SZSE:300253,2021-04-17 16:00:00+00:00,2022-10-19 16:00:00+00:00,1209713106,2020-12-31,SSE:603990,1.0,1.0,equal,2021-04-17 16:00:00+00:00
SSE:603990,SZSE:300253,2021-05-29 16:00:00+00:00,2022-11-30 16:00:00+00:00,1210123236,2020-12-31,SSE:603990,1.0,1.0,equal,2021-05-29 16:00:00+00:00
SSE:603990,SZSE:300253,2022-04-30 16:00:00+00:00,2023-11-01 16:00:00+00:00,1213272772,2021-12-31,SSE:603990,1.0,1.0,equal,2022-04-30 16:00:00+00:00
SSE:605100,SZSE:000338,2022-04-30 16:00:00+00:00,2023-11-01 16:00:00+00:00,1213272819,2021-12-31,SSE:605100,1.0,1.0,equal,2022-04-30 16:00:00+00:00
SSE:688083,SSE:601766,2022-04-12 16:00:00+00:00,2023-10-14 16:00:00+00:00,1212884973,2021-12-31,SSE:688083,1.0,1.0,equal,2022-04-12 16:00:00+00:00
SSE:688171,SSE:600756,2022-04-27 16:00:00+00:00,2023-10-29 16:00:00+00:00,1213142223,2021-12-31,SSE:688171,1.0,1.0,equal,2022-04-27 16:00:00+00:00
SSE:688321,SSE:601607,2020-04-21 16:00:00+00:00,2021-10-23 16:00:00+00:00,1207543651,2019-12-31,SSE:688321,1.0,1.0,equal,2020-04-21 16:00:00+00:00
SSE:688321,SSE:601607,2021-03-31 16:00:00+00:00,2022-10-02 16:00:00+00:00,1209496856,2020-12-31,SSE:688321,1.0,1.0,equal,2021-03-31 16:00:00+00:00
SSE:688321,SSE:601607,2022-03-30 16:00:00+00:00,2023-10-01 16:00:00+00:00,1212725379,2021-12-31,SSE:688321,1.0,1.0,equal,2022-03-30 16:00:00+00:00
SSE:688329,SSE:600713,2021-04-30 16:00:00+00:00,2022-11-01 16:00:00+00:00,1209880332,2020-12-31,SSE:688329,1.0,1.0,equal,2021-04-30 16:00:00+00:00
SSE:688329,SSE:601607,2021-04-30 16:00:00+00:00,2022-11-01 16:00:00+00:00,1209880332,2020-12-31,SSE:688329,1.0,1.0,equal,2021-04-30 16:00:00+00:00
SSE:688336,SSE:601607,2022-03-29 16:00:00+00:00,2023-09-30 16:00:00+00:00,1212712311,2021-12-31,SSE:688336,1.0,1.0,equal,2022-03-29 16:00:00+00:00
SSE:688336,SZSE:000963,2022-03-29 16:00:00+00:00,2023-09-30 16:00:00+00:00,1212712311,2021-12-31,SSE:688336,1.0,1.0,equal,2022-03-29 16:00:00+00:00
SSE:688357,SZSE:300786,2022-03-10 16:00:00+00:00,2023-09-11 16:00:00+00:00,1212535676,2021-12-31,SSE:688357,1.0,1.0,equal,2022-03-10 16:00:00+00:00
SSE:688366,SSE:600056,2020-03-27 16:00:00+00:00,2021-09-28 16:00:00+00:00,1207410210,2019-12-31,SSE:688366,1.0,1.0,equal,2020-03-27 16:00:00+00:00
SSE:688366,SSE:600056,2020-04-15 16:00:00+00:00,2021-10-17 16:00:00+00:00,1207500156,2019-12-31,SSE:688366,1.0,1.0,equal,2020-04-15 16:00:00+00:00
SSE:688366,SZSE:300015,2020-03-27 16:00:00+00:00,2021-09-28 16:00:00+00:00,1207410210,2019-12-31,SSE:688366,1.0,1.0,equal,2020-03-27 16:00:00+00:00
SSE:688366,SZSE:300015,2020-04-15 16:00:00+00:00,2021-10-17 16:00:00+00:00,1207500156,2019-12-31,SSE:688366,1.0,1.0,equal,2020-04-15 16:00:00+00:00
SSE:688408,SSE:601179,2022-04-28 16:00:00+00:00,2023-10-30 16:00:00+00:00,1213174581,2021-12-31,SSE:688408,1.0,1.0,equal,2022-04-28 16:00:00+00:00
SSE:688408,SSE:601179,2022-06-01 16:00:00+00:00,2023-12-03 16:00:00+00:00,1213571931,2021-12-31,SSE:688408,1.0,1.0,equal,2022-06-01 16:00:00+00:00
SSE:688425,SSE:601186,2022-03-31 16:00:00+00:00,2023-10-02 16:00:00+00:00,1212743648,2021-12-31,SSE:688425,1.0,1.0,equal,2022-03-31 16:00:00+00:00
SSE:688553,SSE:600713,2022-04-07 16:00:00+00:00,2023-10-09 16:00:00+00:00,1212828946,2021-12-31,SSE:688553,1.0,1.0,equal,2022-04-07 16:00:00+00:00
SSE:688553,SSE:601607,2022-04-07 16:00:00+00:00,2023-10-09 16:00:00+00:00,1212828946,2021-12-31,SSE:688553,1.0,1.0,equal,2022-04-07 16:00:00+00:00
SSE:688553,SZSE:000950,2022-04-07 16:00:00+00:00,2023-10-09 16:00:00+00:00,1212828946,2021-12-31,SSE:688553,1.0,1.0,equal,2022-04-07 16:00:00+00:00
SSE:688799,SZSE:000650,2022-03-29 16:00:00+00:00,2023-09-30 16:00:00+00:00,1212711720,2021-12-31,SSE:688799,1.0,1.0,equal,2022-03-29 16:00:00+00:00
SZSE:000006,SZSE:002419,2015-04-01 16:00:00+00:00,2016-10-02 16:00:00+00:00,1200773722,2014-12-31,SZSE:000006,1.0,1.0,equal,2015-04-01 16:00:00+00:00
SZSE:000006,SZSE:002419,2016-03-30 16:00:00+00:00,2017-10-01 16:00:00+00:00,1202100061,2015-12-31,SZSE:000006,1.0,1.0,equal,2016-03-30 16:00:00+00:00
SZSE:000010,SZSE:300355,2020-05-29 16:00:00+00:00,2021-11-30 16:00:00+00:00,1207872099,2017-12-31,SZSE:000010,1.0,1.0,equal,2020-05-29 16:00:00+00:00
SZSE:000026,SZSE:002419,2016-03-10 16:00:00+00:00,2017-09-11 16:00:00+00:00,1202032585,2015-12-31,SZSE:000026,1.0,1.0,equal,2016-03-10 16:00:00+00:00
SZSE:000026,SZSE:002419,2017-03-10 16:00:00+00:00,2018-09-11 16:00:00+00:00,1203144755,2016-12-31,SZSE:000026,1.0,1.0,equal,2017-03-10 16:00:00+00:00
SZSE:000026,SZSE:002419,2018-03-10 16:00:00+00:00,2019-09-11 16:00:00+00:00,1204467252,2017-12-31,SZSE:000026,1.0,1.0,equal,2018-03-10 16:00:00+00:00
SZSE:000026,SZSE:002419,2019-03-15 16:00:00+00:00,2020-09-15 16:00:00+00:00,1205899665,2018-12-31,SZSE:000026,1.0,1.0,equal,2019-03-15 16:00:00+00:00
SZSE:000030,SZSE:000800,2017-04-01 16:00:00+00:00,2018-10-03 16:00:00+00:00,1203246057,2016-12-31,SZSE:000800,1.0,1.0,equal,2017-04-01 16:00:00+00:00
SZSE:000030,SZSE:000800,2017-04-28 16:00:00+00:00,2018-10-30 16:00:00+00:00,1203410621,2016-12-31,SZSE:000030,1.0,1.0,equal,2017-04-28 16:00:00+00:00
SZSE:000030,SZSE:000800,2018-05-03 16:00:00+00:00,2019-11-04 16:00:00+00:00,1204887489,2017-12-31,SZSE:000800,1.0,1.0,equal,2018-05-03 16:00:00+00:00
SZSE:000030,SZSE:000800,2019-03-30 16:00:00+00:00,2020-09-30 16:00:00+00:00,1205966224,2018-12-31,SZSE:000800,1.0,1.0,equal,2019-03-30 16:00:00+00:00
SZSE:000030,SZSE:000800,2020-03-28 16:00:00+00:00,2021-09-29 16:00:00+00:00,1207416685,2019-12-31,SZSE:000800,1.0,1.0,equal,2020-03-28 16:00:00+00:00
SZSE:000030,SZSE:000800,2020-04-23 16:00:00+00:00,2021-10-25 16:00:00+00:00,1207555398,2019-12-31,SZSE:000030,1.0,1.0,equal,2020-04-23 16:00:00+00:00
SZSE:000030,SZSE:000800,2021-03-31 16:00:00+00:00,2022-10-02 16:00:00+00:00,1209491585,2020-12-31,SZSE:000800,1.0,1.0,equal,2021-03-31 16:00:00+00:00
SZSE:000030,SZSE:000800,2022-03-31 16:00:00+00:00,2023-10-02 16:00:00+00:00,1212746472,2021-12-31,SZSE:000800,1.0,1.0,equal,2022-03-31 16:00:00+00:00
SZSE:000061,SZSE:002419,2015-04-30 16:00:00+00:00,2016-10-31 16:00:00+00:00,1200947065,2014-12-31,SZSE:000061,1.0,1.0,equal,2015-04-30 16:00:00+00:00
SZSE:000066,SSE:601988,2018-04-28 16:00:00+00:00,2019-10-30 16:00:00+00:00,1204822187,2017-12-31,SZSE:000066,1.0,1.0,equal,2018-04-28 16:00:00+00:00
SZSE:000066,SSE:688086,2022-04-30 16:00:00+00:00,2023-11-01 16:00:00+00:00,1213274169,2021-12-31,SSE:688086,1.0,1.0,equal,2022-04-30 16:00:00+00:00
SZSE:000066,SZSE:000748,2015-03-24 16:00:00+00:00,2016-09-24 16:00:00+00:00,1200730512,2014-12-31,SZSE:000748,1.0,1.0,equal,2015-03-24 16:00:00+00:00
SZSE:000066,SZSE:000748,2016-04-26 16:00:00+00:00,2017-10-28 16:00:00+00:00,1202238261,2015-12-31,SZSE:000748,1.0,1.0,equal,2016-04-26 16:00:00+00:00
SZSE:000066,SZSE:002312,2015-02-13 16:00:00+00:00,2016-08-16 16:00:00+00:00,1200632313,2013-12-31,SZSE:002312,1.0,1.0,equal,2015-02-13 16:00:00+00:00
SZSE:000066,SZSE:002312,2015-03-25 16:00:00+00:00,2016-09-25 16:00:00+00:00,1200738146,2014-12-31,SZSE:002312,1.0,1.0,equal,2015-03-25 16:00:00+00:00
SZSE:000089,SSE:600221,2016-03-25 16:00:00+00:00,2017-09-26 16:00:00+00:00,1202075644,2015-12-31,SZSE:000089,1.0,1.0,equal,2016-03-25 16:00:00+00:00
SZSE:000089,SSE:600221,2017-03-31 16:00:00+00:00,2018-10-02 16:00:00+00:00,1203237799,2016-12-31,SZSE:000089,1.0,1.0,equal,2017-03-31 16:00:00+00:00
SZSE:000089,SSE:600221,2018-03-31 16:00:00+00:00,2019-10-02 16:00:00+00:00,1204555257,2017-12-31,SZSE:000089,1.0,1.0,equal,2018-03-31 16:00:00+00:00
SZSE:000089,SSE:600221,2021-04-02 16:00:00+00:00,2022-10-04 16:00:00+00:00,1209626410,2020-12-31,SZSE:000089,1.0,1.0,equal,2021-04-02 16:00:00+00:00
SZSE:000089,SSE:600221,2022-04-09 16:00:00+00:00,2023-10-11 16:00:00+00:00,1212857408,2021-12-31,SZSE:000089,1.0,1.0,equal,2022-04-09 16:00:00+00:00
SZSE:000155,SZSE:000652,2018-03-15 16:00:00+00:00,2019-09-16 16:00:00+00:00,1204478362,2017-12-31,SZSE:000652,1.0,1.0,equal,2018-03-15 16:00:00+00:00
SZSE:000155,SZSE:000652,2019-04-25 16:00:00+00:00,2020-10-26 16:00:00+00:00,1206090268,2018-12-31,SZSE:000652,1.0,1.0,equal,2019-04-25 16:00:00+00:00
SZSE:000158,SSE:601988,2020-04-25 16:00:00+00:00,2021-10-27 16:00:00+00:00,1207603166,2019-12-31,SZSE:000158,1.0,1.0,equal,2020-04-25 16:00:00+00:00
SZSE:000158,SSE:601988,2021-04-28 16:00:00+00:00,2022-10-30 16:00:00+00:00,1209826586,2020-12-31,SZSE:000158,1.0,1.0,equal,2021-04-28 16:00:00+00:00
SZSE:000338,SSE:605100,2022-04-30 16:00:00+00:00,2023-11-01 16:00:00+00:00,1213272819,2021-12-31,SSE:605100,1.0,1.0,equal,2022-04-30 16:00:00+00:00
SZSE:000338,SZSE:000680,2020-03-27 16:00:00+00:00,2021-09-28 16:00:00+00:00,1207410680,2019-12-31,SZSE:000680,1.0,1.0,equal,2020-03-27 16:00:00+00:00
SZSE:000338,SZSE:000680,2021-04-29 16:00:00+00:00,2022-10-31 16:00:00+00:00,1209846070,2020-12-31,SZSE:000680,1.0,1.0,equal,2021-04-29 16:00:00+00:00
SZSE:000338,SZSE:000680,2022-03-29 16:00:00+00:00,2023-09-30 16:00:00+00:00,1212712525,2021-12-31,SZSE:000680,1.0,1.0,equal,2022-03-29 16:00:00+00:00
SZSE:000338,SZSE:000923,2016-06-17 03:46:35+00:00,2017-12-19 03:46:35+00:00,1202373073,2015-12-31,SZSE:000923,1.0,1.0,equal,2016-06-17 03:46:35+00:00
SZSE:000338,SZSE:000923,2017-04-26 16:00:00+00:00,2018-10-28 16:00:00+00:00,1203383874,2016-12-31,SZSE:000923,1.0,1.0,equal,2017-04-26 16:00:00+00:00
SZSE:000338,SZSE:000923,2020-06-24 16:00:00+00:00,2021-12-26 16:00:00+00:00,1207956477,2019-12-31,SZSE:000923,1.0,1.0,equal,2020-06-24 16:00:00+00:00
SZSE:000338,SZSE:000957,2015-03-31 16:00:00+00:00,2016-10-01 16:00:00+00:00,1200765340,2014-12-31,SZSE:000957,1.0,1.0,equal,2015-03-31 16:00:00+00:00
SZSE:000338,SZSE:300159,2022-04-28 16:00:00+00:00,2023-10-30 16:00:00+00:00,1213165841,2021-12-31,SZSE:300159,1.0,1.0,equal,2022-04-28 16:00:00+00:00
SZSE:000400,SZSE:002090,2015-04-07 16:00:00+00:00,2016-10-08 16:00:00+00:00,1200789342,2014-12-31,SZSE:002090,1.0,1.0,equal,2015-04-07 16:00:00+00:00
SZSE:000404,SSE:603320,2022-04-14 16:00:00+00:00,2023-10-16 16:00:00+00:00,1212910707,2021-12-31,SSE:603320,1.0,1.0,equal,2022-04-14 16:00:00+00:00
SZSE:000407,SZSE:000554,2015-03-07 16:00:00+00:00,2016-09-07 16:00:00+00:00,1200676857,2014-12-31,SZSE:000407,1.0,1.0,equal,2015-03-07 16:00:00+00:00
SZSE:000407,SZSE:000554,2016-05-23 16:00:00+00:00,2017-11-24 16:00:00+00:00,1202333177,2015-12-31,SZSE:000407,1.0,1.0,equal,2016-05-23 16:00:00+00:00
SZSE:000408,SZSE:002539,2017-04-29 16:00:00+00:00,2018-10-31 16:00:00+00:00,1203425725,2016-12-31,SZSE:000408,1.0,1.0,equal,2017-04-29 16:00:00+00:00
SZSE:000408,SZSE:002539,2018-04-28 16:00:00+00:00,2019-10-30 16:00:00+00:00,1204825759,2017-12-31,SZSE:000408,1.0,1.0,equal,2018-04-28 16:00:00+00:00
SZSE:000409,SSE:600188,2021-03-20 16:00:00+00:00,2022-09-21 16:00:00+00:00,1209417658,2020-12-31,SZSE:000409,1.0,1.0,equal,2021-03-20 16:00:00+00:00
SZSE:000410,SZSE:002204,2021-04-29 16:00:00+00:00,2022-10-31 16:00:00+00:00,1209855622,2020-12-31,SZSE:000410,1.0,1.0,equal,2021-04-29 16:00:00+00:00
SZSE:000410,SZSE:002204,2022-04-16 16:00:00+00:00,2023-10-18 16:00:00+00:00,1212943999,2021-12-31,SZSE:000410,1.0,1.0,equal,2022-04-16 16:00:00+00:00
SZSE:000420,SZSE:002127,2015-04-09 16:00:00+00:00,2016-10-10 16:00:00+00:00,1200801112,2014-12-31,SZSE:002127,1.0,1.0,equal,2015-04-09 16:00:00+00:00
SZSE:000488,SSE:600755,2017-02-18 16:00:00+00:00,2018-08-22 16:00:00+00:00,1203091253,2016-12-31,SZSE:000488,1.0,1.0,equal,2017-02-18 16:00:00+00:00
SZSE:000488,SZSE:002605,2015-03-27 16:00:00+00:00,2016-09-27 16:00:00+00:00,1200747401,2014-12-31,SZSE:000488,1.0,1.0,equal,2015-03-27 16:00:00+00:00
SZSE:000488,SZSE:002605,2016-03-31 16:00:00+00:00,2017-10-02 16:00:00+00:00,1202111959,2015-12-31,SZSE:000488,1.0,1.0,equal,2016-03-31 16:00:00+00:00
SZSE:000488,SZSE:002605,2017-02-18 16:00:00+00:00,2018-08-22 16:00:00+00:00,1203091253,2016-12-31,SZSE:000488,1.0,1.0,equal,2017-02-18 16:00:00+00:00
SZSE:000488,SZSE:300057,2021-04-10 16:00:00+00:00,2022-10-12 16:00:00+00:00,1209666588,2020-12-31,SZSE:300057,1.0,1.0,equal,2021-04-10 16:00:00+00:00
SZSE:000488,SZSE:300057,2022-03-30 16:00:00+00:00,2023-10-01 16:00:00+00:00,1212724560,2021-12-31,SZSE:300057,1.0,1.0,equal,2022-03-30 16:00:00+00:00
SZSE:000507,SZSE:000898,2022-04-27 16:00:00+00:00,2023-10-29 16:00:00+00:00,1213142101,2021-12-31,SZSE:000507,1.0,1.0,equal,2022-04-27 16:00:00+00:00
SZSE:000518,SSE:600518,2018-06-20 16:00:00+00:00,2019-12-22 16:00:00+00:00,1205066329,2017-12-31,SZSE:000518,1.0,1.0,equal,2018-06-20 16:00:00+00:00
SZSE:000520,SSE:601005,2016-04-12 16:00:00+00:00,2017-10-14 16:00:00+00:00,1202164317,2015-12-31,SZSE:000520,1.0,1.0,equal,2016-04-12 16:00:00+00:00
SZSE:000538,SSE:603998,2016-03-30 16:00:00+00:00,2017-10-01 16:00:00+00:00,1202098433,2015-12-31,SSE:603998,1.0,1.0,equal,2016-03-30 16:00:00+00:00
SZSE:000538,SSE:603998,2017-04-19 16:00:00+00:00,2018-10-21 16:00:00+00:00,1203324298,2016-12-31,SSE:603998,1.0,1.0,equal,2017-04-19 16:00:00+00:00
SZSE:000538,SZSE:002390,2017-04-06 16:00:00+00:00,2018-10-08 16:00:00+00:00,1203254244,2016-12-31,SZSE:002390,1.0,1.0,equal,2017-04-06 16:00:00+00:00
SZSE:000538,SZSE:002390,2019-04-29 16:00:00+00:00,2020-10-30 16:00:00+00:00,1206121746,2018-12-31,SZSE:002390,1.0,1.0,equal,2019-04-29 16:00:00+00:00
SZSE:000538,SZSE:002433,2019-04-10 16:00:00+00:00,2020-10-11 16:00:00+00:00,1206002568,2018-12-31,SZSE:002433,1.0,1.0,equal,2019-04-10 16:00:00+00:00
SZSE:000559,SZSE:000030,2015-04-29 16:00:00+00:00,2016-10-30 16:00:00+00:00,1200932666,2014-12-31,SZSE:000030,1.0,1.0,equal,2015-04-29 16:00:00+00:00
SZSE:000559,SZSE:000030,2018-04-26 16:00:00+00:00,2019-10-28 16:00:00+00:00,1204789699,2017-12-31,SZSE:000030,1.0,1.0,equal,2018-04-26 16:00:00+00:00
SZSE:000559,SZSE:000030,2019-04-30 16:00:00+00:00,2020-10-31 16:00:00+00:00,1206158023,2018-12-31,SZSE:000030,1.0,1.0,equal,2019-04-30 16:00:00+00:00
SZSE:000559,SZSE:000030,2021-04-29 16:00:00+00:00,2022-10-31 16:00:00+00:00,1209854765,2020-12-31,SZSE:000030,1.0,1.0,equal,2021-04-29 16:00:00+00:00
SZSE:000559,SZSE:000572,2017-02-28 16:00:00+00:00,2018-09-01 16:00:00+00:00,1203110599,2016-12-31,SZSE:000559,1.0,1.0,equal,2017-02-28 16:00:00+00:00
SZSE:000581,SZSE:000903,2018-04-27 16:00:00+00:00,2019-10-29 16:00:00+00:00,1204799500,2017-12-31,SZSE:000903,1.0,1.0,equal,2018-04-27 16:00:00+00:00
SZSE:000597,SZSE:000963,2019-04-03 16:00:00+00:00,2020-10-04 16:00:00+00:00,1205987498,2018-12-31,SZSE:000597,1.0,1.0,equal,2019-04-03 16:00:00+00:00
SZSE:000597,SZSE:002693,2017-04-20 16:00:00+00:00,2018-10-22 16:00:00+00:00,1203332581,2016-12-31,SZSE:002693,1.0,1.0,equal,2017-04-20 16:00:00+00:00
SZSE:000597,SZSE:002693,2019-04-19 16:00:00+00:00,2020-10-20 16:00:00+00:00,1206052492,2018-12-31,SZSE:002693,1.0,1.0,equal,2019-04-19 16:00:00+00:00
SZSE:000597,SZSE:002693,2021-04-21 16:00:00+00:00,2022-10-23 16:00:00+00:00,1209737080,2020-12-31,SZSE:002693,1.0,1.0,equal,2021-04-21 16:00:00+00:00
SZSE:000597,SZSE:002693,2022-04-08 16:00:00+00:00,2023-10-10 16:00:00+00:00,1212838083,2021-12-31,SZSE:002693,1.0,1.0,equal,2022-04-08 16:00:00+00:00
SZSE:000622,SZSE:000157,2020-04-23 16:00:00+00:00,2021-10-25 16:00:00+00:00,1207554673,2019-12-31,SZSE:000622,1.0,1.0,equal,2020-04-23 16:00:00+00:00
SZSE:000622,SZSE:000157,2021-04-22 16:00:00+00:00,2022-10-24 16:00:00+00:00,1209757301,2020-12-31,SZSE:000622,1.0,1.0,equal,2021-04-22 16:00:00+00:00
SZSE:000626,SSE:600028,2020-04-24 16:00:00+00:00,2021-10-26 16:00:00+00:00,1207583747,2019-12-31,SZSE:000626,1.0,1.0,equal,2020-04-24 16:00:00+00:00
SZSE:000626,SSE:600028,2021-04-24 16:00:00+00:00,2022-10-26 16:00:00+00:00,1209787910,2020-12-31,SZSE:000626,1.0,1.0,equal,2021-04-24 16:00:00+00:00
SZSE:000629,SZSE:000898,2022-03-29 16:00:00+00:00,2023-09-30 16:00:00+00:00,1212710834,2021-12-31,SZSE:000629,1.0,1.0,equal,2022-03-29 16:00:00+00:00
SZSE:000630,SZSE:002171,2015-03-10 16:00:00+00:00,2016-09-10 16:00:00+00:00,1200683785,2014-12-31,SZSE:002171,1.0,1.0,equal,2015-03-10 16:00:00+00:00
SZSE:000657,SSE:600549,2019-04-19 16:00:00+00:00,2020-10-20 16:00:00+00:00,1206052955,2018-12-31,SZSE:000657,1.0,1.0,equal,2019-04-19 16:00:00+00:00
SZSE:000668,SZSE:000686,2020-06-06 16:00:00+00:00,2021-12-08 16:00:00+00:00,1207900295,2019-12-31,SZSE:000668,1.0,1.0,equal,2020-06-06 16:00:00+00:00
SZSE:000678,SZSE:002594,2015-04-25 16:00:00+00:00,2016-10-26 16:00:00+00:00,1200904872,2014-12-31,SZSE:000678,1.0,1.0,equal,2015-04-25 16:00:00+00:00
SZSE:000678,SZSE:002594,2016-04-27 16:00:00+00:00,2017-10-29 16:00:00+00:00,1202248691,2015-12-31,SZSE:000678,1.0,1.0,equal,2016-04-27 16:00:00+00:00
SZSE:000683,SSE:600552,2019-04-23 16:00:00+00:00,2020-10-24 16:00:00+00:00,1206066685,2018-12-31,SZSE:000683,1.0,1.0,equal,2019-04-23 16:00:00+00:00
SZSE:000683,SSE:600691,2018-02-28 16:00:00+00:00,2019-09-01 16:00:00+00:00,1204433508,2017-12-31,SZSE:000683,1.0,1.0,equal,2018-02-28 16:00:00+00:00
SZSE:000688,SSE:601212,2020-04-10 16:00:00+00:00,2021-10-12 16:00:00+00:00,1207472332,2019-12-31,SZSE:000688,1.0,1.0,equal,2020-04-10 16:00:00+00:00
SZSE:000708,SZSE:000559,2020-04-20 16:00:00+00:00,2021-10-22 16:00:00+00:00,1207524232,2019-12-31,SZSE:000559,1.0,1.0,equal,2020-04-20 16:00:00+00:00
SZSE:000708,SZSE:000595,2019-04-30 16:00:00+00:00,2020-10-31 16:00:00+00:00,1206161172,2018-12-31,SZSE:000595,1.0,1.0,equal,2019-04-30 16:00:00+00:00
SZSE:000708,SZSE:002122,2017-05-13 16:00:00+00:00,2018-11-14 16:00:00+00:00,1203515823,2016-12-31,SZSE:002122,1.0,1.0,equal,2017-05-13 16:00:00+00:00
SZSE:000708,SZSE:300421,2020-04-28 16:00:00+00:00,2021-10-30 16:00:00+00:00,1207638267,2019-12-31,SZSE:300421,1.0,1.0,equal,2020-04-28 16:00:00+00:00
SZSE:000708,SZSE:300421,2021-04-10 16:00:00+00:00,2022-10-12 16:00:00+00:00,1209665120,2020-12-31,SZSE:300421,1.0,1.0,equal,2021-04-10 16:00:00+00:00
SZSE:000708,SZSE:300652,2020-04-23 16:00:00+00:00,2021-10-25 16:00:00+00:00,1207556744,2019-12-31,SZSE:300652,1.0,1.0,equal,2020-04-23 16:00:00+00:00
SZSE:000709,SSE:603768,2022-04-28 16:00:00+00:00,2023-10-30 16:00:00+00:00,1213172934,2021-12-31,SSE:603768,1.0,1.0,equal,2022-04-28 16:00:00+00:00
SZSE:000709,SZSE:000039,2019-03-28 16:00:00+00:00,2020-09-28 16:00:00+00:00,1205949471,2018-12-31,SZSE:000039,1.0,1.0,equal,2019-03-28 16:00:00+00:00
SZSE:000709,SZSE:000723,2016-06-28 16:00:00+00:00,2017-12-30 16:00:00+00:00,1202418078,2015-12-31,SZSE:000723,1.0,1.0,equal,2016-06-28 16:00:00+00:00
SZSE:000709,SZSE:000723,2017-06-20 16:00:00+00:00,2018-12-22 16:00:00+00:00,1203631336,2016-12-31,SZSE:000723,1.0,1.0,equal,2017-06-20 16:00:00+00:00
SZSE:000710,SZSE:000572,2017-02-28 16:00:00+00:00,2018-09-01 16:00:00+00:00,1203112034,2016-12-31,SZSE:000710,1.0,1.0,equal,2017-02-28 16:00:00+00:00
SZSE:000723,SZSE:000709,2015-04-30 16:00:00+00:00,2016-10-31 16:00:00+00:00,1200944459,2014-12-31,SZSE:000723,1.0,1.0,equal,2015-04-30 16:00:00+00:00
SZSE:000723,SZSE:000709,2016-06-28 16:00:00+00:00,2017-12-30 16:00:00+00:00,1202418078,2015-12-31,SZSE:000723,1.0,1.0,equal,2016-06-28 16:00:00+00:00
SZSE:000723,SZSE:000709,2017-06-20 16:00:00+00:00,2018-12-22 16:00:00+00:00,1203631336,2016-12-31,SZSE:000723,1.0,1.0,equal,2017-06-20 16:00:00+00:00
SZSE:000723,SZSE:000898,2018-06-07 16:00:00+00:00,2019-12-09 16:00:00+00:00,1205041243,2017-12-31,SZSE:000723,1.0,1.0,equal,2018-06-07 16:00:00+00:00
SZSE:000723,SZSE:000898,2020-04-25 16:00:00+00:00,2021-10-27 16:00:00+00:00,1207606679,2019-12-31,SZSE:000723,1.0,1.0,equal,2020-04-25 16:00:00+00:00
SZSE:000748,SSE:601988,2016-04-26 16:00:00+00:00,2017-10-28 16:00:00+00:00,1202238261,2015-12-31,SZSE:000748,1.0,1.0,equal,2016-04-26 16:00:00+00:00
SZSE:000751,SZSE:000709,2019-04-23 16:00:00+00:00,2020-10-24 16:00:00+00:00,1206066058,2018-12-31,SZSE:000751,1.0,1.0,equal,2019-04-23 16:00:00+00:00
SZSE:000751,SZSE:000709,2020-05-08 16:00:00+00:00,2021-11-09 16:00:00+00:00,1207713308,2019-12-31,SZSE:000751,1.0,1.0,equal,2020-05-08 16:00:00+00:00
SZSE:000751,SZSE:000709,2021-04-02 16:00:00+00:00,2022-10-04 16:00:00+00:00,1209614861,2020-12-31,SZSE:000751,1.0,1.0,equal,2021-04-02 16:00:00+00:00
SZSE:000751,SZSE:000898,2015-04-23 16:00:00+00:00,2016-10-24 16:00:00+00:00,1200890396,2014-12-31,SZSE:000751,1.0,1.0,equal,2015-04-23 16:00:00+00:00
SZSE:000751,SZSE:000898,2016-04-23 16:00:00+00:00,2017-10-25 16:00:00+00:00,1202226222,2015-12-31,SZSE:000751,1.0,1.0,equal,2016-04-23 16:00:00+00:00
SZSE:000751,SZSE:000898,2019-04-23 16:00:00+00:00,2020-10-24 16:00:00+00:00,1206066058,2018-12-31,SZSE:000751,1.0,1.0,equal,2019-04-23 16:00:00+00:00
SZSE:000761,SZSE:000595,2018-05-17 16:00:00+00:00,2019-11-18 16:00:00+00:00,1204948469,2017-12-31,SZSE:000595,1.0,1.0,equal,2018-05-17 16:00:00+00:00
SZSE:000761,SZSE:000595,2019-04-30 16:00:00+00:00,2020-10-31 16:00:00+00:00,1206161172,2018-12-31,SZSE:000595,1.0,1.0,equal,2019-04-30 16:00:00+00:00
SZSE:000778,SSE:600188,2016-04-19 16:00:00+00:00,2017-10-21 16:00:00+00:00,1202197170,2015-12-31,SZSE:000778,1.0,1.0,equal,2016-04-19 16:00:00+00:00
SZSE:000778,SZSE:000598,2016-03-05 16:00:00+00:00,2017-09-06 16:00:00+00:00,1202023611,2015-12-31,SZSE:000598,1.0,1.0,equal,2016-03-05 16:00:00+00:00
SZSE:000778,SZSE:000598,2017-03-29 16:00:00+00:00,2018-09-30 16:00:00+00:00,1203215751,2016-12-31,SZSE:000598,1.0,1.0,equal,2017-03-29 16:00:00+00:00
SZSE:000778,SZSE:000598,2018-06-26 16:00:00+00:00,2019-12-28 16:00:00+00:00,1205089687,2017-12-31,SZSE:000598,1.0,1.0,equal,2018-06-26 16:00:00+00:00
SZSE:000778,SZSE:000598,2019-03-08 16:00:00+00:00,2020-09-08 16:00:00+00:00,1205885023,2018-12-31,SZSE:000598,1.0,1.0,equal,2019-03-08 16:00:00+00:00
SZSE:000778,SZSE:000598,2020-04-02 16:00:00+00:00,2021-10-04 16:00:00+00:00,1207448969,2019-12-31,SZSE:000598,1.0,1.0,equal,2020-04-02 16:00:00+00:00
SZSE:000778,SZSE:000598,2022-04-22 16:00:00+00:00,2023-10-24 16:00:00+00:00,1213023599,2021-12-31,SZSE:000598,1.0,1.0,equal,2022-04-22 16:00:00+00:00
SZSE:000778,SZSE:300422,2017-03-10 16:00:00+00:00,2018-09-11 16:00:00+00:00,1203145874,2016-12-31,SZSE:300422,1.0,1.0,equal,2017-03-10 16:00:00+00:00
SZSE:000782,SSE:600143,2022-03-30 16:00:00+00:00,2023-10-01 16:00:00+00:00,1212725834,2021-12-31,SZSE:000782,1.0,1.0,equal,2022-03-30 16:00:00+00:00
SZSE:000792,SZSE:000902,2015-04-02 16:00:00+00:00,2016-10-03 16:00:00+00:00,1200778909,2014-12-31,SZSE:000902,1.0,1.0,equal,2015-04-02 16:00:00+00:00
SZSE:000792,SZSE:002539,2022-04-15 16:00:00+00:00,2023-10-17 16:00:00+00:00,1212919013,2021-12-31,SZSE:002539,1.0,1.0,equal,2022-04-15 16:00:00+00:00
SZSE:000792,SZSE:002588,2016-04-21 16:00:00+00:00,2017-10-23 16:00:00+00:00,1202210035,2015-12-31,SZSE:000792,1.0,1.0,equal,2016-04-21 16:00:00+00:00
SZSE:000792,SZSE:002588,2019-04-27 16:00:00+00:00,2020-10-28 16:00:00+00:00,1206118144,2018-12-31,SZSE:000792,1.0,1.0,equal,2019-04-27 16:00:00+00:00
SZSE:000795,SZSE:002045,2017-03-10 16:00:00+00:00,2018-09-11 16:00:00+00:00,1203146516,2016-12-31,SZSE:000795,1.0,1.0,equal,2017-03-10 16:00:00+00:00
SZSE:000795,SZSE:002045,2018-03-09 16:00:00+00:00,2019-09-10 16:00:00+00:00,1204464389,2017-12-31,SZSE:000795,1.0,1.0,equal,2018-03-09 16:00:00+00:00
SZSE:000795,SZSE:002045,2019-03-08 16:00:00+00:00,2020-09-08 16:00:00+00:00,1205885681,2018-12-31,SZSE:000795,1.0,1.0,equal,2019-03-08 16:00:00+00:00
SZSE:000796,SSE:600221,2015-05-23 16:00:00+00:00,2016-11-23 16:00:00+00:00,1201050458,2014-12-31,SZSE:000796,1.0,1.0,equal,2015-05-23 16:00:00+00:00
SZSE:000796,SSE:600221,2016-05-28 16:00:00+00:00,2017-11-29 16:00:00+00:00,1202344050,2015-12-31,SZSE:000796,1.0,1.0,equal,2016-05-28 16:00:00+00:00
SZSE:000800,SZSE:000927,2017-05-10 16:00:00+00:00,2018-11-11 16:00:00+00:00,1203487361,2016-12-31,SZSE:000927,1.0,1.0,equal,2017-05-10 16:00:00+00:00
SZSE:000800,SZSE:000927,2019-03-30 16:00:00+00:00,2020-09-30 16:00:00+00:00,1205966677,2018-12-31,SZSE:000927,1.0,1.0,equal,2019-03-30 16:00:00+00:00
SZSE:000800,SZSE:002048,2015-04-24 16:00:00+00:00,2016-10-25 16:00:00+00:00,1200895320,2014-12-31,SZSE:002048,1.0,1.0,equal,2015-04-24 16:00:00+00:00
SZSE:000800,SZSE:002048,2016-04-27 16:00:00+00:00,2017-10-29 16:00:00+00:00,1202248665,2015-12-31,SZSE:002048,1.0,1.0,equal,2016-04-27 16:00:00+00:00
SZSE:000800,SZSE:002048,2017-04-19 16:00:00+00:00,2018-10-21 16:00:00+00:00,1203324851,2016-12-31,SZSE:002048,1.0,1.0,equal,2017-04-19 16:00:00+00:00
SZSE:000807,SSE:601600,2022-03-22 16:00:00+00:00,2023-09-23 16:00:00+00:00,1212634984,2021-12-31,SZSE:000807,1.0,1.0,equal,2022-03-22 16:00:00+00:00
SZSE:000818,SZSE:000420,2017-04-29 16:00:00+00:00,2018-10-31 16:00:00+00:00,1203424129,2016-12-31,SZSE:000818,1.0,1.0,equal,2017-04-29 16:00:00+00:00
SZSE:000818,SZSE:000420,2018-03-03 16:00:00+00:00,2019-09-04 16:00:00+00:00,1204446547,2017-12-31,SZSE:000818,1.0,1.0,equal,2018-03-03 16:00:00+00:00
SZSE:000818,SZSE:000420,2019-04-16 16:00:00+00:00,2020-10-17 16:00:00+00:00,1206021742,2018-12-31,SZSE:000818,1.0,1.0,equal,2019-04-16 16:00:00+00:00
SZSE:000818,SZSE:000420,2020-04-09 16:00:00+00:00,2021-10-11 16:00:00+00:00,1207467139,2019-12-31,SZSE:000818,1.0,1.0,equal,2020-04-09 16:00:00+00:00
SZSE:000818,SZSE:000420,2021-04-21 16:00:00+00:00,2022-10-23 16:00:00+00:00,1209738910,2020-12-31,SZSE:000818,1.0,1.0,equal,2021-04-21 16:00:00+00:00
SZSE:000818,SZSE:000420,2022-04-28 16:00:00+00:00,2023-10-30 16:00:00+00:00,1213163167,2021-12-31,SZSE:000818,1.0,1.0,equal,2022-04-28 16:00:00+00:00
SZSE:000825,SSE:600569,2022-04-23 16:00:00+00:00,2023-10-25 16:00:00+00:00,1213056384,2021-12-31,SZSE:000825,1.0,1.0,equal,2022-04-23 16:00:00+00:00
SZSE:000825,SSE:601766,2020-04-25 16:00:00+00:00,2021-10-27 16:00:00+00:00,1207600394,2019-12-31,SZSE:000825,1.0,1.0,equal,2020-04-25 16:00:00+00:00
SZSE:000825,SZSE:000039,2020-04-25 16:00:00+00:00,2021-10-27 16:00:00+00:00,1207600394,2019-12-31,SZSE:000825,1.0,1.0,equal,2020-04-25 16:00:00+00:00
SZSE:000825,SZSE:000039,2021-04-24 16:00:00+00:00,2022-10-26 16:00:00+00:00,1209788585,2020-12-31,SZSE:000825,1.0,1.0,equal,2021-04-24 16:00:00+00:00
SZSE:000825,SZSE:000039,2022-04-23 16:00:00+00:00,2023-10-25 16:00:00+00:00,1213056384,2021-12-31,SZSE:000825,1.0,1.0,equal,2022-04-23 16:00:00+00:00
SZSE:000850,SZSE:002034,2015-04-30 16:00:00+00:00,2016-10-31 16:00:00+00:00,1200945259,2014-12-31,SZSE:000850,1.0,1.0,equal,2015-04-30 16:00:00+00:00
SZSE:000876,SZSE:000895,2021-04-30 16:00:00+00:00,2022-11-01 16:00:00+00:00,1209869152,2020-12-31,SZSE:000876,1.0,1.0,equal,2021-04-30 16:00:00+00:00
SZSE:000876,SZSE:000895,2022-04-28 16:00:00+00:00,2023-10-30 16:00:00+00:00,1213172601,2021-12-31,SZSE:000876,1.0,1.0,equal,2022-04-28 16:00:00+00:00
SZSE:000876,SZSE:002726,2021-04-30 16:00:00+00:00,2022-11-01 16:00:00+00:00,1209869152,2020-12-31,SZSE:000876,1.0,1.0,equal,2021-04-30 16:00:00+00:00
SZSE:000876,SZSE:002726,2022-04-28 16:00:00+00:00,2023-10-30 16:00:00+00:00,1213172601,2021-12-31,SZSE:000876,1.0,1.0,equal,2022-04-28 16:00:00+00:00
SZSE:000878,SSE:600362,2020-04-10 16:00:00+00:00,2021-10-12 16:00:00+00:00,1207473633,2019-12-31,SZSE:000878,1.0,1.0,equal,2020-04-10 16:00:00+00:00
SZSE:000878,SSE:600362,2021-03-30 16:00:00+00:00,2022-10-01 16:00:00+00:00,1209475398,2020-12-31,SZSE:000878,1.0,1.0,equal,2021-03-30 16:00:00+00:00
SZSE:000878,SZSE:300120,2019-04-12 16:00:00+00:00,2020-10-13 16:00:00+00:00,1206010489,2018-12-31,SZSE:300120,1.0,1.0,equal,2019-04-12 16:00:00+00:00
SZSE:000882,SSE:600361,2016-06-16 16:00:00+00:00,2017-12-18 16:00:00+00:00,1202370496,2015-12-31,SZSE:000882,1.0,1.0,equal,2016-06-16 16:00:00+00:00
SZSE:000898,SZSE:000039,2015-03-25 16:00:00+00:00,2016-09-25 16:00:00+00:00,1200737143,2014-12-31,SZSE:000039,1.0,1.0,equal,2015-03-25 16:00:00+00:00
SZSE:000898,SZSE:000039,2016-03-29 16:00:00+00:00,2017-09-30 16:00:00+00:00,1202090781,2015-12-31,SZSE:000039,1.0,1.0,equal,2016-03-29 16:00:00+00:00
SZSE:000898,SZSE:000039,2018-03-28 16:00:00+00:00,2019-09-29 16:00:00+00:00,1204526486,2017-12-31,SZSE:000039,1.0,1.0,equal,2018-03-28 16:00:00+00:00
SZSE:000898,SZSE:000629,2022-03-29 16:00:00+00:00,2023-09-30 16:00:00+00:00,1212710834,2021-12-31,SZSE:000629,1.0,1.0,equal,2022-03-29 16:00:00+00:00
SZSE:000898,SZSE:000922,2015-05-23 16:00:00+00:00,2016-11-23 16:00:00+00:00,1201049388,2014-12-31,SZSE:000922,1.0,1.0,equal,2015-05-23 16:00:00+00:00
SZSE:000898,SZSE:000922,2018-11-21 16:00:00+00:00,2020-05-24 16:00:00+00:00,1205619656,2017-12-31,SZSE:000922,1.0,1.0,equal,2018-11-21 16:00:00+00:00
SZSE:000898,SZSE:002488,2015-04-18 16:00:00+00:00,2016-10-19 16:00:00+00:00,1200861863,2014-12-31,SZSE:002488,1.0,1.0,equal,2015-04-18 16:00:00+00:00
SZSE:000898,SZSE:002667,2015-04-16 16:00:00+00:00,2016-10-17 16:00:00+00:00,1200838552,2014-12-31,SZSE:002667,1.0,1.0,equal,2015-04-16 16:00:00+00:00
SZSE:000898,SZSE:002667,2016-02-25 16:00:00+00:00,2017-08-28 16:00:00+00:00,1201997458,2015-12-31,SZSE:002667,1.0,1.0,equal,2016-02-25 16:00:00+00:00
SZSE:000898,SZSE:002667,2017-04-26 16:00:00+00:00,2018-10-28 16:00:00+00:00,1203382167,2016-12-31,SZSE:002667,1.0,1.0,equal,2017-04-26 16:00:00+00:00
SZSE:000898,SZSE:002667,2018-03-21 16:00:00+00:00,2019-09-22 16:00:00+00:00,1204495066,2017-12-31,SZSE:002667,1.0,1.0,equal,2018-03-21 16:00:00+00:00
SZSE:000898,SZSE:002667,2019-06-04 16:00:00+00:00,2020-12-05 16:00:00+00:00,1206325806,2018-12-31,SZSE:002667,1.0,1.0,equal,2019-06-04 16:00:00+00:00
SZSE:000898,SZSE:002667,2020-04-28 16:00:00+00:00,2021-10-30 16:00:00+00:00,1207634549,2019-12-31,SZSE:002667,1.0,1.0,equal,2020-04-28 16:00:00+00:00
SZSE:000906,SSE:600408,2022-04-16 16:00:00+00:00,2023-10-18 16:00:00+00:00,1212943373,2021-12-31,SSE:600408,1.0,1.0,equal,2022-04-16 16:00:00+00:00
SZSE:000911,SZSE:000833,2016-03-12 16:00:00+00:00,2017-09-13 16:00:00+00:00,1202040878,2015-12-31,SZSE:000833,1.0,1.0,equal,2016-03-12 16:00:00+00:00
SZSE:000912,SZSE:002064,2015-04-08 16:00:00+00:00,2016-10-09 16:00:00+00:00,1200797258,2014-12-31,SZSE:000912,1.0,1.0,equal,2015-04-08 16:00:00+00:00
SZSE:000923,SZSE:000709,2016-06-17 03:46:35+00:00,2017-12-19 03:46:35+00:00,1202373073,2015-12-31,SZSE:000923,1.0,1.0,equal,2016-06-17 03:46:35+00:00
SZSE:000923,SZSE:000709,2017-04-26 16:00:00+00:00,2018-10-28 16:00:00+00:00,1203383874,2016-12-31,SZSE:000923,1.0,1.0,equal,2017-04-26 16:00:00+00:00
SZSE:000929,SSE:600132,2019-02-01 16:00:00+00:00,2020-08-04 16:00:00+00:00,1205817229,2018-12-31,SZSE:000929,1.0,1.0,equal,2019-02-01 16:00:00+00:00
SZSE:000929,SSE:600132,2020-04-15 16:00:00+00:00,2021-10-17 16:00:00+00:00,1207498289,2019-12-31,SZSE:000929,1.0,1.0,equal,2020-04-15 16:00:00+00:00
SZSE:000929,SSE:600132,2021-04-23 16:00:00+00:00,2022-10-25 16:00:00+00:00,1209773580,2020-12-31,SZSE:000929,1.0,1.0,equal,2021-04-23 16:00:00+00:00
SZSE:000929,SSE:600600,2016-04-06 16:00:00+00:00,2017-10-08 16:00:00+00:00,1202138839,2015-12-31,SZSE:000929,1.0,1.0,equal,2016-04-06 16:00:00+00:00
SZSE:000937,SZSE:000709,2020-04-30 16:00:00+00:00,2021-11-01 16:00:00+00:00,1207677912,2019-12-31,SZSE:000709,1.0,1.0,equal,2020-04-30 16:00:00+00:00
SZSE:000938,SZSE:300013,2015-04-10 16:00:00+00:00,2016-10-11 16:00:00+00:00,1200803720,2014-12-31,SZSE:000938,1.0,1.0,equal,2015-04-10 16:00:00+00:00
SZSE:000949,SZSE:002127,2015-04-09 16:00:00+00:00,2016-10-10 16:00:00+00:00,1200801112,2014-12-31,SZSE:002127,1.0,1.0,equal,2015-04-09 16:00:00+00:00
SZSE:000951,SZSE:300527,2022-04-27 16:00:00+00:00,2023-10-29 16:00:00+00:00,1213144839,2021-12-31,SZSE:300527,1.0,1.0,equal,2022-04-27 16:00:00+00:00
SZSE:000951,SZSE:300527,2022-04-28 16:00:00+00:00,2023-10-30 16:00:00+00:00,1213161153,2021-12-31,SZSE:300527,1.0,1.0,equal,2022-04-28 16:00:00+00:00
SZSE:000961,SSE:601155,2020-04-28 16:00:00+00:00,2021-10-30 16:00:00+00:00,1207644111,2019-12-31,SZSE:000961,1.0,1.0,equal,2020-04-28 16:00:00+00:00
SZSE:000983,SZSE:000709,2016-04-26 16:00:00+00:00,2017-10-28 16:00:00+00:00,1202240036,2015-12-31,SZSE:000983,1.0,1.0,equal,2016-04-26 16:00:00+00:00
SZSE:000983,SZSE:000709,2018-04-24 16:00:00+00:00,2019-10-26 16:00:00+00:00,1204702035,2017-12-31,SZSE:000983,1.0,1.0,equal,2018-04-24 16:00:00+00:00
SZSE:000983,SZSE:000709,2019-04-23 16:00:00+00:00,2020-10-24 16:00:00+00:00,1206067931,2018-12-31,SZSE:000983,1.0,1.0,equal,2019-04-23 16:00:00+00:00
SZSE:000983,SZSE:000789,2018-06-14 16:00:00+00:00,2019-12-16 16:00:00+00:00,1205058058,2017-12-31,SZSE:000789,1.0,1.0,equal,2018-06-14 16:00:00+00:00
SZSE:000983,SZSE:000789,2019-03-29 16:00:00+00:00,2020-09-29 16:00:00+00:00,1205955127,2018-12-31,SZSE:000789,1.0,1.0,equal,2019-03-29 16:00:00+00:00
SZSE:000983,SZSE:000825,2022-04-23 16:00:00+00:00,2023-10-25 16:00:00+00:00,1213056384,2021-12-31,SZSE:000825,1.0,1.0,equal,2022-04-23 16:00:00+00:00
SZSE:002024,SZSE:000938,2016-04-30 16:00:00+00:00,2017-11-01 16:00:00+00:00,1202280476,2015-12-31,SZSE:000938,1.0,1.0,equal,2016-04-30 16:00:00+00:00
SZSE:002030,SZSE:300887,2022-04-23 16:00:00+00:00,2023-10-25 16:00:00+00:00,1213061148,2021-12-31,SZSE:300887,1.0,1.0,equal,2022-04-23 16:00:00+00:00
SZSE:002048,SZSE:000800,2015-04-24 16:00:00+00:00,2016-10-25 16:00:00+00:00,1200895320,2014-12-31,SZSE:002048,1.0,1.0,equal,2015-04-24 16:00:00+00:00
SZSE:002048,SZSE:000800,2016-04-27 16:00:00+00:00,2017-10-29 16:00:00+00:00,1202248665,2015-12-31,SZSE:002048,1.0,1.0,equal,2016-04-27 16:00:00+00:00
SZSE:002065,SSE:600015,2015-04-29 16:00:00+00:00,2016-10-30 16:00:00+00:00,1200935599,2014-12-31,SZSE:002065,1.0,1.0,equal,2015-04-29 16:00:00+00:00
SZSE:002065,SSE:601328,2015-04-29 16:00:00+00:00,2016-10-30 16:00:00+00:00,1200935599,2014-12-31,SZSE:002065,1.0,1.0,equal,2015-04-29 16:00:00+00:00
SZSE:002065,SZSE:002657,2018-04-18 16:00:00+00:00,2019-10-20 16:00:00+00:00,1204648235,2017-12-31,SZSE:002657,1.0,1.0,equal,2018-04-18 16:00:00+00:00
SZSE:002080,SZSE:002089,2016-04-23 16:00:00+00:00,2017-10-25 16:00:00+00:00,1202225890,2015-12-31,SZSE:002089,1.0,1.0,equal,2016-04-23 16:00:00+00:00
SZSE:002089,SSE:601728,2022-04-29 16:00:00+00:00,2023-10-31 16:00:00+00:00,1213217549,2021-12-31,SZSE:002089,1.0,1.0,equal,2022-04-29 16:00:00+00:00
SZSE:002092,SZSE:300021,2018-04-12 16:00:00+00:00,2019-10-14 16:00:00+00:00,1204617257,2017-12-31,SZSE:300021,1.0,1.0,equal,2018-04-12 16:00:00+00:00
SZSE:002119,SZSE:002156,2020-03-24 16:00:00+00:00,2021-09-25 16:00:00+00:00,1207394024,2019-12-31,SZSE:002119,1.0,1.0,equal,2020-03-24 16:00:00+00:00
SZSE:002119,SZSE:002156,2022-03-28 16:00:00+00:00,2023-09-29 16:00:00+00:00,1212687726,2021-12-31,SZSE:002119,1.0,1.0,equal,2022-03-28 16:00:00+00:00
SZSE:002128,SZSE:000875,2015-03-27 16:00:00+00:00,2016-09-27 16:00:00+00:00,1200749376,2014-12-31,SZSE:000875,1.0,1.0,equal,2015-03-27 16:00:00+00:00
SZSE:002128,SZSE:000875,2016-03-25 16:00:00+00:00,2017-09-26 16:00:00+00:00,1202075328,2015-12-31,SZSE:000875,1.0,1.0,equal,2016-03-25 16:00:00+00:00
SZSE:002128,SZSE:000875,2017-04-29 16:00:00+00:00,2018-10-31 16:00:00+00:00,1203425331,2016-12-31,SZSE:000875,1.0,1.0,equal,2017-04-29 16:00:00+00:00
SZSE:002128,SZSE:000875,2018-03-30 16:00:00+00:00,2019-10-01 16:00:00+00:00,1204542653,2017-12-31,SZSE:000875,1.0,1.0,equal,2018-03-30 16:00:00+00:00
SZSE:002128,SZSE:000875,2019-03-29 16:00:00+00:00,2020-09-29 16:00:00+00:00,1205953618,2018-12-31,SZSE:000875,1.0,1.0,equal,2019-03-29 16:00:00+00:00
SZSE:002128,SZSE:000875,2020-03-27 16:00:00+00:00,2021-09-28 16:00:00+00:00,1207409725,2019-12-31,SZSE:000875,1.0,1.0,equal,2020-03-27 16:00:00+00:00
SZSE:002128,SZSE:000875,2022-03-31 16:00:00+00:00,2023-10-02 16:00:00+00:00,1212742473,2021-12-31,SZSE:000875,1.0,1.0,equal,2022-03-31 16:00:00+00:00
SZSE:002150,SZSE:002444,2015-04-17 16:00:00+00:00,2016-10-18 16:00:00+00:00,1200848885,2014-12-31,SZSE:002444,1.0,1.0,equal,2015-04-17 16:00:00+00:00
SZSE:002150,SZSE:002444,2016-04-26 16:00:00+00:00,2017-10-28 16:00:00+00:00,1202243416,2015-12-31,SZSE:002444,1.0,1.0,equal,2016-04-26 16:00:00+00:00
SZSE:002150,SZSE:002444,2017-04-27 16:00:00+00:00,2018-10-29 16:00:00+00:00,1203407888,2016-12-31,SZSE:002444,1.0,1.0,equal,2017-04-27 16:00:00+00:00
SZSE:002150,SZSE:002444,2018-04-26 16:00:00+00:00,2019-10-28 16:00:00+00:00,1204793122,2017-12-31,SZSE:002444,1.0,1.0,equal,2018-04-26 16:00:00+00:00
SZSE:002150,SZSE:002444,2019-04-29 16:00:00+00:00,2020-10-30 16:00:00+00:00,1206114838,2018-12-31,SZSE:002444,1.0,1.0,equal,2019-04-29 16:00:00+00:00
SZSE:002152,SZSE:002421,2017-04-15 16:00:00+00:00,2018-10-17 16:00:00+00:00,1203300172,2016-12-31,SZSE:002421,1.0,1.0,equal,2017-04-15 16:00:00+00:00
SZSE:002182,SZSE:002662,2019-04-24 16:00:00+00:00,2020-10-25 16:00:00+00:00,1206078561,2018-12-31,SZSE:002662,1.0,1.0,equal,2019-04-24 16:00:00+00:00
SZSE:002192,SZSE:002594,2022-04-26 16:00:00+00:00,2023-10-28 16:00:00+00:00,1213102931,2021-12-31,SZSE:002192,1.0,1.0,equal,2022-04-26 16:00:00+00:00
SZSE:002193,SZSE:002687,2017-04-19 16:00:00+00:00,2018-10-21 16:00:00+00:00,1203322951,2016-12-31,SZSE:002687,1.0,1.0,equal,2017-04-19 16:00:00+00:00
SZSE:002202,SSE:600886,2021-04-29 16:00:00+00:00,2022-10-31 16:00:00+00:00,1209858494,2020-12-31,SSE:600886,1.0,1.0,equal,2021-04-29 16:00:00+00:00
SZSE:002202,SSE:600905,2022-04-28 16:00:00+00:00,2023-10-30 16:00:00+00:00,1213176386,2021-12-31,SSE:600905,1.0,1.0,equal,2022-04-28 16:00:00+00:00
SZSE:002202,SZSE:000791,2019-03-15 16:00:00+00:00,2020-09-15 16:00:00+00:00,1205898849,2018-12-31,SZSE:000791,1.0,1.0,equal,2019-03-15 16:00:00+00:00
SZSE:002202,SZSE:000791,2021-03-20 16:00:00+00:00,2022-09-21 16:00:00+00:00,1209416875,2020-12-31,SZSE:000791,1.0,1.0,equal,2021-03-20 16:00:00+00:00
SZSE:002202,SZSE:000862,2015-03-26 16:00:00+00:00,2016-09-26 16:00:00+00:00,1200742766,2014-12-31,SZSE:000862,1.0,1.0,equal,2015-03-26 16:00:00+00:00
SZSE:002202,SZSE:001289,2022-03-31 16:00:00+00:00,2023-10-02 16:00:00+00:00,1212751084,2021-12-31,SZSE:001289,1.0,1.0,equal,2022-03-31 16:00:00+00:00
SZSE:002202,SZSE:300040,2018-04-23 16:00:00+00:00,2019-10-25 16:00:00+00:00,1204680867,2017-12-31,SZSE:300040,1.0,1.0,equal,2018-04-23 16:00:00+00:00
SZSE:002202,SZSE:300040,2020-05-28 08:19:13+00:00,2021-11-29 08:19:13+00:00,1207871566,2019-12-31,SZSE:300040,1.0,1.0,equal,2020-05-28 08:19:13+00:00
SZSE:002208,SZSE:000417,2016-03-23 16:00:00+00:00,2017-09-24 16:00:00+00:00,1202067211,2015-12-31,SZSE:002208,1.0,1.0,equal,2016-03-23 16:00:00+00:00
SZSE:002225,SZSE:000709,2019-04-03 16:00:00+00:00,2020-10-04 16:00:00+00:00,1205986952,2018-12-31,SZSE:002225,1.0,1.0,equal,2019-04-03 16:00:00+00:00
SZSE:002225,SZSE:002075,2019-04-03 16:00:00+00:00,2020-10-04 16:00:00+00:00,1205986952,2018-12-31,SZSE:002225,1.0,1.0,equal,2019-04-03 16:00:00+00:00
SZSE:002225,SZSE:002075,2020-07-10 16:00:00+00:00,2022-01-11 16:00:00+00:00,1208018503,2019-12-31,SZSE:002225,1.0,1.0,equal,2020-07-10 16:00:00+00:00
SZSE:002232,SZSE:000800,2016-03-18 16:00:00+00:00,2017-09-19 16:00:00+00:00,1202054400,2015-12-31,SZSE:002232,1.0,1.0,equal,2016-03-18 16:00:00+00:00
SZSE:002232,SZSE:000800,2018-04-12 16:00:00+00:00,2019-10-14 16:00:00+00:00,1204615704,2017-12-31,SZSE:002232,1.0,1.0,equal,2018-04-12 16:00:00+00:00
SZSE:002232,SZSE:000800,2022-03-26 16:00:00+00:00,2023-09-27 16:00:00+00:00,1212682475,2021-12-31,SZSE:002232,1.0,1.0,equal,2022-03-26 16:00:00+00:00
SZSE:002240,SZSE:002466,2022-04-30 16:00:00+00:00,2023-11-01 16:00:00+00:00,1213263241,2021-12-31,SZSE:002466,1.0,1.0,equal,2022-04-30 16:00:00+00:00
SZSE:002265,SSE:601633,2015-03-25 16:00:00+00:00,2016-09-25 16:00:00+00:00,1200736491,2014-12-31,SZSE:002265,1.0,1.0,equal,2015-03-25 16:00:00+00:00
SZSE:002265,SSE:601633,2016-03-29 16:00:00+00:00,2017-09-30 16:00:00+00:00,1202090071,2015-12-31,SZSE:002265,1.0,1.0,equal,2016-03-29 16:00:00+00:00
SZSE:002285,SZSE:000002,2015-03-24 16:00:00+00:00,2016-09-24 16:00:00+00:00,1200732571,2014-12-31,SZSE:002285,1.0,1.0,equal,2015-03-24 16:00:00+00:00
SZSE:002285,SZSE:000002,2016-02-29 16:00:00+00:00,2017-09-01 16:00:00+00:00,1202005433,2015-12-31,SZSE:002285,1.0,1.0,equal,2016-02-29 16:00:00+00:00
SZSE:002285,SZSE:000002,2017-03-28 16:00:00+00:00,2018-09-29 16:00:00+00:00,1203211873,2016-12-31,SZSE:002285,1.0,1.0,equal,2017-03-28 16:00:00+00:00
SZSE:002285,SZSE:000002,2018-03-31 16:00:00+00:00,2019-10-02 16:00:00+00:00,1204557388,2017-12-31,SZSE:002285,1.0,1.0,equal,2018-03-31 16:00:00+00:00
SZSE:002285,SZSE:000002,2019-03-29 16:00:00+00:00,2020-09-29 16:00:00+00:00,1205957189,2018-12-31,SZSE:002285,1.0,1.0,equal,2019-03-29 16:00:00+00:00
SZSE:002285,SZSE:000069,2016-02-29 16:00:00+00:00,2017-09-01 16:00:00+00:00,1202005433,2015-12-31,SZSE:002285,1.0,1.0,equal,2016-02-29 16:00:00+00:00
SZSE:002285,SZSE:000069,2017-03-28 16:00:00+00:00,2018-09-29 16:00:00+00:00,1203211873,2016-12-31,SZSE:002285,1.0,1.0,equal,2017-03-28 16:00:00+00:00
SZSE:002285,SZSE:000069,2018-03-31 16:00:00+00:00,2019-10-02 16:00:00+00:00,1204557388,2017-12-31,SZSE:002285,1.0,1.0,equal,2018-03-31 16:00:00+00:00
SZSE:002285,SZSE:000069,2019-03-29 16:00:00+00:00,2020-09-29 16:00:00+00:00,1205957189,2018-12-31,SZSE:002285,1.0,1.0,equal,2019-03-29 16:00:00+00:00
SZSE:002301,SZSE:002421,2018-03-31 16:00:00+00:00,2019-10-02 16:00:00+00:00,1204555586,2017-12-31,SZSE:002421,1.0,1.0,equal,2018-03-31 16:00:00+00:00
SZSE:002306,SZSE:000572,2019-07-31 16:00:00+00:00,2021-01-31 16:00:00+00:00,1206484664,2018-12-31,SZSE:002306,1.0,1.0,equal,2019-07-31 16:00:00+00:00
SZSE:002306,SZSE:000572,2020-03-17 16:00:00+00:00,2021-09-18 16:00:00+00:00,1207378484,2019-12-31,SZSE:002306,1.0,1.0,equal,2020-03-17 16:00:00+00:00
SZSE:002309,SZSE:002554,2018-04-26 16:00:00+00:00,2019-10-28 16:00:00+00:00,1204793851,2017-12-31,SZSE:002554,1.0,1.0,equal,2018-04-26 16:00:00+00:00
SZSE:002312,SSE:601988,2020-03-31 16:00:00+00:00,2021-10-02 16:00:00+00:00,1207428004,2019-12-31,SZSE:002312,1.0,1.0,equal,2020-03-31 16:00:00+00:00
SZSE:002312,SSE:601998,2020-03-31 16:00:00+00:00,2021-10-02 16:00:00+00:00,1207428004,2019-12-31,SZSE:002312,1.0,1.0,equal,2020-03-31 16:00:00+00:00
SZSE:002325,SZSE:000011,2020-03-18 16:00:00+00:00,2021-09-19 16:00:00+00:00,1207380441,2019-12-31,SZSE:000011,1.0,1.0,equal,2020-03-18 16:00:00+00:00
SZSE:002381,SSE:601226,2017-04-28 16:00:00+00:00,2018-10-30 16:00:00+00:00,1203413793,2016-12-31,SZSE:002381,1.0,1.0,equal,2017-04-28 16:00:00+00:00
SZSE:002407,SZSE:002091,2022-04-23 16:00:00+00:00,2023-10-25 16:00:00+00:00,1213042482,2021-12-31,SZSE:002091,1.0,1.0,equal,2022-04-23 16:00:00+00:00
SZSE:002421,SSE:600999,2017-04-15 16:00:00+00:00,2018-10-17 16:00:00+00:00,1203300172,2016-12-31,SZSE:002421,1.0,1.0,equal,2017-04-15 16:00:00+00:00
SZSE:002430,SZSE:002140,2016-03-31 16:00:00+00:00,2017-10-02 16:00:00+00:00,1202111174,2015-12-31,SZSE:002140,1.0,1.0,equal,2016-03-31 16:00:00+00:00
SZSE:002434,SSE:600006,2015-04-14 16:00:00+00:00,2016-10-15 16:00:00+00:00,1200826194,2014-12-31,SZSE:002434,1.0,1.0,equal,2015-04-14 16:00:00+00:00
SZSE:002441,SZSE:002204,2018-04-20 16:00:00+00:00,2019-10-22 16:00:00+00:00,1204663338,2017-12-31,SZSE:002441,1.0,1.0,equal,2018-04-20 16:00:00+00:00
SZSE:002441,SZSE:300423,2020-04-15 16:00:00+00:00,2021-10-17 16:00:00+00:00,1207497621,2019-12-31,SZSE:002441,1.0,1.0,equal,2020-04-15 16:00:00+00:00
SZSE:002465,SZSE:000768,2018-03-28 16:00:00+00:00,2019-09-29 16:00:00+00:00,1204526233,2017-12-31,SZSE:002465,1.0,1.0,equal,2018-03-28 16:00:00+00:00
SZSE:002469,SSE:600309,2016-03-18 16:00:00+00:00,2017-09-19 16:00:00+00:00,1202054444,2015-12-31,SZSE:002469,1.0,1.0,equal,2016-03-18 16:00:00+00:00
SZSE:002482,SZSE:000011,2020-03-18 16:00:00+00:00,2021-09-19 16:00:00+00:00,1207380441,2019-12-31,SZSE:000011,1.0,1.0,equal,2020-03-18 16:00:00+00:00
SZSE:002484,SZSE:300274,2018-04-12 16:00:00+00:00,2019-10-14 16:00:00+00:00,1204616202,2017-12-31,SZSE:002484,1.0,1.0,equal,2018-04-12 16:00:00+00:00
SZSE:002494,SZSE:002612,2017-03-31 16:00:00+00:00,2018-10-02 16:00:00+00:00,1203235769,2016-12-31,SZSE:002612,1.0,1.0,equal,2017-03-31 16:00:00+00:00
SZSE:002494,SZSE:002612,2019-03-12 16:00:00+00:00,2020-09-12 16:00:00+00:00,1205893226,2018-12-31,SZSE:002612,1.0,1.0,equal,2019-03-12 16:00:00+00:00
SZSE:002494,SZSE:002612,2020-05-21 16:00:00+00:00,2021-11-22 16:00:00+00:00,1207836210,2019-12-31,SZSE:002612,1.0,1.0,equal,2020-05-21 16:00:00+00:00
SZSE:002494,SZSE:002612,2021-04-24 16:00:00+00:00,2022-10-26 16:00:00+00:00,1209789374,2020-12-31,SZSE:002612,1.0,1.0,equal,2021-04-24 16:00:00+00:00
SZSE:002506,SZSE:000803,2019-06-18 16:00:00+00:00,2020-12-19 16:00:00+00:00,1206361435,2018-12-31,SZSE:000803,1.0,1.0,equal,2019-06-18 16:00:00+00:00
SZSE:002533,SZSE:000806,2015-04-24 16:00:00+00:00,2016-10-25 16:00:00+00:00,1200899882,2014-12-31,SZSE:000806,1.0,1.0,equal,2015-04-24 16:00:00+00:00
SZSE:002533,SZSE:000806,2016-04-22 16:00:00+00:00,2017-10-24 16:00:00+00:00,1202218482,2015-12-31,SZSE:000806,1.0,1.0,equal,2016-04-22 16:00:00+00:00
SZSE:002533,SZSE:000806,2020-05-29 16:00:00+00:00,2021-11-30 16:00:00+00:00,1207873084,2019-12-31,SZSE:000806,1.0,1.0,equal,2020-05-29 16:00:00+00:00
SZSE:002533,SZSE:002879,2018-03-15 16:00:00+00:00,2019-09-16 16:00:00+00:00,1204477049,2017-12-31,SZSE:002879,1.0,1.0,equal,2018-03-15 16:00:00+00:00
SZSE:002542,SSE:601390,2015-04-18 16:00:00+00:00,2016-10-19 16:00:00+00:00,1200863326,2014-12-31,SZSE:002542,1.0,1.0,equal,2015-04-18 16:00:00+00:00
SZSE:002549,SSE:600685,2016-04-26 16:00:00+00:00,2017-10-28 16:00:00+00:00,1202241322,2015-12-31,SZSE:002549,1.0,1.0,equal,2016-04-26 16:00:00+00:00
SZSE:002560,SSE:600755,2019-04-23 16:00:00+00:00,2020-10-24 16:00:00+00:00,1206070785,2018-12-31,SZSE:002560,1.0,1.0,equal,2019-04-23 16:00:00+00:00
SZSE:002613,SSE:601886,2015-04-17 16:00:00+00:00,2016-10-18 16:00:00+00:00,1200844182,2014-12-31,SZSE:002613,1.0,1.0,equal,2015-04-17 16:00:00+00:00
SZSE:002613,SSE:601886,2016-03-31 16:00:00+00:00,2017-10-02 16:00:00+00:00,1202110564,2015-12-31,SZSE:002613,1.0,1.0,equal,2016-03-31 16:00:00+00:00
SZSE:002613,SSE:601886,2017-06-03 16:00:00+00:00,2018-12-05 16:00:00+00:00,1203587709,2016-12-31,SZSE:002613,1.0,1.0,equal,2017-06-03 16:00:00+00:00
SZSE:002633,SSE:603988,2019-04-26 16:00:00+00:00,2020-10-27 16:00:00+00:00,1206103859,2018-12-31,SZSE:002633,1.0,1.0,equal,2019-04-26 16:00:00+00:00
SZSE:002642,SZSE:002296,2017-04-12 16:00:00+00:00,2018-10-14 16:00:00+00:00,1203283455,2016-12-31,SZSE:002296,1.0,1.0,equal,2017-04-12 16:00:00+00:00
SZSE:002642,SZSE:002373,2018-08-15 16:00:00+00:00,2020-02-16 16:00:00+00:00,1205287478,2017-12-31,SZSE:002373,1.0,1.0,equal,2018-08-15 16:00:00+00:00
SZSE:002652,SZSE:000521,2019-04-29 16:00:00+00:00,2020-10-30 16:00:00+00:00,1206115031,2018-12-31,SZSE:002652,1.0,1.0,equal,2019-04-29 16:00:00+00:00
SZSE:002652,SZSE:000521,2020-07-01 16:00:00+00:00,2022-01-02 16:00:00+00:00,1207978747,2019-12-31,SZSE:002652,1.0,1.0,equal,2020-07-01 16:00:00+00:00
SZSE:002652,SZSE:000521,2021-04-30 16:00:00+00:00,2022-11-01 16:00:00+00:00,1209872544,2020-12-31,SZSE:002652,1.0,1.0,equal,2021-04-30 16:00:00+00:00
SZSE:002656,SZSE:002277,2015-02-13 16:00:00+00:00,2016-08-16 16:00:00+00:00,1200632964,2014-12-31,SZSE:002656,1.0,1.0,equal,2015-02-13 16:00:00+00:00
SZSE:002656,SZSE:002277,2016-04-26 16:00:00+00:00,2017-10-28 16:00:00+00:00,1202241817,2015-12-31,SZSE:002656,1.0,1.0,equal,2016-04-26 16:00:00+00:00
SZSE:002656,SZSE:002277,2017-04-27 16:00:00+00:00,2018-10-29 16:00:00+00:00,1203406931,2016-12-31,SZSE:002656,1.0,1.0,equal,2017-04-27 16:00:00+00:00
SZSE:002657,SSE:600015,2017-04-20 16:00:00+00:00,2018-10-22 16:00:00+00:00,1203333017,2016-12-31,SZSE:002657,1.0,1.0,equal,2017-04-20 16:00:00+00:00
SZSE:002657,SSE:600015,2018-04-18 16:00:00+00:00,2019-10-20 16:00:00+00:00,1204648235,2017-12-31,SZSE:002657,1.0,1.0,equal,2018-04-18 16:00:00+00:00
SZSE:002662,SSE:601633,2019-04-24 16:00:00+00:00,2020-10-25 16:00:00+00:00,1206078561,2018-12-31,SZSE:002662,1.0,1.0,equal,2019-04-24 16:00:00+00:00
SZSE:002667,SZSE:300362,2018-03-21 16:00:00+00:00,2019-09-22 16:00:00+00:00,1204495066,2017-12-31,SZSE:002667,1.0,1.0,equal,2018-03-21 16:00:00+00:00
SZSE:002682,SSE:601899,2015-04-22 16:00:00+00:00,2016-10-23 16:00:00+00:00,1200882977,2014-12-31,SZSE:002682,1.0,1.0,equal,2015-04-22 16:00:00+00:00
SZSE:002701,SZSE:000848,2020-03-28 16:00:00+00:00,2021-09-29 16:00:00+00:00,1207418663,2019-12-31,SZSE:000848,1.0,1.0,equal,2020-03-28 16:00:00+00:00
SZSE:002701,SZSE:000848,2022-04-12 16:00:00+00:00,2023-10-14 16:00:00+00:00,1212881732,2021-12-31,SZSE:000848,1.0,1.0,equal,2022-04-12 16:00:00+00:00
SZSE:002703,SSE:600006,2016-03-25 16:00:00+00:00,2017-09-26 16:00:00+00:00,1202074220,2015-12-31,SZSE:002703,1.0,1.0,equal,2016-03-25 16:00:00+00:00
SZSE:002703,SSE:600006,2021-03-29 16:00:00+00:00,2022-09-30 16:00:00+00:00,1209462815,2020-12-31,SZSE:002703,1.0,1.0,equal,2021-03-29 16:00:00+00:00
SZSE:002703,SSE:600418,2016-03-25 16:00:00+00:00,2017-09-26 16:00:00+00:00,1202074220,2015-12-31,SZSE:002703,1.0,1.0,equal,2016-03-25 16:00:00+00:00
SZSE:002703,SSE:600418,2017-03-27 16:00:00+00:00,2018-09-28 16:00:00+00:00,1203193879,2016-12-31,SZSE:002703,1.0,1.0,equal,2017-03-27 16:00:00+00:00
SZSE:002703,SSE:600418,2018-03-26 16:00:00+00:00,2019-09-27 16:00:00+00:00,1204511434,2017-12-31,SZSE:002703,1.0,1.0,equal,2018-03-26 16:00:00+00:00
SZSE:002703,SSE:600418,2019-03-25 16:00:00+00:00,2020-09-25 16:00:00+00:00,1205930350,2018-12-31,SZSE:002703,1.0,1.0,equal,2019-03-25 16:00:00+00:00
SZSE:002703,SSE:600418,2020-04-24 16:00:00+00:00,2021-10-26 16:00:00+00:00,1207583835,2019-12-31,SZSE:002703,1.0,1.0,equal,2020-04-24 16:00:00+00:00
SZSE:002703,SSE:600418,2022-03-28 16:00:00+00:00,2023-09-29 16:00:00+00:00,1212684049,2021-12-31,SZSE:002703,1.0,1.0,equal,2022-03-28 16:00:00+00:00
SZSE:002703,SZSE:000800,2015-03-30 16:00:00+00:00,2016-09-30 16:00:00+00:00,1200752950,2014-12-31,SZSE:002703,1.0,1.0,equal,2015-03-30 16:00:00+00:00
SZSE:002703,SZSE:000800,2016-03-25 16:00:00+00:00,2017-09-26 16:00:00+00:00,1202074220,2015-12-31,SZSE:002703,1.0,1.0,equal,2016-03-25 16:00:00+00:00
SZSE:002703,SZSE:000800,2017-03-27 16:00:00+00:00,2018-09-28 16:00:00+00:00,1203193879,2016-12-31,SZSE:002703,1.0,1.0,equal,2017-03-27 16:00:00+00:00
SZSE:002707,SZSE:000610,2015-03-27 16:00:00+00:00,2016-09-27 16:00:00+00:00,1200749627,2014-12-31,SZSE:000610,1.0,1.0,equal,2015-03-27 16:00:00+00:00
SZSE:002716,SSE:600711,2017-06-08 16:00:00+00:00,2018-12-10 16:00:00+00:00,1203598743,2016-12-31,SZSE:002716,1.0,1.0,equal,2017-06-08 16:00:00+00:00
SZSE:002721,SSE:601998,2015-05-21 16:00:00+00:00,2016-11-21 16:00:00+00:00,1201040237,2014-12-31,SZSE:002721,1.0,1.0,equal,2015-05-21 16:00:00+00:00
SZSE:002756,SZSE:002318,2022-04-26 16:00:00+00:00,2023-10-28 16:00:00+00:00,1213103407,2021-12-31,SZSE:002318,1.0,1.0,equal,2022-04-26 16:00:00+00:00
SZSE:002778,SZSE:000425,2018-04-19 16:00:00+00:00,2019-10-21 16:00:00+00:00,1204660005,2017-12-31,SZSE:002778,1.0,1.0,equal,2018-04-19 16:00:00+00:00
SZSE:002778,SZSE:002097,2021-04-23 16:00:00+00:00,2022-10-25 16:00:00+00:00,1209769754,2020-12-31,SZSE:002778,1.0,1.0,equal,2021-04-23 16:00:00+00:00
SZSE:002778,SZSE:002097,2022-04-19 16:00:00+00:00,2023-10-21 16:00:00+00:00,1212964478,2021-12-31,SZSE:002778,1.0,1.0,equal,2022-04-19 16:00:00+00:00
SZSE:002783,SZSE:002096,2017-04-12 16:00:00+00:00,2018-10-14 16:00:00+00:00,1203283660,2016-12-31,SZSE:002783,1.0,1.0,equal,2017-04-12 16:00:00+00:00
SZSE:002783,SZSE:002096,2018-03-16 16:00:00+00:00,2019-09-17 16:00:00+00:00,1204479716,2017-12-31,SZSE:002783,1.0,1.0,equal,2018-03-16 16:00:00+00:00
SZSE:002816,SZSE:002241,2017-04-25 16:00:00+00:00,2018-10-27 16:00:00+00:00,1203377728,2016-12-31,SZSE:002816,1.0,1.0,equal,2017-04-25 16:00:00+00:00
SZSE:002827,SSE:601186,2017-04-15 16:00:00+00:00,2018-10-17 16:00:00+00:00,1203299796,2016-12-31,SZSE:002827,1.0,1.0,equal,2017-04-15 16:00:00+00:00
SZSE:002827,SSE:601186,2018-04-20 16:00:00+00:00,2019-10-22 16:00:00+00:00,1204663362,2017-12-31,SZSE:002827,1.0,1.0,equal,2018-04-20 16:00:00+00:00
SZSE:002827,SSE:601186,2019-04-19 16:00:00+00:00,2020-10-20 16:00:00+00:00,1206051499,2018-12-31,SZSE:002827,1.0,1.0,equal,2019-04-19 16:00:00+00:00
SZSE:002827,SSE:601390,2017-04-15 16:00:00+00:00,2018-10-17 16:00:00+00:00,1203299796,2016-12-31,SZSE:002827,1.0,1.0,equal,2017-04-15 16:00:00+00:00
SZSE:002827,SSE:601390,2018-04-20 16:00:00+00:00,2019-10-22 16:00:00+00:00,1204663362,2017-12-31,SZSE:002827,1.0,1.0,equal,2018-04-20 16:00:00+00:00
SZSE:002827,SSE:601390,2019-04-19 16:00:00+00:00,2020-10-20 16:00:00+00:00,1206051499,2018-12-31,SZSE:002827,1.0,1.0,equal,2019-04-19 16:00:00+00:00
SZSE:002903,SZSE:300433,2018-04-19 16:00:00+00:00,2019-10-21 16:00:00+00:00,1204661648,2017-12-31,SZSE:002903,1.0,1.0,equal,2018-04-19 16:00:00+00:00
SZSE:002903,SZSE:300433,2019-04-10 16:00:00+00:00,2020-10-11 16:00:00+00:00,1206001615,2018-12-31,SZSE:002903,1.0,1.0,equal,2019-04-10 16:00:00+00:00
SZSE:002903,SZSE:300433,2020-04-03 16:00:00+00:00,2021-10-05 16:00:00+00:00,1207451838,2019-12-31,SZSE:002903,1.0,1.0,equal,2020-04-03 16:00:00+00:00
SZSE:002903,SZSE:300433,2021-03-25 16:00:00+00:00,2022-09-26 16:00:00+00:00,1209444802,2020-12-31,SZSE:002903,1.0,1.0,equal,2021-03-25 16:00:00+00:00
SZSE:002906,SSE:600348,2021-04-14 16:00:00+00:00,2022-10-16 16:00:00+00:00,1209682470,2020-12-31,SSE:600348,1.0,1.0,equal,2021-04-14 16:00:00+00:00
SZSE:002912,SZSE:300188,2018-03-17 16:00:00+00:00,2019-09-18 16:00:00+00:00,1204485386,2017-12-31,SZSE:002912,1.0,1.0,equal,2018-03-17 16:00:00+00:00
SZSE:002921,SZSE:000951,2018-05-07 16:00:00+00:00,2019-11-08 16:00:00+00:00,1204910676,2017-12-31,SZSE:002921,1.0,1.0,equal,2018-05-07 16:00:00+00:00
SZSE:002921,SZSE:000951,2019-03-29 16:00:00+00:00,2020-09-29 16:00:00+00:00,1205953645,2018-12-31,SZSE:002921,1.0,1.0,equal,2019-03-29 16:00:00+00:00
SZSE:002943,SZSE:002594,2019-04-10 16:00:00+00:00,2020-10-11 16:00:00+00:00,1206004328,2018-12-31,SZSE:002943,1.0,1.0,equal,2019-04-10 16:00:00+00:00
SZSE:002943,SZSE:002594,2020-04-27 16:00:00+00:00,2021-10-29 16:00:00+00:00,1207609500,2019-12-31,SZSE:002943,1.0,1.0,equal,2020-04-27 16:00:00+00:00
SZSE:002943,SZSE:300433,2019-04-10 16:00:00+00:00,2020-10-11 16:00:00+00:00,1206004328,2018-12-31,SZSE:002943,1.0,1.0,equal,2019-04-10 16:00:00+00:00
SZSE:002943,SZSE:300433,2020-04-27 16:00:00+00:00,2021-10-29 16:00:00+00:00,1207609500,2019-12-31,SZSE:002943,1.0,1.0,equal,2020-04-27 16:00:00+00:00
SZSE:002987,SSE:601818,2021-04-15 16:00:00+00:00,2022-10-17 16:00:00+00:00,1209690509,2020-12-31,SZSE:002987,1.0,1.0,equal,2021-04-15 16:00:00+00:00
SZSE:002987,SSE:601988,2021-04-15 16:00:00+00:00,2022-10-17 16:00:00+00:00,1209690509,2020-12-31,SZSE:002987,1.0,1.0,equal,2021-04-15 16:00:00+00:00
SZSE:002989,SZSE:000002,2022-04-28 16:00:00+00:00,2023-10-30 16:00:00+00:00,1213175805,2021-12-31,SZSE:002989,1.0,1.0,equal,2022-04-28 16:00:00+00:00
SZSE:003030,SSE:601933,2022-04-20 16:00:00+00:00,2023-10-22 16:00:00+00:00,1212977264,2021-12-31,SZSE:003030,1.0,1.0,equal,2022-04-20 16:00:00+00:00
SZSE:300017,SZSE:300624,2018-04-18 16:00:00+00:00,2019-10-20 16:00:00+00:00,1204648307,2017-12-31,SZSE:300624,1.0,1.0,equal,2018-04-18 16:00:00+00:00
SZSE:300031,SSE:600585,2016-04-12 16:00:00+00:00,2017-10-14 16:00:00+00:00,1202163263,2015-12-31,SZSE:300031,1.0,1.0,equal,2016-04-12 16:00:00+00:00
SZSE:300081,SSE:601728,2022-04-25 16:00:00+00:00,2023-10-27 16:00:00+00:00,1213055228,2021-12-31,SZSE:300081,1.0,1.0,equal,2022-04-25 16:00:00+00:00
SZSE:300085,SSE:601818,2016-04-12 16:00:00+00:00,2017-10-14 16:00:00+00:00,1202163480,2015-12-31,SZSE:300085,1.0,1.0,equal,2016-04-12 16:00:00+00:00
SZSE:300090,SZSE:300692,2020-06-24 16:00:00+00:00,2021-12-26 16:00:00+00:00,1207956872,2019-12-31,SZSE:300090,1.0,1.0,equal,2020-06-24 16:00:00+00:00
SZSE:300095,SZSE:002202,2016-02-27 16:00:00+00:00,2017-08-30 16:00:00+00:00,1202002687,2015-12-31,SZSE:300095,1.0,1.0,equal,2016-02-27 16:00:00+00:00
SZSE:300095,SZSE:002202,2020-04-22 16:00:00+00:00,2021-10-24 16:00:00+00:00,1207550480,2019-12-31,SZSE:300095,1.0,1.0,equal,2020-04-22 16:00:00+00:00
SZSE:300095,SZSE:300772,2022-04-23 16:00:00+00:00,2023-10-25 16:00:00+00:00,1213049601,2021-12-31,SZSE:300095,1.0,1.0,equal,2022-04-23 16:00:00+00:00
SZSE:300096,SSE:601166,2016-04-15 16:00:00+00:00,2017-10-17 16:00:00+00:00,1202180982,2015-12-31,SZSE:300096,1.0,1.0,equal,2016-04-15 16:00:00+00:00
SZSE:300096,SSE:601166,2018-04-25 16:00:00+00:00,2019-10-27 16:00:00+00:00,1204737378,2017-12-31,SZSE:300096,1.0,1.0,equal,2018-04-25 16:00:00+00:00
SZSE:300106,SZSE:002719,2016-04-23 16:00:00+00:00,2017-10-25 16:00:00+00:00,1202226538,2015-12-31,SZSE:300106,1.0,1.0,equal,2016-04-23 16:00:00+00:00
SZSE:300110,SZSE:002589,2017-03-22 16:00:00+00:00,2018-09-23 16:00:00+00:00,1203183765,2016-12-31,SZSE:300110,1.0,1.0,equal,2017-03-22 16:00:00+00:00
SZSE:300139,SZSE:002857,2019-04-30 16:00:00+00:00,2020-10-31 16:00:00+00:00,1206159181,2018-12-31,SZSE:002857,1.0,1.0,equal,2019-04-30 16:00:00+00:00
SZSE:300152,SZSE:000939,2018-06-29 16:00:00+00:00,2019-12-31 16:00:00+00:00,1205105058,2017-12-31,SZSE:000939,1.0,1.0,equal,2018-06-29 16:00:00+00:00
SZSE:300160,SZSE:000333,2021-02-20 16:00:00+00:00,2022-08-24 16:00:00+00:00,1209285315,2020-12-31,SZSE:300160,1.0,1.0,equal,2021-02-20 16:00:00+00:00
SZSE:300160,SZSE:002506,2018-04-25 16:00:00+00:00,2019-10-27 16:00:00+00:00,1204734434,2017-12-31,SZSE:300160,1.0,1.0,equal,2018-04-25 16:00:00+00:00
SZSE:300160,SZSE:002506,2019-04-26 16:00:00+00:00,2020-10-27 16:00:00+00:00,1206103322,2018-12-31,SZSE:300160,1.0,1.0,equal,2019-04-26 16:00:00+00:00
SZSE:300171,SZSE:002007,2017-03-28 16:00:00+00:00,2018-09-29 16:00:00+00:00,1203209242,2016-12-31,SZSE:002007,1.0,1.0,equal,2017-03-28 16:00:00+00:00
SZSE:300171,SZSE:300430,2021-04-21 16:00:00+00:00,2022-10-23 16:00:00+00:00,1209739332,2020-12-31,SZSE:300430,1.0,1.0,equal,2021-04-21 16:00:00+00:00
SZSE:300172,SSE:600740,2018-04-03 16:00:00+00:00,2019-10-05 16:00:00+00:00,1204576768,2017-12-31,SZSE:300172,1.0,1.0,equal,2018-04-03 16:00:00+00:00
SZSE:300175,SZSE:002557,2022-04-28 16:00:00+00:00,2023-10-30 16:00:00+00:00,1213171008,2021-12-31,SZSE:300175,1.0,1.0,equal,2022-04-28 16:00:00+00:00
SZSE:300185,SZSE:002552,2022-03-10 16:00:00+00:00,2023-09-11 16:00:00+00:00,1212533256,2021-12-31,SZSE:002552,1.0,1.0,equal,2022-03-10 16:00:00+00:00
SZSE:300213,SSE:601186,2016-03-22 16:00:00+00:00,2017-09-23 16:00:00+00:00,1202064722,2015-12-31,SZSE:300213,1.0,1.0,equal,2016-03-22 16:00:00+00:00
SZSE:300213,SSE:601390,2016-03-22 16:00:00+00:00,2017-09-23 16:00:00+00:00,1202064722,2015-12-31,SZSE:300213,1.0,1.0,equal,2016-03-22 16:00:00+00:00
SZSE:300215,SZSE:002350,2022-04-28 16:00:00+00:00,2023-10-30 16:00:00+00:00,1213159770,2021-12-31,SZSE:300215,1.0,1.0,equal,2022-04-28 16:00:00+00:00
SZSE:300218,SZSE:002614,2018-04-26 16:00:00+00:00,2019-10-28 16:00:00+00:00,1204793945,2017-12-31,SZSE:002614,1.0,1.0,equal,2018-04-26 16:00:00+00:00
SZSE:300218,SZSE:002614,2019-04-26 16:00:00+00:00,2020-10-27 16:00:00+00:00,1206103841,2018-12-31,SZSE:002614,1.0,1.0,equal,2019-04-26 16:00:00+00:00
SZSE:300231,SSE:600015,2016-03-30 16:00:00+00:00,2017-10-01 16:00:00+00:00,1202098619,2015-12-31,SZSE:300231,1.0,1.0,equal,2016-03-30 16:00:00+00:00
SZSE:300231,SSE:600015,2018-04-25 16:00:00+00:00,2019-10-27 16:00:00+00:00,1204734073,2017-12-31,SZSE:300231,1.0,1.0,equal,2018-04-25 16:00:00+00:00
SZSE:300231,SSE:600015,2019-04-25 16:00:00+00:00,2020-10-26 16:00:00+00:00,1206087225,2018-12-31,SZSE:300231,1.0,1.0,equal,2019-04-25 16:00:00+00:00
SZSE:300231,SSE:600015,2020-02-29 16:00:00+00:00,2021-09-01 16:00:00+00:00,1207332010,2019-12-31,SZSE:300231,1.0,1.0,equal,2020-02-29 16:00:00+00:00
SZSE:300231,SSE:600015,2021-03-12 16:00:00+00:00,2022-09-13 16:00:00+00:00,1209371176,2020-12-31,SZSE:300231,1.0,1.0,equal,2021-03-12 16:00:00+00:00
SZSE:300231,SSE:600015,2022-04-09 16:00:00+00:00,2023-10-11 16:00:00+00:00,1212857297,2021-12-31,SZSE:300231,1.0,1.0,equal,2022-04-09 16:00:00+00:00
SZSE:300231,SSE:600036,2021-03-12 16:00:00+00:00,2022-09-13 16:00:00+00:00,1209371176,2020-12-31,SZSE:300231,1.0,1.0,equal,2021-03-12 16:00:00+00:00
SZSE:300231,SSE:600036,2022-04-09 16:00:00+00:00,2023-10-11 16:00:00+00:00,1212857297,2021-12-31,SZSE:300231,1.0,1.0,equal,2022-04-09 16:00:00+00:00
SZSE:300231,SSE:601988,2017-04-07 16:00:00+00:00,2018-10-09 16:00:00+00:00,1203257490,2016-12-31,SZSE:300231,1.0,1.0,equal,2017-04-07 16:00:00+00:00
SZSE:300231,SSE:601998,2016-03-30 16:00:00+00:00,2017-10-01 16:00:00+00:00,1202098619,2015-12-31,SZSE:300231,1.0,1.0,equal,2016-03-30 16:00:00+00:00
SZSE:300245,SSE:601328,2016-03-11 16:00:00+00:00,2017-09-12 16:00:00+00:00,1202036434,2015-12-31,SZSE:300245,1.0,1.0,equal,2016-03-11 16:00:00+00:00
SZSE:300245,SSE:601328,2017-04-21 16:00:00+00:00,2018-10-23 16:00:00+00:00,1203344648,2016-12-31,SZSE:300245,1.0,1.0,equal,2017-04-21 16:00:00+00:00
SZSE:300253,SZSE:300168,2022-04-29 16:00:00+00:00,2023-10-31 16:00:00+00:00,1213213263,2021-12-31,SZSE:300168,1.0,1.0,equal,2022-04-29 16:00:00+00:00
SZSE:300264,SSE:601929,2022-04-15 16:00:00+00:00,2023-10-17 16:00:00+00:00,1212918660,2021-12-31,SZSE:300264,1.0,1.0,equal,2022-04-15 16:00:00+00:00
SZSE:300266,SZSE:002310,2016-04-26 16:00:00+00:00,2017-10-28 16:00:00+00:00,1202243099,2015-12-31,SZSE:300266,1.0,1.0,equal,2016-04-26 16:00:00+00:00
SZSE:300297,SSE:600562,2016-04-26 16:00:00+00:00,2017-10-28 16:00:00+00:00,1202244553,2015-12-31,SZSE:300297,1.0,1.0,equal,2016-04-26 16:00:00+00:00
SZSE:300313,SZSE:002719,2016-04-20 16:00:00+00:00,2017-10-22 16:00:00+00:00,1202205446,2015-12-31,SZSE:300313,1.0,1.0,equal,2016-04-20 16:00:00+00:00
SZSE:300313,SZSE:002719,2019-04-26 16:00:00+00:00,2020-10-27 16:00:00+00:00,1206109323,2018-12-31,SZSE:300313,1.0,1.0,equal,2019-04-26 16:00:00+00:00
SZSE:300322,SZSE:000063,2016-03-23 16:00:00+00:00,2017-09-24 16:00:00+00:00,1202067026,2015-12-31,SZSE:300322,1.0,1.0,equal,2016-03-23 16:00:00+00:00
SZSE:300330,SSE:600271,2016-04-13 16:00:00+00:00,2017-10-15 16:00:00+00:00,1202169103,2015-12-31,SZSE:300330,1.0,1.0,equal,2016-04-13 16:00:00+00:00
SZSE:300337,SZSE:002182,2018-04-25 16:00:00+00:00,2019-10-27 16:00:00+00:00,1204739344,2017-12-31,SZSE:300337,1.0,1.0,equal,2018-04-25 16:00:00+00:00
SZSE:300358,SSE:600351,2016-04-13 16:00:00+00:00,2017-10-15 16:00:00+00:00,1202169838,2015-12-31,SZSE:300358,1.0,1.0,equal,2016-04-13 16:00:00+00:00
SZSE:300358,SZSE:301096,2022-03-15 16:00:00+00:00,2023-09-16 16:00:00+00:00,1212568343,2021-12-31,SZSE:301096,1.0,1.0,equal,2022-03-15 16:00:00+00:00
SZSE:300364,SZSE:300459,2018-03-07 16:00:00+00:00,2019-09-08 16:00:00+00:00,1204456569,2017-12-31,SZSE:300459,1.0,1.0,equal,2018-03-07 16:00:00+00:00
SZSE:300375,SSE:601633,2020-03-31 16:00:00+00:00,2021-10-02 16:00:00+00:00,1207430220,2019-12-31,SZSE:300375,1.0,1.0,equal,2020-03-31 16:00:00+00:00
SZSE:300375,SZSE:000625,2020-03-31 16:00:00+00:00,2021-10-02 16:00:00+00:00,1207430220,2019-12-31,SZSE:300375,1.0,1.0,equal,2020-03-31 16:00:00+00:00
SZSE:300375,SZSE:002594,2020-03-31 16:00:00+00:00,2021-10-02 16:00:00+00:00,1207430220,2019-12-31,SZSE:300375,1.0,1.0,equal,2020-03-31 16:00:00+00:00
SZSE:300376,SZSE:300275,2016-04-26 16:00:00+00:00,2017-10-28 16:00:00+00:00,1202240930,2015-12-31,SZSE:300275,1.0,1.0,equal,2016-04-26 16:00:00+00:00
SZSE:300377,SSE:600030,2016-04-25 16:00:00+00:00,2017-10-27 16:00:00+00:00,1202227786,2015-12-31,SZSE:300377,1.0,1.0,equal,2016-04-25 16:00:00+00:00
SZSE:300377,SSE:601328,2016-04-25 16:00:00+00:00,2017-10-27 16:00:00+00:00,1202227786,2015-12-31,SZSE:300377,1.0,1.0,equal,2016-04-25 16:00:00+00:00
SZSE:300377,SSE:601328,2018-04-25 12:32:43+00:00,2019-10-27 12:32:43+00:00,1204791651,2017-12-31,SZSE:300377,1.0,1.0,equal,2018-04-25 12:32:43+00:00
SZSE:300377,SSE:601328,2019-04-25 16:00:00+00:00,2020-10-26 16:00:00+00:00,1206089588,2018-12-31,SZSE:300377,1.0,1.0,equal,2019-04-25 16:00:00+00:00
SZSE:300377,SSE:601328,2020-04-28 16:00:00+00:00,2021-10-30 16:00:00+00:00,1207637076,2019-12-31,SZSE:300377,1.0,1.0,equal,2020-04-28 16:00:00+00:00
SZSE:300377,SSE:601988,2017-04-26 16:00:00+00:00,2018-10-28 16:00:00+00:00,1203385336,2016-12-31,SZSE:300377,1.0,1.0,equal,2017-04-26 16:00:00+00:00
SZSE:300377,SSE:601988,2018-04-25 12:32:43+00:00,2019-10-27 12:32:43+00:00,1204791651,2017-12-31,SZSE:300377,1.0,1.0,equal,2018-04-25 12:32:43+00:00
SZSE:300377,SSE:601988,2019-04-25 16:00:00+00:00,2020-10-26 16:00:00+00:00,1206089588,2018-12-31,SZSE:300377,1.0,1.0,equal,2019-04-25 16:00:00+00:00
SZSE:300377,SSE:601998,2018-04-25 12:32:43+00:00,2019-10-27 12:32:43+00:00,1204791651,2017-12-31,SZSE:300377,1.0,1.0,equal,2018-04-25 12:32:43+00:00
SZSE:300377,SSE:601998,2019-04-25 16:00:00+00:00,2020-10-26 16:00:00+00:00,1206089588,2018-12-31,SZSE:300377,1.0,1.0,equal,2019-04-25 16:00:00+00:00
SZSE:300377,SZSE:000001,2020-04-28 16:00:00+00:00,2021-10-30 16:00:00+00:00,1207637076,2019-12-31,SZSE:300377,1.0,1.0,equal,2020-04-28 16:00:00+00:00
SZSE:300379,SSE:600050,2017-03-31 16:00:00+00:00,2018-10-02 16:00:00+00:00,1203240113,2016-12-31,SZSE:300379,1.0,1.0,equal,2017-03-31 16:00:00+00:00
SZSE:300379,SZSE:000063,2017-03-31 16:00:00+00:00,2018-10-02 16:00:00+00:00,1203240113,2016-12-31,SZSE:300379,1.0,1.0,equal,2017-03-31 16:00:00+00:00
SZSE:300380,SSE:601166,2020-04-24 16:00:00+00:00,2021-10-26 16:00:00+00:00,1207588732,2019-12-31,SZSE:300380,1.0,1.0,equal,2020-04-24 16:00:00+00:00
SZSE:300380,SSE:601169,2017-04-26 16:00:00+00:00,2018-10-28 16:00:00+00:00,1203387911,2016-12-31,SZSE:300380,1.0,1.0,equal,2017-04-26 16:00:00+00:00
SZSE:300380,SSE:601998,2016-04-16 16:00:00+00:00,2017-10-18 16:00:00+00:00,1202187035,2015-12-31,SZSE:300380,1.0,1.0,equal,2016-04-16 16:00:00+00:00
SZSE:300380,SSE:601998,2017-04-26 16:00:00+00:00,2018-10-28 16:00:00+00:00,1203387911,2016-12-31,SZSE:300380,1.0,1.0,equal,2017-04-26 16:00:00+00:00
SZSE:300380,SSE:601998,2018-04-18 16:00:00+00:00,2019-10-20 16:00:00+00:00,1204647181,2017-12-31,SZSE:300380,1.0,1.0,equal,2018-04-18 16:00:00+00:00
SZSE:300380,SSE:601998,2019-06-05 09:50:05+00:00,2020-12-06 09:50:05+00:00,1206336842,2018-12-31,SZSE:300380,1.0,1.0,equal,2019-06-05 09:50:05+00:00
SZSE:300380,SSE:601998,2021-04-27 16:00:00+00:00,2022-10-29 16:00:00+00:00,1209813401,2020-12-31,SZSE:300380,1.0,1.0,equal,2021-04-27 16:00:00+00:00
SZSE:300380,SZSE:000001,2018-04-18 16:00:00+00:00,2019-10-20 16:00:00+00:00,1204647181,2017-12-31,SZSE:300380,1.0,1.0,equal,2018-04-18 16:00:00+00:00
SZSE:300380,SZSE:000001,2019-06-05 09:50:05+00:00,2020-12-06 09:50:05+00:00,1206336842,2018-12-31,SZSE:300380,1.0,1.0,equal,2019-06-05 09:50:05+00:00
SZSE:300380,SZSE:000001,2021-04-27 16:00:00+00:00,2022-10-29 16:00:00+00:00,1209813401,2020-12-31,SZSE:300380,1.0,1.0,equal,2021-04-27 16:00:00+00:00
SZSE:300381,SZSE:300498,2016-04-22 16:00:00+00:00,2017-10-24 16:00:00+00:00,1202219714,2015-12-31,SZSE:300381,1.0,1.0,equal,2016-04-22 16:00:00+00:00
SZSE:300387,SZSE:002588,2020-04-28 16:00:00+00:00,2021-10-30 16:00:00+00:00,1207636951,2019-12-31,SZSE:300387,1.0,1.0,equal,2020-04-28 16:00:00+00:00
SZSE:300387,SZSE:002588,2021-04-27 16:00:00+00:00,2022-10-29 16:00:00+00:00,1209805772,2020-12-31,SZSE:300387,1.0,1.0,equal,2021-04-27 16:00:00+00:00
SZSE:300397,SZSE:002115,2017-04-26 16:00:00+00:00,2018-10-28 16:00:00+00:00,1203388184,2016-12-31,SZSE:300397,1.0,1.0,equal,2017-04-26 16:00:00+00:00
SZSE:300432,SSE:601633,2022-04-27 16:00:00+00:00,2023-10-29 16:00:00+00:00,1213136981,2021-12-31,SZSE:300432,1.0,1.0,equal,2022-04-27 16:00:00+00:00
SZSE:300434,SZSE:000705,2020-04-29 16:00:00+00:00,2021-10-31 16:00:00+00:00,1207663637,2019-12-31,SZSE:300434,1.0,1.0,equal,2020-04-29 16:00:00+00:00
SZSE:300434,SZSE:000705,2021-05-06 11:26:10+00:00,2022-11-07 11:26:10+00:00,1209935347,2020-12-31,SZSE:300434,1.0,1.0,equal,2021-05-06 11:26:10+00:00
SZSE:300434,SZSE:000705,2022-04-26 16:00:00+00:00,2023-10-28 16:00:00+00:00,1213099124,2021-12-31,SZSE:300434,1.0,1.0,equal,2022-04-26 16:00:00+00:00
SZSE:300448,SSE:600015,2016-04-15 16:00:00+00:00,2017-10-17 16:00:00+00:00,1202180371,2015-12-31,SZSE:300448,1.0,1.0,equal,2016-04-15 16:00:00+00:00
SZSE:300462,SZSE:000997,2016-04-25 16:00:00+00:00,2017-10-27 16:00:00+00:00,1202226246,2015-12-31,SZSE:300462,1.0,1.0,equal,2016-04-25 16:00:00+00:00
SZSE:300466,SSE:601000,2022-04-16 16:00:00+00:00,2023-10-18 16:00:00+00:00,1212943205,2021-12-31,SZSE:300466,1.0,1.0,equal,2022-04-16 16:00:00+00:00
SZSE:300466,SSE:601727,2018-04-04 16:00:00+00:00,2019-10-06 16:00:00+00:00,1204586689,2017-12-31,SZSE:300466,1.0,1.0,equal,2018-04-04 16:00:00+00:00
SZSE:300473,SZSE:000550,2016-04-09 16:00:00+00:00,2017-10-11 16:00:00+00:00,1202157353,2015-12-31,SZSE:300473,1.0,1.0,equal,2016-04-09 16:00:00+00:00
SZSE:300473,SZSE:000800,2016-04-09 16:00:00+00:00,2017-10-11 16:00:00+00:00,1202157353,2015-12-31,SZSE:300473,1.0,1.0,equal,2016-04-09 16:00:00+00:00
SZSE:300477,SSE:688517,2022-04-16 16:00:00+00:00,2023-10-18 16:00:00+00:00,1212944275,2021-12-31,SSE:688517,1.0,1.0,equal,2022-04-16 16:00:00+00:00
SZSE:300477,SZSE:002339,2019-04-18 16:00:00+00:00,2020-10-19 16:00:00+00:00,1206046475,2018-12-31,SZSE:002339,1.0,1.0,equal,2019-04-18 16:00:00+00:00
SZSE:300478,SZSE:002300,2017-04-13 16:00:00+00:00,2018-10-15 16:00:00+00:00,1203290221,2016-12-31,SZSE:002300,1.0,1.0,equal,2017-04-13 16:00:00+00:00
SZSE:300479,SSE:601328,2022-04-22 16:00:00+00:00,2023-10-24 16:00:00+00:00,1213025419,2021-12-31,SZSE:300479,1.0,1.0,equal,2022-04-22 16:00:00+00:00
SZSE:300479,SSE:601988,2016-03-31 16:00:00+00:00,2017-10-02 16:00:00+00:00,1202110997,2015-12-31,SZSE:300479,1.0,1.0,equal,2016-03-31 16:00:00+00:00
SZSE:300479,SSE:601988,2017-05-19 16:00:00+00:00,2018-11-20 16:00:00+00:00,1203536796,2016-12-31,SZSE:300479,1.0,1.0,equal,2017-05-19 16:00:00+00:00
SZSE:300479,SZSE:002261,2019-04-27 16:00:00+00:00,2020-10-28 16:00:00+00:00,1206122093,2018-12-31,SZSE:002261,1.0,1.0,equal,2019-04-27 16:00:00+00:00
SZSE:300485,SZSE:002788,2017-04-26 16:00:00+00:00,2018-10-28 16:00:00+00:00,1203381873,2016-12-31,SZSE:300485,1.0,1.0,equal,2017-04-26 16:00:00+00:00
SZSE:300504,SSE:600050,2018-04-25 16:00:00+00:00,2019-10-27 16:00:00+00:00,1204736713,2017-12-31,SZSE:300504,1.0,1.0,equal,2018-04-25 16:00:00+00:00
SZSE:300504,SSE:600050,2020-04-23 16:00:00+00:00,2021-10-25 16:00:00+00:00,1207558065,2019-12-31,SZSE:300504,1.0,1.0,equal,2020-04-23 16:00:00+00:00
SZSE:300504,SSE:600050,2021-03-27 16:00:00+00:00,2022-09-28 16:00:00+00:00,1209466016,2020-12-31,SZSE:300504,1.0,1.0,equal,2021-03-27 16:00:00+00:00
SZSE:300504,SSE:600050,2022-04-12 16:00:00+00:00,2023-10-14 16:00:00+00:00,1212887106,2021-12-31,SZSE:300504,1.0,1.0,equal,2022-04-12 16:00:00+00:00
SZSE:300504,SSE:600941,2022-04-12 16:00:00+00:00,2023-10-14 16:00:00+00:00,1212887106,2021-12-31,SZSE:300504,1.0,1.0,equal,2022-04-12 16:00:00+00:00
SZSE:300504,SSE:601728,2022-04-12 16:00:00+00:00,2023-10-14 16:00:00+00:00,1212887106,2021-12-31,SZSE:300504,1.0,1.0,equal,2022-04-12 16:00:00+00:00
SZSE:300527,SSE:600150,2020-04-29 16:00:00+00:00,2021-10-31 16:00:00+00:00,1207655904,2019-12-31,SZSE:300527,1.0,1.0,equal,2020-04-29 16:00:00+00:00
SZSE:300536,SSE:601668,2017-04-27 16:00:00+00:00,2018-10-29 16:00:00+00:00,1203403481,2016-12-31,SZSE:300536,1.0,1.0,equal,2017-04-27 16:00:00+00:00
SZSE:300536,SSE:601668,2018-01-19 16:00:00+00:00,2019-07-23 16:00:00+00:00,1204343736,2017-12-31,SZSE:300536,1.0,1.0,equal,2018-01-19 16:00:00+00:00
SZSE:300536,SSE:601668,2019-03-15 16:00:00+00:00,2020-09-15 16:00:00+00:00,1205899381,2018-12-31,SZSE:300536,1.0,1.0,equal,2019-03-15 16:00:00+00:00
SZSE:300536,SSE:601668,2020-04-10 16:00:00+00:00,2021-10-12 16:00:00+00:00,1207472566,2019-12-31,SZSE:300536,1.0,1.0,equal,2020-04-10 16:00:00+00:00
SZSE:300536,SSE:601668,2021-04-24 16:00:00+00:00,2022-10-26 16:00:00+00:00,1209791766,2020-12-31,SZSE:300536,1.0,1.0,equal,2021-04-24 16:00:00+00:00
SZSE:300536,SSE:601668,2022-04-27 12:10:31+00:00,2023-10-29 12:10:31+00:00,1213169167,2021-12-31,SZSE:300536,1.0,1.0,equal,2022-04-27 12:10:31+00:00
SZSE:300558,SSE:600713,2022-04-07 16:00:00+00:00,2023-10-09 16:00:00+00:00,1212828126,2021-12-31,SZSE:300558,1.0,1.0,equal,2022-04-07 16:00:00+00:00
SZSE:300560,SSE:600050,2017-04-15 16:00:00+00:00,2018-10-17 16:00:00+00:00,1203298753,2016-12-31,SZSE:300560,1.0,1.0,equal,2017-04-15 16:00:00+00:00
SZSE:300560,SSE:600050,2018-04-17 16:00:00+00:00,2019-10-19 16:00:00+00:00,1204639489,2017-12-31,SZSE:300560,1.0,1.0,equal,2018-04-17 16:00:00+00:00
SZSE:300560,SSE:600050,2019-04-19 16:00:00+00:00,2020-10-20 16:00:00+00:00,1206052282,2018-12-31,SZSE:300560,1.0,1.0,equal,2019-04-19 16:00:00+00:00
SZSE:300560,SSE:600050,2020-04-28 16:00:00+00:00,2021-10-30 16:00:00+00:00,1207635578,2019-12-31,SZSE:300560,1.0,1.0,equal,2020-04-28 16:00:00+00:00
SZSE:300560,SZSE:000063,2017-04-15 16:00:00+00:00,2018-10-17 16:00:00+00:00,1203298753,2016-12-31,SZSE:300560,1.0,1.0,equal,2017-04-15 16:00:00+00:00
SZSE:300560,SZSE:000063,2018-04-17 16:00:00+00:00,2019-10-19 16:00:00+00:00,1204639489,2017-12-31,SZSE:300560,1.0,1.0,equal,2018-04-17 16:00:00+00:00
SZSE:300560,SZSE:000063,2019-04-19 16:00:00+00:00,2020-10-20 16:00:00+00:00,1206052282,2018-12-31,SZSE:300560,1.0,1.0,equal,2019-04-19 16:00:00+00:00
SZSE:300560,SZSE:000063,2020-04-28 16:00:00+00:00,2021-10-30 16:00:00+00:00,1207635578,2019-12-31,SZSE:300560,1.0,1.0,equal,2020-04-28 16:00:00+00:00
SZSE:300569,SZSE:000656,2018-03-28 16:00:00+00:00,2019-09-29 16:00:00+00:00,1204525910,2017-12-31,SZSE:300569,1.0,1.0,equal,2018-03-28 16:00:00+00:00
SZSE:300585,SZSE:000951,2019-04-23 16:00:00+00:00,2020-10-24 16:00:00+00:00,1206072492,2018-12-31,SZSE:300585,1.0,1.0,equal,2019-04-23 16:00:00+00:00
SZSE:300621,SZSE:000011,2021-03-31 16:00:00+00:00,2022-10-02 16:00:00+00:00,1209492604,2020-12-31,SZSE:000011,1.0,1.0,equal,2021-03-31 16:00:00+00:00
SZSE:300630,SZSE:000963,2018-04-12 16:00:00+00:00,2019-10-14 16:00:00+00:00,1204618111,2017-12-31,SZSE:300630,1.0,1.0,equal,2018-04-12 16:00:00+00:00
SZSE:300630,SZSE:002788,2018-04-12 16:00:00+00:00,2019-10-14 16:00:00+00:00,1204618111,2017-12-31,SZSE:300630,1.0,1.0,equal,2018-04-12 16:00:00+00:00
SZSE:300770,SSE:600941,2022-04-28 16:00:00+00:00,2023-10-30 16:00:00+00:00,1213173496,2021-12-31,SZSE:300770,1.0,1.0,equal,2022-04-28 16:00:00+00:00
SZSE:300838,SSE:603279,2021-04-19 09:08:25+00:00,2022-10-21 09:08:25+00:00,1209722995,2020-12-31,SZSE:300838,1.0,1.0,equal,2021-04-19 09:08:25+00:00
SZSE:300838,SZSE:300430,2021-04-19 09:08:25+00:00,2022-10-21 09:08:25+00:00,1209722995,2020-12-31,SZSE:300838,1.0,1.0,equal,2021-04-19 09:08:25+00:00
SZSE:300876,SZSE:301081,2022-04-26 16:00:00+00:00,2023-10-28 16:00:00+00:00,1213108432,2021-12-31,SZSE:301081,1.0,1.0,equal,2022-04-26 16:00:00+00:00
SZSE:300920,SSE:603221,2021-04-24 16:00:00+00:00,2022-10-26 16:00:00+00:00,1209796297,2020-12-31,SZSE:300920,1.0,1.0,equal,2021-04-24 16:00:00+00:00
SZSE:300983,SSE:600606,2022-04-26 16:00:00+00:00,2023-10-28 16:00:00+00:00,1213097416,2021-12-31,SZSE:300983,1.0,1.0,equal,2022-04-26 16:00:00+00:00
SZSE:300985,SZSE:000951,2022-04-26 16:00:00+00:00,2023-10-28 16:00:00+00:00,1213108395,2021-12-31,SZSE:300985,1.0,1.0,equal,2022-04-26 16:00:00+00:00
SZSE:300991,SSE:603195,2022-04-15 16:00:00+00:00,2023-10-17 16:00:00+00:00,1212918807,2021-12-31,SZSE:300991,1.0,1.0,equal,2022-04-15 16:00:00+00:00
SZSE:300999,SZSE:000876,2021-04-30 16:00:00+00:00,2022-11-01 16:00:00+00:00,1209869152,2020-12-31,SZSE:000876,1.0,1.0,equal,2021-04-30 16:00:00+00:00
SZSE:300999,SZSE:000876,2022-04-28 16:00:00+00:00,2023-10-30 16:00:00+00:00,1213172601,2021-12-31,SZSE:000876,1.0,1.0,equal,2022-04-28 16:00:00+00:00
SZSE:301040,SZSE:300850,2022-04-02 16:00:00+00:00,2023-10-04 16:00:00+00:00,1212809206,2021-12-31,SZSE:301040,1.0,1.0,equal,2022-04-02 16:00:00+00:00
SZSE:301075,SSE:601607,2022-05-18 12:06:13+00:00,2023-11-19 12:06:13+00:00,1213400837,2021-12-31,SZSE:301075,1.0,1.0,equal,2022-05-18 12:06:13+00:00
SZSE:301100,SSE:600143,2022-04-15 16:00:00+00:00,2023-10-17 16:00:00+00:00,1212918957,2021-12-31,SZSE:301100,1.0,1.0,equal,2022-04-15 16:00:00+00:00
SZSE:301100,SSE:600143,2022-04-15 07:52:29+00:00,2023-10-17 07:52:29+00:00,1212939064,2021-12-31,SZSE:301100,1.0,1.0,equal,2022-04-15 07:52:29+00:00
SZSE:301130,SZSE:000950,2022-04-25 16:00:00+00:00,2023-10-27 16:00:00+00:00,1213050513,2021-12-31,SZSE:301130,1.0,1.0,equal,2022-04-25 16:00:00+00:00
SZSE:301148,SZSE:301127,2022-04-28 16:00:00+00:00,2023-10-30 16:00:00+00:00,1213165018,2021-12-31,SZSE:301148,1.0,1.0,equal,2022-04-28 16:00:00+00:00
